"card_id","tag_key"
"62540c67-dc47-599f-b1a2-29fbc7799f3d","illustration"
"62540c67-dc47-599f-b1a2-29fbc7799f3d","anime"
"62540c67-dc47-599f-b1a2-29fbc7799f3d","cinema"
"28dcb94f-e380-55ea-8c70-cbffb5e2e4c2","illustration"
"28dcb94f-e380-55ea-8c70-cbffb5e2e4c2","cinema"
"1db21c53-db7d-5a96-b4cd-6bc66bf3adf7","illustration"
"1db21c53-db7d-5a96-b4cd-6bc66bf3adf7","cinema"
"548d42fd-2bfb-53f9-a8ba-12c0bde7ef9f","illustration"
"548d42fd-2bfb-53f9-a8ba-12c0bde7ef9f","cinema"
"136b9a0f-f04c-51ec-88fa-e63c17930f56","illustration"
"136b9a0f-f04c-51ec-88fa-e63c17930f56","cinema"
"c97c0d8f-b014-58e5-b20d-58058f582692","illustration"
"c97c0d8f-b014-58e5-b20d-58058f582692","cinema"
"5eb77fc0-6076-527f-a6cb-edd6bfa169a5","illustration"
"5eb77fc0-6076-527f-a6cb-edd6bfa169a5","cinema"
"2cc2465d-f89c-5585-bb28-08ab79300e74","illustration"
"2cc2465d-f89c-5585-bb28-08ab79300e74","cinema"
"4be2a4a4-2188-5339-a08d-7f143ed0d442","illustration"
"4be2a4a4-2188-5339-a08d-7f143ed0d442","cinema"
"a50722bd-f6b4-5d7a-afdb-c2ceedd0d602","illustration"
"a50722bd-f6b4-5d7a-afdb-c2ceedd0d602","cinema"
"6d74f866-b808-5143-b7fc-db19835e1f58","illustration"
"6d74f866-b808-5143-b7fc-db19835e1f58","cinema"
"8eac796f-bd4e-579b-bf85-2bf1f0658019","illustration"
"8eac796f-bd4e-579b-bf85-2bf1f0658019","cinema"
"d2cc4660-28fb-539d-a974-b20fe1e8ea4e","illustration"
"d2cc4660-28fb-539d-a974-b20fe1e8ea4e","cinema"
"51731b64-1999-51c3-9c60-03e27164d291","montage"
"51731b64-1999-51c3-9c60-03e27164d291","photo"
"83a8f712-9d4b-53a0-bb16-4f537b99d47c","montage"
"83a8f712-9d4b-53a0-bb16-4f537b99d47c","photo"
"5f14fffa-9088-5a47-8b37-0b602a6c1d0f","montage"
"5f14fffa-9088-5a47-8b37-0b602a6c1d0f","photo"
"67640ea0-f06b-5c7b-9577-ecf9bb0614a8","montage"
"67640ea0-f06b-5c7b-9577-ecf9bb0614a8","photo"
"3c072809-e249-5c36-a629-119eca15346b","montage"
"3c072809-e249-5c36-a629-119eca15346b","photo"
"865059e2-9e09-54d5-bd90-34616f26c996","montage"
"865059e2-9e09-54d5-bd90-34616f26c996","photo"
"f143af24-781c-56d8-80b6-e9d3d45a23bc","montage"
"f143af24-781c-56d8-80b6-e9d3d45a23bc","photo"
"346cb30f-25b7-5809-826b-5398a2aa271f","montage"
"346cb30f-25b7-5809-826b-5398a2aa271f","photo"
"f0ebcd98-058b-55b7-b0d1-ee105bcd8333","montage"
"f0ebcd98-058b-55b7-b0d1-ee105bcd8333","photo"
"a06dfcca-4515-55a0-a316-4aab7abf9edd","montage"
"a06dfcca-4515-55a0-a316-4aab7abf9edd","photo"
"8694aa29-b387-5c00-9597-9b542c319c69","montage"
"8694aa29-b387-5c00-9597-9b542c319c69","photo"
"a26e3ff6-34cb-5119-a6e5-76899fa03979","montage"
"a26e3ff6-34cb-5119-a6e5-76899fa03979","photo"
"cb334d94-c548-5a9a-b052-4058bc72b773","montage"
"cb334d94-c548-5a9a-b052-4058bc72b773","photo"
"3a0f7d12-34b8-54f1-834c-d9ca900c5622","montage"
"3a0f7d12-34b8-54f1-834c-d9ca900c5622","photo"
"136f35cd-3e30-5c31-b619-36fa985e0ede","montage"
"136f35cd-3e30-5c31-b619-36fa985e0ede","photo"
"7b7b5e06-f028-541f-8e72-eb7d63960403","montage"
"7b7b5e06-f028-541f-8e72-eb7d63960403","photo"
"78535330-9ed6-5a49-8c5b-9cde3a1662f4","montage"
"78535330-9ed6-5a49-8c5b-9cde3a1662f4","photo"
"696fd2b9-24ca-5ae8-985d-708397b1028f","montage"
"696fd2b9-24ca-5ae8-985d-708397b1028f","photo"
"fccb5dff-ede2-57f7-a169-7653003f888c","montage"
"fccb5dff-ede2-57f7-a169-7653003f888c","photo"
"d6941cd5-8343-542e-93d1-1cb278b19819","montage"
"d6941cd5-8343-542e-93d1-1cb278b19819","photo"
"efb63939-2fc4-5045-a5c5-972857d27763","montage"
"efb63939-2fc4-5045-a5c5-972857d27763","photo"
"d5b4ed8a-16c3-537d-989e-4733d94939ef","montage"
"d5b4ed8a-16c3-537d-989e-4733d94939ef","photo"
"6bf19f22-7c2f-5b1b-9c82-3a6d60d9ddc3","montage"
"6bf19f22-7c2f-5b1b-9c82-3a6d60d9ddc3","photo"
"754f5601-757c-5904-a04b-3326e50a72e8","montage"
"754f5601-757c-5904-a04b-3326e50a72e8","photo"
"19666a22-ba54-5e20-ae20-8a5c90436366","montage"
"19666a22-ba54-5e20-ae20-8a5c90436366","photo"
"fda4c1ef-5173-54d9-9187-d21df7b91d06","montage"
"fda4c1ef-5173-54d9-9187-d21df7b91d06","photo"
"413dcb16-cefd-5aae-99a3-c18e581a083b","montage"
"413dcb16-cefd-5aae-99a3-c18e581a083b","photo"
"e375c53e-b0bd-59c2-983d-198a5e18b525","montage"
"e375c53e-b0bd-59c2-983d-198a5e18b525","photo"
"df59a141-0b17-541e-8316-77843f8635c0","montage"
"df59a141-0b17-541e-8316-77843f8635c0","photo"
"69763963-379c-54a3-b7c4-92547e2b26d7","montage"
"69763963-379c-54a3-b7c4-92547e2b26d7","photo"
"032bc9d0-614e-56bd-b156-21562ab9dc5f","montage"
"032bc9d0-614e-56bd-b156-21562ab9dc5f","photo"
"8350d4f5-2856-5a02-b71d-53e7496be2c7","montage"
"8350d4f5-2856-5a02-b71d-53e7496be2c7","photo"
"850cdd9b-6379-5f61-82e2-53c95d5845c3","montage"
"850cdd9b-6379-5f61-82e2-53c95d5845c3","photo"
"b1ef69a7-94dc-56f6-856b-4fba3b612ca8","montage"
"b1ef69a7-94dc-56f6-856b-4fba3b612ca8","photo"
"b568bad0-3f78-532d-8171-1fe9c3d65a77","montage"
"b568bad0-3f78-532d-8171-1fe9c3d65a77","photo"
"da6df99f-d5bc-5aec-ba47-54840b8689cc","montage"
"da6df99f-d5bc-5aec-ba47-54840b8689cc","photo"
"cc1a059d-b2aa-57d4-a2ad-1b963b25b179","montage"
"cc1a059d-b2aa-57d4-a2ad-1b963b25b179","photo"
"b96368c9-82f7-5e2e-b13c-9bbcd885ecf8","montage"
"b96368c9-82f7-5e2e-b13c-9bbcd885ecf8","photo"
"bf073c47-57e5-5709-8358-47be253670cb","montage"
"bf073c47-57e5-5709-8358-47be253670cb","photo"
"f77eca7f-af46-58df-b835-1c8661a2a34f","montage"
"f77eca7f-af46-58df-b835-1c8661a2a34f","photo"
"4edcd506-421d-50a3-adc6-0b45292dfb59","montage"
"4edcd506-421d-50a3-adc6-0b45292dfb59","photo"
"84605979-5fc0-54f5-8262-19f348fe4de9","montage"
"84605979-5fc0-54f5-8262-19f348fe4de9","photo"
"273394b1-25bd-5394-aa9b-605f441f03de","montage"
"273394b1-25bd-5394-aa9b-605f441f03de","photo"
"7502f66a-3670-571d-a48d-6aa163c24a7e","montage"
"7502f66a-3670-571d-a48d-6aa163c24a7e","photo"
"f99bc2e7-8c88-5ee0-b75b-9a236f0264b4","illustration"
"f99bc2e7-8c88-5ee0-b75b-9a236f0264b4","3d"
"cbb9f847-4496-5755-9aa2-6c66a22c6546","illustration"
"cbb9f847-4496-5755-9aa2-6c66a22c6546","3d"
"c0ba538a-a16b-5edd-92da-a2e66636ef46","illustration"
"2ea6a591-632c-57da-a704-cca5165166eb","illustration"
"4a811406-a3c3-5b96-97f6-5c50111c1e02","illustration"
"14bc6446-a410-550b-bc5e-17b86aa754ed","illustration"
"4baaeb2d-600a-5809-82fa-cf2d29e1c09a","illustration"
"51aeb007-a9e3-5f44-8496-d62df04cb11b","illustration"
"b20ec19c-33a5-564d-acf8-63ced08bbb10","illustration"
"b20ec19c-33a5-564d-acf8-63ced08bbb10","3d"
"fbd3b3ec-cc55-57f8-8111-a37e4db00cd2","illustration"
"fbd3b3ec-cc55-57f8-8111-a37e4db00cd2","3d"
"e395d25b-9c34-50cf-8455-8253166b2544","illustration"
"e395d25b-9c34-50cf-8455-8253166b2544","3d"
"1776e609-7691-5b0d-9632-c4537a885cf8","illustration"
"bc5068e2-1df1-51d8-9e97-91bc78a6a7b4","illustration"
"324d4df1-6e6a-5140-861a-88c8742c8083","illustration"
"425efc7c-f9ad-5d20-ab7f-a611d39c3e40","illustration"
"425efc7c-f9ad-5d20-ab7f-a611d39c3e40","3d"
"d9059d32-cc6b-5a61-bbb7-896675f39c69","illustration"
"d9059d32-cc6b-5a61-bbb7-896675f39c69","3d"
"7de84610-3847-5ef7-8592-0f690c7662b1","illustration"
"7de84610-3847-5ef7-8592-0f690c7662b1","3d"
"4f076d13-6c5c-529a-a2f7-ea55ac930cde","illustration"
"4f076d13-6c5c-529a-a2f7-ea55ac930cde","3d"
"07859d4e-6058-559a-bf0f-d14216cb0c2f","illustration"
"ef6effb5-8fc7-537d-9e27-cb7aa69b2e08","illustration"
"ef6effb5-8fc7-537d-9e27-cb7aa69b2e08","3d"
"cb0bd04f-c4c4-5f3e-8ef7-4101b8487090","illustration"
"0e874b2c-1b75-5897-8bba-f676f4c07b8e","illustration"
"7c2b1f9d-1d96-5e8c-b262-15f714c89445","illustration"
"24e3efe8-586f-52cc-8d84-22df4d5ffd52","illustration"
"24e3efe8-586f-52cc-8d84-22df4d5ffd52","3d"
"6570a0d7-c365-505b-a6d3-4b0772e6778e","illustration"
"6570a0d7-c365-505b-a6d3-4b0772e6778e","3d"
"bb7a624b-e281-53a7-a93b-21c706053c6a","illustration"
"bb7a624b-e281-53a7-a93b-21c706053c6a","3d"
"2455625d-cb18-5d0e-8900-d6e279481c78","illustration"
"2455625d-cb18-5d0e-8900-d6e279481c78","3d"
"510e483c-8f27-55d0-a155-10483f2f506b","illustration"
"510e483c-8f27-55d0-a155-10483f2f506b","3d"
"b6a60dcf-5626-5e41-9f3d-b064e5cfadc5","illustration"
"5944a344-cc55-587e-9990-bc77e8eaad10","illustration"
"837b2cf6-12a0-58a5-bc86-4048cf173494","illustration"
"7ca7dca0-4c01-5b95-a7d0-13cda4c2c5d6","illustration"
"104812e1-c692-50d4-a82a-2081c7bbc2c7","illustration"
"fb78c56b-d889-5175-9800-277ddd096d31","illustration"
"d9d55763-71da-54f7-8c15-5035c52ff9ae","illustration"
"ba9f8589-97f8-521e-8831-5b934939cfb0","illustration"
"7dc54f68-7519-581a-8378-a647ec4d618f","illustration"
"7377f602-f58f-50f7-baf3-6a04a8a96243","illustration"
"289c2f00-bae7-5ee1-8cf0-abe699c834cf","illustration"
"2d3d8b8d-9ef8-58e2-80cf-3e93c22bb86b","montage"
"2d3d8b8d-9ef8-58e2-80cf-3e93c22bb86b","photo"
"25b71527-4d3d-5ece-ac75-b4aa4b3036b1","montage"
"25b71527-4d3d-5ece-ac75-b4aa4b3036b1","photo"
"b72b8017-a8cf-550e-b85a-4a536457e2e1","montage"
"b72b8017-a8cf-550e-b85a-4a536457e2e1","photo"
"61acb187-0e6f-5bca-9720-84cbfd544238","montage"
"61acb187-0e6f-5bca-9720-84cbfd544238","photo"
"67e0b329-82a0-589d-ade9-9cea20ddbccf","montage"
"67e0b329-82a0-589d-ade9-9cea20ddbccf","photo"
"fe5ed32a-8967-5241-8022-4f6768f77c06","montage"
"fe5ed32a-8967-5241-8022-4f6768f77c06","photo"
"b019a321-9eb6-5ee6-8d86-cc6f0ed0d9ec","montage"
"b019a321-9eb6-5ee6-8d86-cc6f0ed0d9ec","photo"
"e8a7406f-446a-5be4-919b-1be4b0b2733f","montage"
"e8a7406f-446a-5be4-919b-1be4b0b2733f","photo"
"5c080706-d2f0-5d4a-ab74-59bb65056c88","montage"
"5c080706-d2f0-5d4a-ab74-59bb65056c88","photo"
"2032435f-c890-5f8b-9850-5212297b14b6","montage"
"2032435f-c890-5f8b-9850-5212297b14b6","photo"
"bf9248b1-05c8-5b3f-ab76-fcc15cb12f51","montage"
"bf9248b1-05c8-5b3f-ab76-fcc15cb12f51","photo"
"8a36b9a1-50ce-54dd-ba7e-e62aa3673563","montage"
"8a36b9a1-50ce-54dd-ba7e-e62aa3673563","photo"
"1d2f97e6-5ef0-5eb6-9b97-44735e83cc8c","montage"
"1d2f97e6-5ef0-5eb6-9b97-44735e83cc8c","photo"
"633a7560-8b76-5bef-a62b-e90ca1fdc0d3","montage"
"633a7560-8b76-5bef-a62b-e90ca1fdc0d3","photo"
"95d5b2a3-b82f-5d8f-914a-51b1596ef281","montage"
"95d5b2a3-b82f-5d8f-914a-51b1596ef281","photo"
"44939fed-de83-584c-9236-131c63a8a285","montage"
"44939fed-de83-584c-9236-131c63a8a285","photo"
"25dd2ef7-7dd2-5a7a-a523-37b21c77e2b4","montage"
"25dd2ef7-7dd2-5a7a-a523-37b21c77e2b4","photo"
"496f6f86-edba-5ecb-aab1-22c5647def66","montage"
"496f6f86-edba-5ecb-aab1-22c5647def66","photo"
"0ec2b615-20c1-5a66-b235-7777032dc5bc","montage"
"0ec2b615-20c1-5a66-b235-7777032dc5bc","photo"
"8bb4dd03-0ffc-545b-8f98-e7935c4c32d9","montage"
"8bb4dd03-0ffc-545b-8f98-e7935c4c32d9","photo"
"f77169cc-ddf0-5135-bf80-e6b35d345af1","montage"
"f77169cc-ddf0-5135-bf80-e6b35d345af1","photo"
"d82458d6-eb24-5b48-9e0d-855f44b3d752","montage"
"d82458d6-eb24-5b48-9e0d-855f44b3d752","photo"
"4ec21f9f-421d-5f25-b778-40c0c4837078","montage"
"4ec21f9f-421d-5f25-b778-40c0c4837078","photo"
"d173c91d-a41f-53d1-9d11-0584e1826dcc","montage"
"d173c91d-a41f-53d1-9d11-0584e1826dcc","photo"
"17187f54-61d5-50f7-b090-8ca0fddb7844","montage"
"17187f54-61d5-50f7-b090-8ca0fddb7844","photo"
"e2123798-9ce8-5bb4-b299-d184a824257f","montage"
"e2123798-9ce8-5bb4-b299-d184a824257f","photo"
"7616a862-048c-54b6-bcd9-c250a4d27dd9","montage"
"7616a862-048c-54b6-bcd9-c250a4d27dd9","photo"
"f2c5d456-498f-5a48-872e-dfa4a9a35f0d","montage"
"f2c5d456-498f-5a48-872e-dfa4a9a35f0d","photo"
"2a661948-5cdc-5648-b23d-a1fdec96e98f","montage"
"2a661948-5cdc-5648-b23d-a1fdec96e98f","photo"
"d6829b03-c3fa-55b8-adb5-20bde7814dd3","montage"
"d6829b03-c3fa-55b8-adb5-20bde7814dd3","photo"
"14c95081-d96d-5405-bcde-6ebffede64ff","montage"
"14c95081-d96d-5405-bcde-6ebffede64ff","photo"
"b9f3e599-55b1-5dd0-8d75-ce167256ec50","montage"
"b9f3e599-55b1-5dd0-8d75-ce167256ec50","photo"
"971f92c1-71cb-5f7e-ae86-91b1a8b06e78","montage"
"971f92c1-71cb-5f7e-ae86-91b1a8b06e78","photo"
"d0ac422b-be2a-5a3a-af06-634fea3479b8","montage"
"d0ac422b-be2a-5a3a-af06-634fea3479b8","photo"
"9e810b39-31d3-53d4-8da5-82499a32b9e8","montage"
"9e810b39-31d3-53d4-8da5-82499a32b9e8","photo"
"3dc3f734-d028-57c5-a018-222776f0ebbe","montage"
"3dc3f734-d028-57c5-a018-222776f0ebbe","photo"
"daf9dbcc-f154-5a8d-af89-8ac278e70b3b","montage"
"daf9dbcc-f154-5a8d-af89-8ac278e70b3b","photo"
"25c639f4-5a09-519d-9eae-672c19799c20","montage"
"25c639f4-5a09-519d-9eae-672c19799c20","photo"
"6e8ebc67-8a16-5fcf-8305-7e6af71d51f5","montage"
"6e8ebc67-8a16-5fcf-8305-7e6af71d51f5","photo"
"3212b4b7-f7b6-57b7-a16c-f50502d0d68c","humour"
"3212b4b7-f7b6-57b7-a16c-f50502d0d68c","3d"
"8e9191f0-ea7f-56f7-a2af-f295f89ec2cb","humour"
"8e9191f0-ea7f-56f7-a2af-f295f89ec2cb","3d"
"3ad6a7a9-8ba1-58ac-8349-e590bc5ee58a","humour"
"3ad6a7a9-8ba1-58ac-8349-e590bc5ee58a","3d"
"13b77725-0454-5ca8-b7d6-822daa916af4","humour"
"13b77725-0454-5ca8-b7d6-822daa916af4","3d"
"cc6f3c56-afa0-5003-89f0-c19d83a63574","humour"
"cc6f3c56-afa0-5003-89f0-c19d83a63574","3d"
"fc04c5dd-1fc0-5bfa-a890-57ccabbcd582","humour"
"fc04c5dd-1fc0-5bfa-a890-57ccabbcd582","3d"
"09333268-9d52-58a8-b388-3d34b3f40ccd","humour"
"09333268-9d52-58a8-b388-3d34b3f40ccd","3d"
"fddd5a57-9d89-56ff-ad36-278f0294bd1e","objet"
"fddd5a57-9d89-56ff-ad36-278f0294bd1e","humour"
"fddd5a57-9d89-56ff-ad36-278f0294bd1e","3d"
"cf3d1ce9-8097-5bd6-baf7-d43af9ffa929","humour"
"cf3d1ce9-8097-5bd6-baf7-d43af9ffa929","3d"
"1bae00a0-d9cb-530d-a537-aaa8d0b7fe0f","retro"
"1bae00a0-d9cb-530d-a537-aaa8d0b7fe0f","portrait"
"1bae00a0-d9cb-530d-a537-aaa8d0b7fe0f","photo"
"a21212aa-f6e5-536e-a5bd-b1bec8a0fe92","portrait"
"a21212aa-f6e5-536e-a5bd-b1bec8a0fe92","photo"
"ce832e5f-71ea-507f-abe4-46917aec1dda","portrait"
"ce832e5f-71ea-507f-abe4-46917aec1dda","photo"
"89c6c830-cb08-5cf6-91a6-e140974e1ae2","portrait"
"89c6c830-cb08-5cf6-91a6-e140974e1ae2","photo"
"7a19179c-6d14-5930-be35-53671f2b5676","portrait"
"7a19179c-6d14-5930-be35-53671f2b5676","photo"
"c057dd4b-37af-5fb3-b631-4d1ed4bdf1f0","retro"
"c057dd4b-37af-5fb3-b631-4d1ed4bdf1f0","portrait"
"c057dd4b-37af-5fb3-b631-4d1ed4bdf1f0","photo"
"703fabea-6bda-55f6-810d-2b41b2628de8","retro"
"703fabea-6bda-55f6-810d-2b41b2628de8","portrait"
"703fabea-6bda-55f6-810d-2b41b2628de8","photo"
"9bc7ed33-5842-5229-bc10-1d055406043c","retro"
"9bc7ed33-5842-5229-bc10-1d055406043c","portrait"
"9bc7ed33-5842-5229-bc10-1d055406043c","photo"
"ccfcbf30-b270-54d6-b78a-0d363d0c7a8d","portrait"
"ccfcbf30-b270-54d6-b78a-0d363d0c7a8d","photo"
"026b633b-2467-5f1e-a972-7086cd684266","portrait"
"026b633b-2467-5f1e-a972-7086cd684266","photo"
"aac93a57-5ebc-51b3-a6a6-fb9233f3857b","portrait"
"aac93a57-5ebc-51b3-a6a6-fb9233f3857b","photo"
"0cd59aaf-b737-5ac3-829f-1bcf552fb57e","portrait"
"0cd59aaf-b737-5ac3-829f-1bcf552fb57e","photo"
"192403fe-9e4a-5803-8eb8-79a2d430f7c8","portrait"
"192403fe-9e4a-5803-8eb8-79a2d430f7c8","photo"
"8143e961-9490-5ec3-8077-5b105e162159","portrait"
"8143e961-9490-5ec3-8077-5b105e162159","photo"
"072c427d-40a4-574a-8178-27aa0c82662e","portrait"
"072c427d-40a4-574a-8178-27aa0c82662e","photo"
"968541aa-8c2c-5836-ab82-365c4c40615e","portrait"
"968541aa-8c2c-5836-ab82-365c4c40615e","photo"
"de10b7a1-880a-579f-81f3-3e9927b0f7cc","portrait"
"de10b7a1-880a-579f-81f3-3e9927b0f7cc","photo"
"afb1a1cf-4a6a-5cba-9398-2d26794f04d8","portrait"
"afb1a1cf-4a6a-5cba-9398-2d26794f04d8","photo"
"814e38ea-b507-52fd-a928-9ac363bb4f50","portrait"
"814e38ea-b507-52fd-a928-9ac363bb4f50","photo"
"11095eaf-6899-5a43-82f2-e7d359b7aff1","portrait"
"11095eaf-6899-5a43-82f2-e7d359b7aff1","photo"
"c060825b-fda1-51db-9bcb-bc2fa7be1bcb","portrait"
"c060825b-fda1-51db-9bcb-bc2fa7be1bcb","photo"
"21745d50-afe1-5fbb-b7b0-74482e3e73e1","portrait"
"21745d50-afe1-5fbb-b7b0-74482e3e73e1","photo"
"b106326c-8dd6-5b39-a66d-e24951b8a45a","portrait"
"b106326c-8dd6-5b39-a66d-e24951b8a45a","photo"
"b425640e-eb07-50f3-b12b-5d508884f7f3","portrait"
"b425640e-eb07-50f3-b12b-5d508884f7f3","photo"
"b2244129-ab07-5543-a05d-32dde324dc25","portrait"
"b2244129-ab07-5543-a05d-32dde324dc25","photo"
"e5f94555-dcd7-504c-b904-4c7ede442a76","portrait"
"e5f94555-dcd7-504c-b904-4c7ede442a76","photo"
"d0a34182-20f5-5b61-a4db-f8854b38b7dc","portrait"
"d0a34182-20f5-5b61-a4db-f8854b38b7dc","photo"
"b50c6c66-9f06-5959-8fa7-8f3767ef509f","portrait"
"b50c6c66-9f06-5959-8fa7-8f3767ef509f","photo"
"bce102e4-1ad3-5ea5-8865-4dea6e73a422","portrait"
"bce102e4-1ad3-5ea5-8865-4dea6e73a422","photo"
"54fe3301-3152-5733-b4b5-98c4e99ce316","portrait"
"54fe3301-3152-5733-b4b5-98c4e99ce316","photo"
"dc3631de-3cd6-5697-8282-eda989f14c71","portrait"
"dc3631de-3cd6-5697-8282-eda989f14c71","photo"
"f5d8af7b-3349-52cf-b27d-b144a9855d54","portrait"
"f5d8af7b-3349-52cf-b27d-b144a9855d54","photo"
"a8f802db-855d-54f3-a100-abcf6c556906","portrait"
"a8f802db-855d-54f3-a100-abcf6c556906","photo"
"586d097d-d196-5e35-a395-6d99eb93fa0e","portrait"
"586d097d-d196-5e35-a395-6d99eb93fa0e","photo"
"e9ad20d0-62ae-5dd8-b8f8-19f2ff30dd73","portrait"
"e9ad20d0-62ae-5dd8-b8f8-19f2ff30dd73","photo"
"51429743-2358-5739-8c25-30793c7fc75b","portrait"
"51429743-2358-5739-8c25-30793c7fc75b","photo"
"4b2a3e2e-fc4e-5ed4-ae4c-2529f3071caa","portrait"
"4b2a3e2e-fc4e-5ed4-ae4c-2529f3071caa","photo"
"9133b2d2-f3a6-5f84-abf5-d913ea03d6a3","portrait"
"9133b2d2-f3a6-5f84-abf5-d913ea03d6a3","photo"
"ebd506ef-e2af-5807-b209-66862b94428f","portrait"
"ebd506ef-e2af-5807-b209-66862b94428f","photo"
"89259550-cd25-59a0-a5b4-5996e93a7c79","retro"
"89259550-cd25-59a0-a5b4-5996e93a7c79","portrait"
"89259550-cd25-59a0-a5b4-5996e93a7c79","photo"
"dd7794aa-0590-5bf8-b8fb-58598f683bf5","retro"
"dd7794aa-0590-5bf8-b8fb-58598f683bf5","portrait"
"dd7794aa-0590-5bf8-b8fb-58598f683bf5","photo"
"d49da699-fccb-5fc6-a40b-e04137197e94","retro"
"d49da699-fccb-5fc6-a40b-e04137197e94","portrait"
"d49da699-fccb-5fc6-a40b-e04137197e94","photo"
"b4146cbd-6c9a-565c-be00-832ae9087f5f","retro"
"b4146cbd-6c9a-565c-be00-832ae9087f5f","portrait"
"b4146cbd-6c9a-565c-be00-832ae9087f5f","photo"
"dce13b4f-4c77-564d-b718-3d9774a1d4b2","portrait"
"dce13b4f-4c77-564d-b718-3d9774a1d4b2","photo"
"a12dce56-69b3-5d76-ba04-2f3c75206a02","portrait"
"a12dce56-69b3-5d76-ba04-2f3c75206a02","photo"
"59fd01c3-2ce0-5872-bd80-bf56c3caea1a","portrait"
"59fd01c3-2ce0-5872-bd80-bf56c3caea1a","photo"
"35e975d0-5353-5891-8956-64006820131e","portrait"
"35e975d0-5353-5891-8956-64006820131e","photo"
"beb921d7-0d1c-57a6-92f2-d4f79fa37e3c","portrait"
"beb921d7-0d1c-57a6-92f2-d4f79fa37e3c","photo"
"1ccc128c-e25f-5cbd-afc9-23a12cc57b49","portrait"
"1ccc128c-e25f-5cbd-afc9-23a12cc57b49","photo"
"20dd7a2f-5570-5ffc-bd7d-b2e0a27e0010","portrait"
"20dd7a2f-5570-5ffc-bd7d-b2e0a27e0010","photo"
"e1383e88-47de-59e5-93d3-674e7efbc061","portrait"
"e1383e88-47de-59e5-93d3-674e7efbc061","photo"
"85421fda-6da0-51d4-9239-c2e08651ab8d","portrait"
"85421fda-6da0-51d4-9239-c2e08651ab8d","photo"
"a9df58ee-e4aa-5483-a3f7-de799ec1ab12","portrait"
"a9df58ee-e4aa-5483-a3f7-de799ec1ab12","photo"
"268f71d5-a19e-5233-925b-0c9e4a423c3e","portrait"
"268f71d5-a19e-5233-925b-0c9e4a423c3e","photo"
"ec0da91a-ee8e-58d5-8b26-4319302c71ae","portrait"
"ec0da91a-ee8e-58d5-8b26-4319302c71ae","photo"
"6389d770-e89a-5e25-87c9-24921e22af15","retro"
"6389d770-e89a-5e25-87c9-24921e22af15","portrait"
"6389d770-e89a-5e25-87c9-24921e22af15","photo"
"14f64313-5c44-516a-a06f-119dabffbd14","portrait"
"14f64313-5c44-516a-a06f-119dabffbd14","mode"
"14f64313-5c44-516a-a06f-119dabffbd14","photo"
"89356151-1f0e-5506-bb4e-f4564b576917","portrait"
"89356151-1f0e-5506-bb4e-f4564b576917","mode"
"89356151-1f0e-5506-bb4e-f4564b576917","photo"
"90b5c36b-79ec-5916-a521-b70e02df0a37","portrait"
"90b5c36b-79ec-5916-a521-b70e02df0a37","mode"
"90b5c36b-79ec-5916-a521-b70e02df0a37","photo"
"2a17d1a7-6f4c-554b-861c-f3045d5326cb","portrait"
"2a17d1a7-6f4c-554b-861c-f3045d5326cb","mode"
"2a17d1a7-6f4c-554b-861c-f3045d5326cb","photo"
"bea2041c-0a24-5135-b120-46ea83f0891c","portrait"
"bea2041c-0a24-5135-b120-46ea83f0891c","mode"
"bea2041c-0a24-5135-b120-46ea83f0891c","photo"
"8e9979d7-70c1-517d-a97d-627efc811ab3","portrait"
"8e9979d7-70c1-517d-a97d-627efc811ab3","mode"
"8e9979d7-70c1-517d-a97d-627efc811ab3","photo"
"214613b7-b306-5a12-ab37-898efae5e15a","portrait"
"214613b7-b306-5a12-ab37-898efae5e15a","mode"
"214613b7-b306-5a12-ab37-898efae5e15a","photo"
"1e8ea01d-bcb4-5526-8a8f-d2ceb159ee28","portrait"
"1e8ea01d-bcb4-5526-8a8f-d2ceb159ee28","mode"
"1e8ea01d-bcb4-5526-8a8f-d2ceb159ee28","photo"
"cdc8fce2-dddc-53e5-b1b9-1a217e7e0590","portrait"
"cdc8fce2-dddc-53e5-b1b9-1a217e7e0590","mode"
"cdc8fce2-dddc-53e5-b1b9-1a217e7e0590","photo"
"e7a2184e-9262-5596-a6e9-d67263ab90a5","portrait"
"e7a2184e-9262-5596-a6e9-d67263ab90a5","mode"
"e7a2184e-9262-5596-a6e9-d67263ab90a5","photo"
"0247b454-bbb2-5d6a-9065-2a8ce615e70c","portrait"
"0247b454-bbb2-5d6a-9065-2a8ce615e70c","mode"
"0247b454-bbb2-5d6a-9065-2a8ce615e70c","photo"
"10197034-4987-5a0f-9c6e-b53dbbf6e3b4","portrait"
"10197034-4987-5a0f-9c6e-b53dbbf6e3b4","mode"
"10197034-4987-5a0f-9c6e-b53dbbf6e3b4","photo"
"daa4b187-7efd-5f4b-bebd-26f2d4eca70d","portrait"
"daa4b187-7efd-5f4b-bebd-26f2d4eca70d","mode"
"daa4b187-7efd-5f4b-bebd-26f2d4eca70d","photo"
"7ff5303c-e5df-5e64-b8b9-387e8443570b","portrait"
"7ff5303c-e5df-5e64-b8b9-387e8443570b","mode"
"7ff5303c-e5df-5e64-b8b9-387e8443570b","photo"
"c950540c-f35b-55d0-842a-bfe4a163bbe1","portrait"
"c950540c-f35b-55d0-842a-bfe4a163bbe1","mode"
"c950540c-f35b-55d0-842a-bfe4a163bbe1","photo"
"6348282a-db61-5de7-ba16-2778d3571249","portrait"
"6348282a-db61-5de7-ba16-2778d3571249","mode"
"6348282a-db61-5de7-ba16-2778d3571249","photo"
"1e2bbc92-60b3-5631-b3cd-516dc47c1da6","portrait"
"1e2bbc92-60b3-5631-b3cd-516dc47c1da6","souvenir"
"1e2bbc92-60b3-5631-b3cd-516dc47c1da6","photo"
"b79a0918-c70c-5339-90d7-a1cd12128423","portrait"
"b79a0918-c70c-5339-90d7-a1cd12128423","souvenir"
"b79a0918-c70c-5339-90d7-a1cd12128423","photo"
"0a06c646-960a-52b5-a144-0a516a7c9428","portrait"
"0a06c646-960a-52b5-a144-0a516a7c9428","souvenir"
"0a06c646-960a-52b5-a144-0a516a7c9428","photo"
"28e1b141-217e-583d-a2a2-8595b439e732","portrait"
"28e1b141-217e-583d-a2a2-8595b439e732","souvenir"
"28e1b141-217e-583d-a2a2-8595b439e732","photo"
"fb0780fc-2e94-5495-bad0-ad92ac71180f","portrait"
"fb0780fc-2e94-5495-bad0-ad92ac71180f","souvenir"
"fb0780fc-2e94-5495-bad0-ad92ac71180f","photo"
"79a02205-e145-5943-b318-48dfe76bdac8","portrait"
"79a02205-e145-5943-b318-48dfe76bdac8","souvenir"
"79a02205-e145-5943-b318-48dfe76bdac8","photo"
"a5c6d9ba-b7d8-57b1-99fe-0d8f1cfdadba","portrait"
"a5c6d9ba-b7d8-57b1-99fe-0d8f1cfdadba","souvenir"
"a5c6d9ba-b7d8-57b1-99fe-0d8f1cfdadba","photo"
"d2c26f64-a0a5-5e4a-b355-f89dc2db731b","portrait"
"d2c26f64-a0a5-5e4a-b355-f89dc2db731b","souvenir"
"d2c26f64-a0a5-5e4a-b355-f89dc2db731b","photo"
"0b98825c-cbbf-56e6-aef9-f675a57c85fb","portrait"
"0b98825c-cbbf-56e6-aef9-f675a57c85fb","souvenir"
"0b98825c-cbbf-56e6-aef9-f675a57c85fb","photo"
"666d1332-1660-5a72-95d7-5a78b574fb4a","portrait"
"666d1332-1660-5a72-95d7-5a78b574fb4a","souvenir"
"666d1332-1660-5a72-95d7-5a78b574fb4a","photo"
"4d0e9969-f382-549a-b044-03de806b6b33","portrait"
"4d0e9969-f382-549a-b044-03de806b6b33","souvenir"
"4d0e9969-f382-549a-b044-03de806b6b33","photo"
"274ab024-1225-539c-89b4-4bf17d17aeef","portrait"
"274ab024-1225-539c-89b4-4bf17d17aeef","souvenir"
"274ab024-1225-539c-89b4-4bf17d17aeef","photo"
"b5edd38a-ede6-565f-ab62-fc3e87efcf91","portrait"
"b5edd38a-ede6-565f-ab62-fc3e87efcf91","souvenir"
"b5edd38a-ede6-565f-ab62-fc3e87efcf91","photo"
"c7ddd304-e9b0-501c-9ca9-20d40aa0869e","portrait"
"c7ddd304-e9b0-501c-9ca9-20d40aa0869e","souvenir"
"c7ddd304-e9b0-501c-9ca9-20d40aa0869e","photo"
"67da61b1-3dcc-5725-8897-4ae865ea7865","portrait"
"67da61b1-3dcc-5725-8897-4ae865ea7865","photo"
"1b953fbf-5504-5b0a-8e51-71eb3603c35b","portrait"
"1b953fbf-5504-5b0a-8e51-71eb3603c35b","photo"
"5e5ca752-5210-5a46-be75-7ff92bdca710","portrait"
"5e5ca752-5210-5a46-be75-7ff92bdca710","photo"
"4003cfdf-6ec9-510b-94eb-f75450bc19dc","portrait"
"4003cfdf-6ec9-510b-94eb-f75450bc19dc","photo"
"ced35e7e-2e10-5779-8cc8-479cf6c389b4","portrait"
"ced35e7e-2e10-5779-8cc8-479cf6c389b4","photo"
"11ab1b4c-e94d-5ad8-a470-4cb5b5d4f34d","portrait"
"11ab1b4c-e94d-5ad8-a470-4cb5b5d4f34d","photo"
"036971c4-cb6d-537c-850a-1d148297d512","portrait"
"036971c4-cb6d-537c-850a-1d148297d512","photo"
"06074999-7bf7-5880-9bdf-3a8618a2b137","portrait"
"06074999-7bf7-5880-9bdf-3a8618a2b137","photo"
"9d42c561-d5dd-555b-b5b2-2ef9e995e5e8","portrait"
"9d42c561-d5dd-555b-b5b2-2ef9e995e5e8","photo"
"db27579b-f0c0-5c4e-bf81-66982e1297e0","portrait"
"db27579b-f0c0-5c4e-bf81-66982e1297e0","photo"
"16af2370-200d-57f3-a394-06b84aa0545d","portrait"
"16af2370-200d-57f3-a394-06b84aa0545d","photo"
"19028150-77ac-5447-ad3e-b6749f8ba3e7","portrait"
"19028150-77ac-5447-ad3e-b6749f8ba3e7","photo"
"25257b86-d71b-5a60-bc21-736df9daf8aa","portrait"
"25257b86-d71b-5a60-bc21-736df9daf8aa","photo"
"75b7c40d-5cbe-56cb-8cf1-43dcd4c81da6","portrait"
"75b7c40d-5cbe-56cb-8cf1-43dcd4c81da6","photo"
"bcb94bda-0a73-564e-acf9-00b5eda85433","portrait"
"bcb94bda-0a73-564e-acf9-00b5eda85433","photo"
"3bac31e2-6def-531a-b714-f24de3807bba","portrait"
"3bac31e2-6def-531a-b714-f24de3807bba","photo"
"01eafb1f-91cd-5eb2-8ae3-c49a3dad4ec8","portrait"
"01eafb1f-91cd-5eb2-8ae3-c49a3dad4ec8","photo"
"80c6805a-0347-550d-9abd-0a47a637a075","portrait"
"80c6805a-0347-550d-9abd-0a47a637a075","photo"
"2f7c9b30-7974-51d5-ac58-68aec1445ac0","portrait"
"2f7c9b30-7974-51d5-ac58-68aec1445ac0","photo"
"d13ab44c-7f77-5827-8268-6f95222a931f","retouche"
"d13ab44c-7f77-5827-8268-6f95222a931f","photo"
"befc2269-e13e-5349-80eb-20f5edac9bc3","retouche"
"befc2269-e13e-5349-80eb-20f5edac9bc3","photo"
"1adbedfe-22aa-5c1b-bb21-631928bdb2ea","retouche"
"1adbedfe-22aa-5c1b-bb21-631928bdb2ea","photo"
"6a3e6e03-490e-536b-bb26-bb2441af15a0","architecture"
"6a3e6e03-490e-536b-bb26-bb2441af15a0","photo"
"95b66e5a-17af-5f96-af61-d6c817374be5","architecture"
"95b66e5a-17af-5f96-af61-d6c817374be5","photo"
"10b33540-1632-5ae6-8843-0e4dabc6139b","architecture"
"10b33540-1632-5ae6-8843-0e4dabc6139b","photo"
"61befe91-57b0-5dc1-a08e-6d523d8513f0","architecture"
"61befe91-57b0-5dc1-a08e-6d523d8513f0","photo"
"d85801e0-d2f9-5c35-be97-5447bf5f2c9b","architecture"
"d85801e0-d2f9-5c35-be97-5447bf5f2c9b","photo"
"ebbe5a29-19e1-596d-bab8-7e5333667c40","architecture"
"ebbe5a29-19e1-596d-bab8-7e5333667c40","photo"
"9566f0fb-1d9b-5021-9e37-3dd61d80f72d","marque"
"9566f0fb-1d9b-5021-9e37-3dd61d80f72d","publicite"
"d65c96b2-21e6-5c5b-b694-6f38dd1c1c34","marque"
"d65c96b2-21e6-5c5b-b694-6f38dd1c1c34","publicite"
"fe2316bb-cdad-578c-ae80-a7252523a4a1","reseaux"
"fe2316bb-cdad-578c-ae80-a7252523a4a1","produit"
"fe2316bb-cdad-578c-ae80-a7252523a4a1","publicite"
"2fe47c2b-6af0-51f7-b844-1e6d891a591d","reseaux"
"2fe47c2b-6af0-51f7-b844-1e6d891a591d","portrait"
"2fe47c2b-6af0-51f7-b844-1e6d891a591d","couverture"
"e1858575-2c7e-57be-a028-698a3dde60e9","reseaux"
"e1858575-2c7e-57be-a028-698a3dde60e9","portrait"
"e1858575-2c7e-57be-a028-698a3dde60e9","couverture"
"18bbdb00-3733-52e7-bbfa-4d44abcd0a39","reseaux"
"18bbdb00-3733-52e7-bbfa-4d44abcd0a39","portrait"
"18bbdb00-3733-52e7-bbfa-4d44abcd0a39","couverture"
"15c182d4-dd36-5301-8738-761b39e077df","reseaux"
"15c182d4-dd36-5301-8738-761b39e077df","portrait"
"15c182d4-dd36-5301-8738-761b39e077df","couverture"
"2c9026ed-b4bc-5952-b784-21876de4ac42","reseaux"
"2c9026ed-b4bc-5952-b784-21876de4ac42","portrait"
"2c9026ed-b4bc-5952-b784-21876de4ac42","couverture"
"578331a0-692a-57b1-a6f1-0c44da95690c","reseaux"
"578331a0-692a-57b1-a6f1-0c44da95690c","portrait"
"578331a0-692a-57b1-a6f1-0c44da95690c","couverture"
"061d53a2-3acd-5409-a4c5-b40f7f828620","reseaux"
"061d53a2-3acd-5409-a4c5-b40f7f828620","portrait"
"061d53a2-3acd-5409-a4c5-b40f7f828620","couverture"
"4cfc4307-9d89-5a8b-afb9-1945323ef43c","reseaux"
"4cfc4307-9d89-5a8b-afb9-1945323ef43c","portrait"
"4cfc4307-9d89-5a8b-afb9-1945323ef43c","couverture"
"a4359ca8-95bf-5c5b-bd77-895f4bea0e3e","reseaux"
"a4359ca8-95bf-5c5b-bd77-895f4bea0e3e","portrait"
"a4359ca8-95bf-5c5b-bd77-895f4bea0e3e","couverture"
"035abb88-ec47-5ec6-97dc-ede95dbbbcc0","reseaux"
"035abb88-ec47-5ec6-97dc-ede95dbbbcc0","portrait"
"035abb88-ec47-5ec6-97dc-ede95dbbbcc0","couverture"
"0eebcfe0-4133-5c6d-b12e-b2a5b2c336d1","reseaux"
"0eebcfe0-4133-5c6d-b12e-b2a5b2c336d1","portrait"
"0eebcfe0-4133-5c6d-b12e-b2a5b2c336d1","couverture"
"fad941ac-bd5b-5ac1-bbbf-ef712a9ed614","reseaux"
"fad941ac-bd5b-5ac1-bbbf-ef712a9ed614","portrait"
"fad941ac-bd5b-5ac1-bbbf-ef712a9ed614","couverture"
"c012fd52-4f4b-55ee-995b-7e344589ba90","reseaux"
"c012fd52-4f4b-55ee-995b-7e344589ba90","portrait"
"c012fd52-4f4b-55ee-995b-7e344589ba90","couverture"
"d649db25-c46c-557d-b557-4ab7339beff6","reseaux"
"d649db25-c46c-557d-b557-4ab7339beff6","portrait"
"d649db25-c46c-557d-b557-4ab7339beff6","couverture"
"f5146d8c-c841-591f-bfa7-3b76e5705cb5","reseaux"
"f5146d8c-c841-591f-bfa7-3b76e5705cb5","portrait"
"f5146d8c-c841-591f-bfa7-3b76e5705cb5","couverture"
"d57c60de-6d53-56db-a842-de57baa8ba62","reseaux"
"d57c60de-6d53-56db-a842-de57baa8ba62","portrait"
"d57c60de-6d53-56db-a842-de57baa8ba62","couverture"
"af0fe578-af33-5757-8bfe-0c6f9000a12b","publicite"
"af0fe578-af33-5757-8bfe-0c6f9000a12b","affiche"
"83890cf0-1d77-5657-9cf4-809afa65df43","publicite"
"83890cf0-1d77-5657-9cf4-809afa65df43","affiche"
"93322cff-22d0-5bb6-99f3-40735eb15563","publicite"
"93322cff-22d0-5bb6-99f3-40735eb15563","affiche"
"313c5fdc-2749-5016-9147-8f8d76b34903","publicite"
"313c5fdc-2749-5016-9147-8f8d76b34903","affiche"
"34d46393-bdf0-5f4e-9aec-7af2b7ff06ba","plan"
"34d46393-bdf0-5f4e-9aec-7af2b7ff06ba","schema"
"34d46393-bdf0-5f4e-9aec-7af2b7ff06ba","apprentissage"
"53a25fc2-170c-5b8d-bff7-cad2accdedd5","plan"
"53a25fc2-170c-5b8d-bff7-cad2accdedd5","schema"
"53a25fc2-170c-5b8d-bff7-cad2accdedd5","apprentissage"
"c072d47e-a713-5a7a-b6a9-6f10bf45e87d","plan"
"c072d47e-a713-5a7a-b6a9-6f10bf45e87d","schema"
"c072d47e-a713-5a7a-b6a9-6f10bf45e87d","apprentissage"
"d3843750-c236-52ef-bb1d-449bf6422a51","plan"
"d3843750-c236-52ef-bb1d-449bf6422a51","schema"
"d3843750-c236-52ef-bb1d-449bf6422a51","apprentissage"
"5239d03b-ff99-5864-ac66-2f7aed337a6f","schema"
"5239d03b-ff99-5864-ac66-2f7aed337a6f","apprentissage"
"5239d03b-ff99-5864-ac66-2f7aed337a6f","donnees"
"714e6929-7672-5c4d-83ce-73a64d01e15b","schema"
"714e6929-7672-5c4d-83ce-73a64d01e15b","apprentissage"
"714e6929-7672-5c4d-83ce-73a64d01e15b","donnees"
"1dec8a9f-8dea-58c0-b05c-5ddee9e29df6","schema"
"1dec8a9f-8dea-58c0-b05c-5ddee9e29df6","apprentissage"
"1dec8a9f-8dea-58c0-b05c-5ddee9e29df6","donnees"
"f6792704-e9aa-59d7-b8cf-d36caed87aa7","schema"
"f6792704-e9aa-59d7-b8cf-d36caed87aa7","apprentissage"
"f6792704-e9aa-59d7-b8cf-d36caed87aa7","donnees"
"7bfb2971-1d9c-525c-a2a2-e65e2e8bb8db","schema"
"7bfb2971-1d9c-525c-a2a2-e65e2e8bb8db","apprentissage"
"7bfb2971-1d9c-525c-a2a2-e65e2e8bb8db","donnees"
"d2d68c84-ae9b-582d-a71f-f55f695de94b","schema"
"d2d68c84-ae9b-582d-a71f-f55f695de94b","apprentissage"
"d2d68c84-ae9b-582d-a71f-f55f695de94b","donnees"
"192a147e-acb1-5ee8-a10c-37defd005669","schema"
"192a147e-acb1-5ee8-a10c-37defd005669","apprentissage"
"192a147e-acb1-5ee8-a10c-37defd005669","donnees"
"311596b0-2eac-5e44-9c64-435b228d0594","schema"
"311596b0-2eac-5e44-9c64-435b228d0594","apprentissage"
"311596b0-2eac-5e44-9c64-435b228d0594","donnees"
"408b450f-dd2a-5635-8fa8-26e1c3b68dd6","schema"
"408b450f-dd2a-5635-8fa8-26e1c3b68dd6","apprentissage"
"408b450f-dd2a-5635-8fa8-26e1c3b68dd6","donnees"
"0f5efe91-249d-5d08-96e0-ea1ad5464a42","schema"
"0f5efe91-249d-5d08-96e0-ea1ad5464a42","apprentissage"
"0f5efe91-249d-5d08-96e0-ea1ad5464a42","donnees"
"d3ee1527-93de-53f4-aede-555b50c187e8","schema"
"d3ee1527-93de-53f4-aede-555b50c187e8","apprentissage"
"d3ee1527-93de-53f4-aede-555b50c187e8","donnees"
"c994bca5-5b7e-5777-8b3f-953c8c199e36","produit"
"c994bca5-5b7e-5777-8b3f-953c8c199e36","photo"
"4cbdcedf-75ed-53c7-be5f-6f919d5accde","produit"
"4cbdcedf-75ed-53c7-be5f-6f919d5accde","photo"
"813eb82c-e91f-5f3f-9e79-31aaf14a8c8d","communication"
"b6b34f04-d74a-52b9-821c-90862136d87e","communication"
"b1312d83-0599-509a-bc18-64fe4bdb0be1","communication"
"7371a273-53c9-5196-a45d-4472055f2cdc","communication"
"899ae210-bed8-50be-96b1-dcf1bb0d5015","communication"
"7adc2883-34e5-5128-9ef4-143bd4e54357","communication"
"a264fcc4-4f37-5d67-9760-47bf653128a4","communication"
"aec72798-b9b5-5608-8ae3-5570d3df9ac4","communication"
"0438ddba-29cc-55e7-9993-50efd666a698","communication"
"23430f81-8f33-5583-93cc-2dff2dfef86c","synthese"
"23430f81-8f33-5583-93cc-2dff2dfef86c","analyse"
"a2e7cbb4-50b7-5c82-b6d9-4eb62ffada8e","synthese"
"a2e7cbb4-50b7-5c82-b6d9-4eb62ffada8e","analyse"
"a2e7cbb4-50b7-5c82-b6d9-4eb62ffada8e","donnees"
"b8433603-7661-5b34-8a5c-0dca09f1f746","synthese"
"b8433603-7661-5b34-8a5c-0dca09f1f746","analyse"
"ad70558f-78a7-55cd-85cd-e7ba2b0ce295","synthese"
"ad70558f-78a7-55cd-85cd-e7ba2b0ce295","analyse"
"ad70558f-78a7-55cd-85cd-e7ba2b0ce295","recherche"
"d54b5246-01eb-510c-86f8-2d1679985a68","synthese"
"d54b5246-01eb-510c-86f8-2d1679985a68","analyse"
"1c34cab8-5712-510c-b43b-374c235bb446","organisation"
"2649e6c5-6c17-5301-b67b-e4d1d44472fb","organisation"
"ccd652dc-0f37-5ec1-9071-0b2bef930bc3","organisation"
"fdb98b41-c4b1-5768-bb27-e4ce9e1a0fd2","organisation"
"ab6ab9fd-6415-56c5-96fa-cfe1f43eed6a","organisation"
"2f29dc54-7880-5df7-96ef-74cfb458f3dc","strategie"
"2f29dc54-7880-5df7-96ef-74cfb458f3dc","personnage"
"c95cbe55-59fa-5784-ba50-97f0f3dd2a5c","strategie"
"c95cbe55-59fa-5784-ba50-97f0f3dd2a5c","personnage"
"2ddb9e74-445c-5e2e-a4a3-bb1f2c49b3cc","strategie"
"2ddb9e74-445c-5e2e-a4a3-bb1f2c49b3cc","personnage"
"ba2d7c6a-8ce3-5aa6-892c-a5bcc7cb98aa","strategie"
"ba2d7c6a-8ce3-5aa6-892c-a5bcc7cb98aa","personnage"
"88d0f910-0989-5360-810a-390352af3a79","strategie"
"88d0f910-0989-5360-810a-390352af3a79","personnage"
"70f68ac5-f5d3-5151-9290-0d190dd534d0","strategie"
"70f68ac5-f5d3-5151-9290-0d190dd534d0","personnage"
"bd10ffe9-c190-5096-997c-0ed88088dd5c","strategie"
"bd10ffe9-c190-5096-997c-0ed88088dd5c","enquete"
"bd10ffe9-c190-5096-997c-0ed88088dd5c","personnage"
"af0f3b2d-08ce-5ae5-bb2b-3a81406a5e79","strategie"
"af0f3b2d-08ce-5ae5-bb2b-3a81406a5e79","personnage"
"4aef331e-f1f1-55b4-a228-7c09f5e2f20e","strategie"
"4aef331e-f1f1-55b4-a228-7c09f5e2f20e","personnage"
"b4e8f4b0-ac02-51e5-a502-9d263a7edf1b","debat"
"b4e8f4b0-ac02-51e5-a502-9d263a7edf1b","analyse"
"f20b7cfb-a206-539d-875a-4be5e3bbca53","debat"
"f20b7cfb-a206-539d-875a-4be5e3bbca53","analyse"
"d38c1892-4d15-5346-8516-79a5f56891f7","debat"
"d38c1892-4d15-5346-8516-79a5f56891f7","analyse"
"d9e6c602-85c0-5aab-8450-0c6ede347506","debat"
"d9e6c602-85c0-5aab-8450-0c6ede347506","analyse"
"08cbcc26-a0c0-542f-99fb-4d33e92749bf","jeu"
"08cbcc26-a0c0-542f-99fb-4d33e92749bf","simulation"
"4f8ff271-391d-5d58-a82b-8e106237eb5b","enquete"
"4f8ff271-391d-5d58-a82b-8e106237eb5b","jeu"
"4f8ff271-391d-5d58-a82b-8e106237eb5b","simulation"
"dc64a29a-8f16-55f6-9a2c-de64d03633cc","enquete"
"dc64a29a-8f16-55f6-9a2c-de64d03633cc","jeu"
"dc64a29a-8f16-55f6-9a2c-de64d03633cc","simulation"
"2eec1aef-7433-5751-8be1-15b1a5322e58","jeu"
"2eec1aef-7433-5751-8be1-15b1a5322e58","simulation"
"b912354f-ef82-5b83-81bc-24393273403b","jeu"
"b912354f-ef82-5b83-81bc-24393273403b","simulation"
"5ed36340-3109-5239-a4cc-fa4d08264b2a","jeu"
"5ed36340-3109-5239-a4cc-fa4d08264b2a","simulation"
"a0e207c8-1838-544e-96d8-63e27cec87f3","jeu"
"a0e207c8-1838-544e-96d8-63e27cec87f3","simulation"
"3eadc5c9-7c44-581b-86a4-a616257aaf3e","jeu"
"3eadc5c9-7c44-581b-86a4-a616257aaf3e","simulation"
"16e830c9-3235-559d-86cb-9fb4cda2d989","jeu"
"16e830c9-3235-559d-86cb-9fb4cda2d989","simulation"
"63ca3c7a-c919-5841-88a1-28c8fa475bb9","apprentissage"
"63ca3c7a-c919-5841-88a1-28c8fa475bb9","coaching"
"bd8de7b4-10e4-513c-b9f6-462a1944c9fb","apprentissage"
"bd8de7b4-10e4-513c-b9f6-462a1944c9fb","coaching"
"69dd56a6-75d9-591d-9659-55b388a8296c","apprentissage"
"69dd56a6-75d9-591d-9659-55b388a8296c","coaching"
"86e1710c-54b8-55c7-aad3-017b069c8a2d","analyse"
"dd1ad449-d5cf-56ce-b503-a6632b351974","analyse"
"dd1ad449-d5cf-56ce-b503-a6632b351974","code"
"735b71bf-7b99-5bca-b263-8233f6b4a2cb","analyse"
"735b71bf-7b99-5bca-b263-8233f6b4a2cb","juridique"
"97b07192-88c7-5898-8ce3-b2d47d17e67e","analyse"
"e7687335-e42f-5402-b1be-05fcb4e69f77","analyse"
"a9f60c05-2242-5025-83c3-b0860bfa0672","analyse"
"a9f60c05-2242-5025-83c3-b0860bfa0672","recherche"
"ee7de373-b149-59ab-9aa8-eeafda62d74b","analyse"
"ee7de373-b149-59ab-9aa8-eeafda62d74b","finance"
"0db5673c-0056-56f3-9e57-85a25613dc61","photo"
"0db5673c-0056-56f3-9e57-85a25613dc61","mode"
"0db5673c-0056-56f3-9e57-85a25613dc61","afrique"
"0db5673c-0056-56f3-9e57-85a25613dc61","cultures"
"bb228f81-9074-5633-9242-2d85b306d848","photo"
"bb228f81-9074-5633-9242-2d85b306d848","mode"
"bb228f81-9074-5633-9242-2d85b306d848","afrique"
"bb228f81-9074-5633-9242-2d85b306d848","cultures"
"a055694b-5358-5977-9272-29e7c7e42121","photo"
"a055694b-5358-5977-9272-29e7c7e42121","mode"
"a055694b-5358-5977-9272-29e7c7e42121","afrique"
"a055694b-5358-5977-9272-29e7c7e42121","cultures"
"da3964fd-cc1d-52d6-a8c2-3e2f601d84f4","photo"
"da3964fd-cc1d-52d6-a8c2-3e2f601d84f4","mode"
"da3964fd-cc1d-52d6-a8c2-3e2f601d84f4","afrique"
"da3964fd-cc1d-52d6-a8c2-3e2f601d84f4","cultures"
"d50a422f-2d97-5fa8-826b-1eeb54cda028","photo"
"d50a422f-2d97-5fa8-826b-1eeb54cda028","mode"
"d50a422f-2d97-5fa8-826b-1eeb54cda028","afrique"
"d50a422f-2d97-5fa8-826b-1eeb54cda028","cultures"
"0b3d39fc-5770-53cc-8c9f-6cce74b1dfa3","photo"
"0b3d39fc-5770-53cc-8c9f-6cce74b1dfa3","mode"
"0b3d39fc-5770-53cc-8c9f-6cce74b1dfa3","afrique"
"0b3d39fc-5770-53cc-8c9f-6cce74b1dfa3","cultures"
"cf2ab047-716c-53e3-841e-55c830e48299","photo"
"cf2ab047-716c-53e3-841e-55c830e48299","mode"
"cf2ab047-716c-53e3-841e-55c830e48299","afrique"
"cf2ab047-716c-53e3-841e-55c830e48299","cultures"
"b4f9c102-8474-5365-9bc0-eee380732770","photo"
"b4f9c102-8474-5365-9bc0-eee380732770","mode"
"b4f9c102-8474-5365-9bc0-eee380732770","afrique"
"b4f9c102-8474-5365-9bc0-eee380732770","cultures"
"48171d6f-ad93-53d9-9622-aa2231d7a842","photo"
"48171d6f-ad93-53d9-9622-aa2231d7a842","mode"
"48171d6f-ad93-53d9-9622-aa2231d7a842","afrique"
"48171d6f-ad93-53d9-9622-aa2231d7a842","cultures"
"23dcf0c0-f76c-5f24-a160-472ec92240fc","photo"
"23dcf0c0-f76c-5f24-a160-472ec92240fc","mode"
"23dcf0c0-f76c-5f24-a160-472ec92240fc","afrique"
"23dcf0c0-f76c-5f24-a160-472ec92240fc","cultures"
"a0ae24a5-2c87-5b16-9e45-83bf243c268b","photo"
"a0ae24a5-2c87-5b16-9e45-83bf243c268b","mode"
"a0ae24a5-2c87-5b16-9e45-83bf243c268b","afrique"
"a0ae24a5-2c87-5b16-9e45-83bf243c268b","cultures"
"68b91deb-4151-5db8-9950-91cef6b5d80f","photo"
"68b91deb-4151-5db8-9950-91cef6b5d80f","mode"
"68b91deb-4151-5db8-9950-91cef6b5d80f","afrique"
"68b91deb-4151-5db8-9950-91cef6b5d80f","cultures"
"ce87b12e-2a1f-575a-93ed-9eb5e0c20ef9","photo"
"ce87b12e-2a1f-575a-93ed-9eb5e0c20ef9","mode"
"ce87b12e-2a1f-575a-93ed-9eb5e0c20ef9","afrique"
"ce87b12e-2a1f-575a-93ed-9eb5e0c20ef9","cultures"
"cf48844b-dfa0-543b-99e7-f946daa5dbe2","photo"
"cf48844b-dfa0-543b-99e7-f946daa5dbe2","mode"
"cf48844b-dfa0-543b-99e7-f946daa5dbe2","europe"
"cf48844b-dfa0-543b-99e7-f946daa5dbe2","cultures"
"53abe8f0-92aa-586b-a7a2-135ad0be1d24","photo"
"53abe8f0-92aa-586b-a7a2-135ad0be1d24","mode"
"53abe8f0-92aa-586b-a7a2-135ad0be1d24","asie"
"53abe8f0-92aa-586b-a7a2-135ad0be1d24","cultures"
"d2028e4e-7ad1-5924-a7a3-f1262ec8f5e3","photo"
"d2028e4e-7ad1-5924-a7a3-f1262ec8f5e3","mode"
"d2028e4e-7ad1-5924-a7a3-f1262ec8f5e3","asie"
"d2028e4e-7ad1-5924-a7a3-f1262ec8f5e3","cultures"
"c9e0a9c1-114e-5184-80dd-323fd53cebe1","photo"
"c9e0a9c1-114e-5184-80dd-323fd53cebe1","mode"
"c9e0a9c1-114e-5184-80dd-323fd53cebe1","asie"
"c9e0a9c1-114e-5184-80dd-323fd53cebe1","cultures"
"a0b36229-9031-5312-bdf5-fe33d96b889d","photo"
"a0b36229-9031-5312-bdf5-fe33d96b889d","mode"
"a0b36229-9031-5312-bdf5-fe33d96b889d","asie"
"a0b36229-9031-5312-bdf5-fe33d96b889d","cultures"
"ad6154d6-f8f6-55fe-8809-41ff25108201","photo"
"ad6154d6-f8f6-55fe-8809-41ff25108201","mode"
"ad6154d6-f8f6-55fe-8809-41ff25108201","asie"
"ad6154d6-f8f6-55fe-8809-41ff25108201","cultures"
"2a137669-eab3-5f24-9e19-cdb707b98277","photo"
"2a137669-eab3-5f24-9e19-cdb707b98277","mode"
"2a137669-eab3-5f24-9e19-cdb707b98277","asie"
"2a137669-eab3-5f24-9e19-cdb707b98277","cultures"
"e576b1cc-928d-5c66-b69e-5d022bbd458d","photo"
"e576b1cc-928d-5c66-b69e-5d022bbd458d","portrait"
"e576b1cc-928d-5c66-b69e-5d022bbd458d","asie"
"e576b1cc-928d-5c66-b69e-5d022bbd458d","cultures"
"8723a3b5-90ae-5ad6-9a5e-da210c303935","photo"
"8723a3b5-90ae-5ad6-9a5e-da210c303935","portrait"
"8723a3b5-90ae-5ad6-9a5e-da210c303935","asie"
"8723a3b5-90ae-5ad6-9a5e-da210c303935","cultures"
"b2309961-f681-5656-be5e-a907b00dfe28","photo"
"b2309961-f681-5656-be5e-a907b00dfe28","portrait"
"b2309961-f681-5656-be5e-a907b00dfe28","asie"
"b2309961-f681-5656-be5e-a907b00dfe28","cultures"
"7cd394d2-7a58-5010-ac24-80cbc0010d73","photo"
"7cd394d2-7a58-5010-ac24-80cbc0010d73","portrait"
"7cd394d2-7a58-5010-ac24-80cbc0010d73","asie"
"7cd394d2-7a58-5010-ac24-80cbc0010d73","cultures"
"79cb34bb-3748-5664-9cbf-ca7020a4e2cb","photo"
"79cb34bb-3748-5664-9cbf-ca7020a4e2cb","portrait"
"79cb34bb-3748-5664-9cbf-ca7020a4e2cb","europe"
"79cb34bb-3748-5664-9cbf-ca7020a4e2cb","cultures"
"4646017f-2b55-5885-9b66-4b2ee4cc95a1","photo"
"4646017f-2b55-5885-9b66-4b2ee4cc95a1","portrait"
"4646017f-2b55-5885-9b66-4b2ee4cc95a1","europe"
"4646017f-2b55-5885-9b66-4b2ee4cc95a1","cultures"
"e91777a2-79d0-560c-931b-bc0aa287f3c0","photo"
"e91777a2-79d0-560c-931b-bc0aa287f3c0","portrait"
"e91777a2-79d0-560c-931b-bc0aa287f3c0","afrique"
"e91777a2-79d0-560c-931b-bc0aa287f3c0","cultures"
"5b602436-fce8-5a9a-8c97-76c2632ed14d","photo"
"5b602436-fce8-5a9a-8c97-76c2632ed14d","portrait"
"5b602436-fce8-5a9a-8c97-76c2632ed14d","afrique"
"5b602436-fce8-5a9a-8c97-76c2632ed14d","cultures"
"eb238ce8-1ab9-5c1d-9ffa-85f8ac0e0d4a","photo"
"eb238ce8-1ab9-5c1d-9ffa-85f8ac0e0d4a","portrait"
"eb238ce8-1ab9-5c1d-9ffa-85f8ac0e0d4a","afrique"
"eb238ce8-1ab9-5c1d-9ffa-85f8ac0e0d4a","cultures"
"0e67bb00-abcf-54e9-9372-1788996bfd16","photo"
"0e67bb00-abcf-54e9-9372-1788996bfd16","portrait"
"0e67bb00-abcf-54e9-9372-1788996bfd16","afrique"
"0e67bb00-abcf-54e9-9372-1788996bfd16","cultures"
"bdab33d5-78c8-5f12-9b3a-91cefee01818","photo"
"bdab33d5-78c8-5f12-9b3a-91cefee01818","portrait"
"bdab33d5-78c8-5f12-9b3a-91cefee01818","europe"
"bdab33d5-78c8-5f12-9b3a-91cefee01818","cultures"
"b61cafdf-911b-5472-ae38-1babb677eae7","photo"
"b61cafdf-911b-5472-ae38-1babb677eae7","portrait"
"b61cafdf-911b-5472-ae38-1babb677eae7","ameriques"
"b61cafdf-911b-5472-ae38-1babb677eae7","cultures"
"dfda1e97-bd7f-536b-bae6-cc4f2984ff12","photo"
"dfda1e97-bd7f-536b-bae6-cc4f2984ff12","portrait"
"dfda1e97-bd7f-536b-bae6-cc4f2984ff12","ameriques"
"dfda1e97-bd7f-536b-bae6-cc4f2984ff12","cultures"
"f57588ee-1ac6-5557-9bec-6a29e46ba1cb","photo"
"f57588ee-1ac6-5557-9bec-6a29e46ba1cb","portrait"
"f57588ee-1ac6-5557-9bec-6a29e46ba1cb","asie"
"f57588ee-1ac6-5557-9bec-6a29e46ba1cb","cultures"
"a3b850e2-7beb-5182-ab26-d8ab1aea17a4","photo"
"a3b850e2-7beb-5182-ab26-d8ab1aea17a4","portrait"
"a3b850e2-7beb-5182-ab26-d8ab1aea17a4","asie"
"a3b850e2-7beb-5182-ab26-d8ab1aea17a4","cultures"
"e04db4e8-ff76-5c00-a07e-8b72c60d4f69","photo"
"e04db4e8-ff76-5c00-a07e-8b72c60d4f69","portrait"
"e04db4e8-ff76-5c00-a07e-8b72c60d4f69","asie"
"e04db4e8-ff76-5c00-a07e-8b72c60d4f69","cultures"
"6c6c814c-82ab-58ce-a663-48a053cc9aee","photo"
"6c6c814c-82ab-58ce-a663-48a053cc9aee","portrait"
"6c6c814c-82ab-58ce-a663-48a053cc9aee","afrique"
"6c6c814c-82ab-58ce-a663-48a053cc9aee","cultures"
"28084726-fcb6-5850-b8f0-430f35a84af8","photo"
"28084726-fcb6-5850-b8f0-430f35a84af8","portrait"
"28084726-fcb6-5850-b8f0-430f35a84af8","afrique"
"28084726-fcb6-5850-b8f0-430f35a84af8","cultures"
"891b6b50-74b7-51cd-a982-885994154392","photo"
"891b6b50-74b7-51cd-a982-885994154392","portrait"
"891b6b50-74b7-51cd-a982-885994154392","europe"
"891b6b50-74b7-51cd-a982-885994154392","cultures"
"a6df3848-7c42-5099-8d4b-3d21cf3a4628","photo"
"a6df3848-7c42-5099-8d4b-3d21cf3a4628","portrait"
"a6df3848-7c42-5099-8d4b-3d21cf3a4628","ameriques"
"a6df3848-7c42-5099-8d4b-3d21cf3a4628","cultures"
"47676c0c-7c6c-5c18-98e9-25e0f773572f","photo"
"47676c0c-7c6c-5c18-98e9-25e0f773572f","voyage"
"47676c0c-7c6c-5c18-98e9-25e0f773572f","europe"
"8ee7cb7e-7bf9-51da-80f7-bf3936943b1b","photo"
"8ee7cb7e-7bf9-51da-80f7-bf3936943b1b","voyage"
"8ee7cb7e-7bf9-51da-80f7-bf3936943b1b","europe"
"4a35e67e-5050-5704-85c6-d50cf3a21dc5","photo"
"4a35e67e-5050-5704-85c6-d50cf3a21dc5","voyage"
"4a35e67e-5050-5704-85c6-d50cf3a21dc5","europe"
"132c75ab-32a9-5aad-b81c-42c00c3bf9d0","photo"
"132c75ab-32a9-5aad-b81c-42c00c3bf9d0","voyage"
"132c75ab-32a9-5aad-b81c-42c00c3bf9d0","europe"
"6a8f6fe2-fdce-5ac6-9c1e-aacd33da288a","photo"
"6a8f6fe2-fdce-5ac6-9c1e-aacd33da288a","voyage"
"6a8f6fe2-fdce-5ac6-9c1e-aacd33da288a","europe"
"b3352396-1888-50d7-96dc-99281ad2421e","photo"
"b3352396-1888-50d7-96dc-99281ad2421e","voyage"
"b3352396-1888-50d7-96dc-99281ad2421e","europe"
"8e5a7eed-7a6b-524b-a28d-bc5bbbba0115","photo"
"8e5a7eed-7a6b-524b-a28d-bc5bbbba0115","voyage"
"8e5a7eed-7a6b-524b-a28d-bc5bbbba0115","europe"
"937fd60e-d005-5d1c-a6bc-9a387c8a919b","photo"
"937fd60e-d005-5d1c-a6bc-9a387c8a919b","voyage"
"937fd60e-d005-5d1c-a6bc-9a387c8a919b","europe"
"29761f7d-a0d0-5ea2-be60-0e077af8966e","photo"
"29761f7d-a0d0-5ea2-be60-0e077af8966e","voyage"
"29761f7d-a0d0-5ea2-be60-0e077af8966e","afrique"
"c085e5a8-4240-513b-a505-c43dd6b09151","photo"
"c085e5a8-4240-513b-a505-c43dd6b09151","voyage"
"c085e5a8-4240-513b-a505-c43dd6b09151","afrique"
"3373bf6a-4c2a-54c6-b21f-19690df6ac4e","photo"
"3373bf6a-4c2a-54c6-b21f-19690df6ac4e","voyage"
"3373bf6a-4c2a-54c6-b21f-19690df6ac4e","afrique"
"780a9981-c7b4-5a21-a6a6-a727125cdbb2","photo"
"780a9981-c7b4-5a21-a6a6-a727125cdbb2","voyage"
"780a9981-c7b4-5a21-a6a6-a727125cdbb2","afrique"
"578ede25-5591-56aa-b7d4-2e95434dbaac","photo"
"578ede25-5591-56aa-b7d4-2e95434dbaac","voyage"
"578ede25-5591-56aa-b7d4-2e95434dbaac","afrique"
"f315877f-56f0-52e6-bda6-1fd539be8e5e","photo"
"f315877f-56f0-52e6-bda6-1fd539be8e5e","voyage"
"f315877f-56f0-52e6-bda6-1fd539be8e5e","asie"
"e6f5abd4-f8e9-5494-a373-cfcfd8a2322c","photo"
"e6f5abd4-f8e9-5494-a373-cfcfd8a2322c","voyage"
"e6f5abd4-f8e9-5494-a373-cfcfd8a2322c","asie"
"c1438e8e-c00a-5149-83cc-f6b6e83e7d04","photo"
"c1438e8e-c00a-5149-83cc-f6b6e83e7d04","voyage"
"c1438e8e-c00a-5149-83cc-f6b6e83e7d04","asie"
"f1bf63fd-3295-58da-b63e-167d13ea8520","photo"
"f1bf63fd-3295-58da-b63e-167d13ea8520","voyage"
"f1bf63fd-3295-58da-b63e-167d13ea8520","asie"
"a85bd0c5-49e1-5a6a-8a6f-de9a3b32b66f","photo"
"a85bd0c5-49e1-5a6a-8a6f-de9a3b32b66f","voyage"
"a85bd0c5-49e1-5a6a-8a6f-de9a3b32b66f","asie"
"a5c3bae5-b08e-5463-9b97-dcee11df0c75","photo"
"a5c3bae5-b08e-5463-9b97-dcee11df0c75","voyage"
"a5c3bae5-b08e-5463-9b97-dcee11df0c75","ameriques"
"c0778453-3c00-5c41-afcb-b3a62ea20338","photo"
"c0778453-3c00-5c41-afcb-b3a62ea20338","voyage"
"c0778453-3c00-5c41-afcb-b3a62ea20338","ameriques"
"4af7c577-b3d8-58b3-9f1b-397b5aaf1c01","photo"
"4af7c577-b3d8-58b3-9f1b-397b5aaf1c01","voyage"
"4af7c577-b3d8-58b3-9f1b-397b5aaf1c01","afrique"
"cfd104c3-7a2b-53a4-b1dd-2f67dafcadcf","photo"
"cfd104c3-7a2b-53a4-b1dd-2f67dafcadcf","voyage"
"cfd104c3-7a2b-53a4-b1dd-2f67dafcadcf","afrique"
"cc9ab1de-0b83-5c02-ae95-7e6966c7018d","photo"
"cc9ab1de-0b83-5c02-ae95-7e6966c7018d","voyage"
"cc9ab1de-0b83-5c02-ae95-7e6966c7018d","afrique"
"58fd3824-745b-5234-ad70-e1e418a88f85","photo"
"58fd3824-745b-5234-ad70-e1e418a88f85","voyage"
"58fd3824-745b-5234-ad70-e1e418a88f85","afrique"
"a450ec4d-7576-5634-9a04-7d8293a78f81","photo"
"a450ec4d-7576-5634-9a04-7d8293a78f81","voyage"
"a450ec4d-7576-5634-9a04-7d8293a78f81","afrique"
"4944d616-2e99-5730-911e-58f998004653","photo"
"4944d616-2e99-5730-911e-58f998004653","voyage"
"4944d616-2e99-5730-911e-58f998004653","afrique"
"1f6cb841-5646-5e5c-ba03-55d2a4cbabb1","photo"
"1f6cb841-5646-5e5c-ba03-55d2a4cbabb1","voyage"
"1f6cb841-5646-5e5c-ba03-55d2a4cbabb1","afrique"
"8ba66807-6cfc-54af-9478-e2600b05c8af","photo"
"8ba66807-6cfc-54af-9478-e2600b05c8af","voyage"
"8ba66807-6cfc-54af-9478-e2600b05c8af","afrique"
"25af8cc3-41d8-5acc-bfc1-3bee2e7fdd80","photo"
"25af8cc3-41d8-5acc-bfc1-3bee2e7fdd80","voyage"
"25af8cc3-41d8-5acc-bfc1-3bee2e7fdd80","afrique"
"f6c8b770-b9f3-5b43-a67c-057e618e14cd","photo"
"f6c8b770-b9f3-5b43-a67c-057e618e14cd","voyage"
"f6c8b770-b9f3-5b43-a67c-057e618e14cd","afrique"
"09354ab3-9504-5223-8276-d8c2dcc20ff1","photo"
"09354ab3-9504-5223-8276-d8c2dcc20ff1","voyage"
"09354ab3-9504-5223-8276-d8c2dcc20ff1","asie"
"ce183e1a-9c41-5c2c-b540-a98cec8392a8","photo"
"ce183e1a-9c41-5c2c-b540-a98cec8392a8","voyage"
"ce183e1a-9c41-5c2c-b540-a98cec8392a8","asie"
"060fae95-13cf-58b2-b2a7-db4080735756","photo"
"060fae95-13cf-58b2-b2a7-db4080735756","voyage"
"060fae95-13cf-58b2-b2a7-db4080735756","asie"
"ed229251-6a28-5309-8ae3-198a379b9f37","photo"
"ed229251-6a28-5309-8ae3-198a379b9f37","voyage"
"ed229251-6a28-5309-8ae3-198a379b9f37","europe"
"62b81cee-c5bf-5f3a-b18b-9c5a07de9931","photo"
"62b81cee-c5bf-5f3a-b18b-9c5a07de9931","voyage"
"62b81cee-c5bf-5f3a-b18b-9c5a07de9931","ameriques"
"145a5f7b-0d10-5bed-a3fe-a36b9c01ec21","photo"
"145a5f7b-0d10-5bed-a3fe-a36b9c01ec21","voyage"
"145a5f7b-0d10-5bed-a3fe-a36b9c01ec21","ameriques"
"f8eb8059-58ac-5d8f-b1ff-7ae285777c9c","photo"
"f8eb8059-58ac-5d8f-b1ff-7ae285777c9c","voyage"
"f8eb8059-58ac-5d8f-b1ff-7ae285777c9c","ameriques"
"399791cc-bddc-5e3a-9bb3-a5ceba48cce3","photo"
"399791cc-bddc-5e3a-9bb3-a5ceba48cce3","voyage"
"399791cc-bddc-5e3a-9bb3-a5ceba48cce3","europe"
"bdd20801-4fb6-509f-85b5-e59778180af2","photo"
"bdd20801-4fb6-509f-85b5-e59778180af2","voyage"
"bdd20801-4fb6-509f-85b5-e59778180af2","oceanie"
"3fa59979-a6d9-55a6-a6f3-0e5456788e78","photo"
"3fa59979-a6d9-55a6-a6f3-0e5456788e78","voyage"
"3fa59979-a6d9-55a6-a6f3-0e5456788e78","europe"
"e114f97c-9f7c-58c2-b15d-4113a9656555","peinture"
"e114f97c-9f7c-58c2-b15d-4113a9656555","portrait"
"dd2224db-13ec-59cd-a523-177c2ad4abb0","peinture"
"dd2224db-13ec-59cd-a523-177c2ad4abb0","portrait"
"2cf7a2a9-ac46-530f-8523-e0391d3964b0","peinture"
"2cf7a2a9-ac46-530f-8523-e0391d3964b0","portrait"
"da61200d-0581-50cf-850c-a70c8b50dd84","peinture"
"da61200d-0581-50cf-850c-a70c8b50dd84","portrait"
"6f2686c7-1b72-5f36-ba5d-22a9a3f688a9","peinture"
"6f2686c7-1b72-5f36-ba5d-22a9a3f688a9","portrait"
"a6f4cc91-10e1-5033-ad7d-b385c98ed5b1","peinture"
"a6f4cc91-10e1-5033-ad7d-b385c98ed5b1","portrait"
"c2ba5c4a-913a-57e6-a1dc-fe6769e15008","peinture"
"c2ba5c4a-913a-57e6-a1dc-fe6769e15008","portrait"
"dc807b9a-5024-542b-b8f6-5993f3afc057","peinture"
"dc807b9a-5024-542b-b8f6-5993f3afc057","portrait"
"0bd002fc-d30d-5fcc-96b5-3626f8ec8782","peinture"
"0bd002fc-d30d-5fcc-96b5-3626f8ec8782","portrait"
"341218c0-3ef7-55e9-a975-8b50963afadd","peinture"
"341218c0-3ef7-55e9-a975-8b50963afadd","portrait"
"6f628ccd-76f7-5988-91c4-77fa15a505da","peinture"
"6f628ccd-76f7-5988-91c4-77fa15a505da","portrait"
"8ef290a7-a9b1-5694-a45e-1a7c78d51cea","peinture"
"8ef290a7-a9b1-5694-a45e-1a7c78d51cea","portrait"
"ca38ae26-b878-5c46-ac68-ad731d00cf20","peinture"
"ca38ae26-b878-5c46-ac68-ad731d00cf20","portrait"
"ca38ae26-b878-5c46-ac68-ad731d00cf20","gravure"
"13bada65-587d-5abc-b782-8d4cc3861727","peinture"
"13bada65-587d-5abc-b782-8d4cc3861727","portrait"
"8ddeca8f-295d-520d-9c9b-245098607e80","peinture"
"8ddeca8f-295d-520d-9c9b-245098607e80","portrait"
"8ddeca8f-295d-520d-9c9b-245098607e80","illustration"
"d67f4647-2578-590c-ba41-275274f7e2f2","peinture"
"d67f4647-2578-590c-ba41-275274f7e2f2","portrait"
"b188a8fe-c3e9-5ab4-9794-1057f2abad45","peinture"
"b188a8fe-c3e9-5ab4-9794-1057f2abad45","portrait"
"b36b59ee-8620-598f-bcf9-2106cd9196ce","peinture"
"b36b59ee-8620-598f-bcf9-2106cd9196ce","portrait"
"3e1cfaf2-293a-57f3-a9d0-ca879f4fe392","peinture"
"3e1cfaf2-293a-57f3-a9d0-ca879f4fe392","portrait"
"08dad354-f394-5bf4-9fa3-e5a9d510d0ae","peinture"
"08dad354-f394-5bf4-9fa3-e5a9d510d0ae","portrait"
"da8d071f-0ab2-531c-99fe-e804cef5a9c0","gravure"
"da8d071f-0ab2-531c-99fe-e804cef5a9c0","portrait"
"70b50bb7-e97a-5af2-bc6f-b7a8208cd354","gravure"
"70b50bb7-e97a-5af2-bc6f-b7a8208cd354","portrait"
"1c05efcb-0ba8-58b9-8cbf-cc06c0d78d33","gravure"
"1c05efcb-0ba8-58b9-8cbf-cc06c0d78d33","portrait"
"b9d8623a-1f24-5764-978d-45db33133d66","3d"
"b9d8623a-1f24-5764-978d-45db33133d66","portrait"
"9b7f4905-6be8-5440-805a-7bd88c6a0b47","artisanat"
"9b7f4905-6be8-5440-805a-7bd88c6a0b47","portrait"
"a59e69bc-bf9c-5092-9c02-ee305c90eef0","artisanat"
"a59e69bc-bf9c-5092-9c02-ee305c90eef0","portrait"
"9a88a599-c0ce-57ce-9939-2641d12ce1dc","collage"
"9a88a599-c0ce-57ce-9939-2641d12ce1dc","portrait"
"f8f06453-e59e-54c2-9c60-f3aebc6d8c3b","3d"
"f8f06453-e59e-54c2-9c60-f3aebc6d8c3b","portrait"
"fd9977c0-1981-58f3-9eb0-a41fc4822d06","3d"
"fd9977c0-1981-58f3-9eb0-a41fc4822d06","portrait"
"fd401bf4-94bf-5ef9-9f5e-efe06f7e0eff","3d"
"fd401bf4-94bf-5ef9-9f5e-efe06f7e0eff","portrait"
"5fdba384-b25c-5b48-a61f-19559be419a6","artisanat"
"5fdba384-b25c-5b48-a61f-19559be419a6","portrait"
"f2941165-9ad1-5b71-a965-75bf8dea1350","artisanat"
"f2941165-9ad1-5b71-a965-75bf8dea1350","portrait"
"58c12994-3592-5b8e-9053-a3dfb843fb15","illustration"
"58c12994-3592-5b8e-9053-a3dfb843fb15","portrait"
"fb3b190f-d4f0-5bb5-b3c7-46fe6e87912d","illustration"
"fb3b190f-d4f0-5bb5-b3c7-46fe6e87912d","portrait"
"684e592d-5309-537d-af67-01ac0bcb4801","collage"
"684e592d-5309-537d-af67-01ac0bcb4801","portrait"
"2d19ff47-dc36-5b66-b807-cfff13b6c551","artisanat"
"2d19ff47-dc36-5b66-b807-cfff13b6c551","portrait"
"42a3b063-1bef-594a-93ce-053c0d524943","typographie"
"42a3b063-1bef-594a-93ce-053c0d524943","portrait"
"027a26c0-6889-5887-a36b-e4f0c229f0ed","collage"
"027a26c0-6889-5887-a36b-e4f0c229f0ed","portrait"
"d60db9d4-64fd-5cd3-b4e6-c75c921732f2","3d"
"d60db9d4-64fd-5cd3-b4e6-c75c921732f2","portrait"
"94dbf674-fd45-5a61-a4f0-32220b40ceb8","artisanat"
"94dbf674-fd45-5a61-a4f0-32220b40ceb8","portrait"
"3299bf9f-d329-5c85-9588-ad72ff1ad0b9","collage"
"3299bf9f-d329-5c85-9588-ad72ff1ad0b9","communication"
"3299bf9f-d329-5c85-9588-ad72ff1ad0b9","manuscrit"
"8841534c-0515-5f4a-80f3-963225a854f0","collage"
"8841534c-0515-5f4a-80f3-963225a854f0","communication"
"8841534c-0515-5f4a-80f3-963225a854f0","mode"
"8841534c-0515-5f4a-80f3-963225a854f0","manuscrit"
"298b4176-358a-5a4d-8fb2-f86a7410f4f0","collage"
"298b4176-358a-5a4d-8fb2-f86a7410f4f0","communication"
"298b4176-358a-5a4d-8fb2-f86a7410f4f0","manuscrit"
"54c94236-b2b0-51c8-bce4-7cb251a6b5eb","collage"
"54c94236-b2b0-51c8-bce4-7cb251a6b5eb","communication"
"54c94236-b2b0-51c8-bce4-7cb251a6b5eb","alimentation"
"54c94236-b2b0-51c8-bce4-7cb251a6b5eb","manuscrit"
"fc8de327-ce31-56f8-9359-e4b6ab947e69","collage"
"fc8de327-ce31-56f8-9359-e4b6ab947e69","communication"
"fc8de327-ce31-56f8-9359-e4b6ab947e69","architecture"
"fc8de327-ce31-56f8-9359-e4b6ab947e69","manuscrit"
"9a1e3e76-7b2e-5e2f-8656-0ef16036fa68","collage"
"9a1e3e76-7b2e-5e2f-8656-0ef16036fa68","communication"
"9a1e3e76-7b2e-5e2f-8656-0ef16036fa68","produit"
"9a1e3e76-7b2e-5e2f-8656-0ef16036fa68","manuscrit"
"1a0fe641-b874-5120-87d6-698423ee6e29","collage"
"1a0fe641-b874-5120-87d6-698423ee6e29","communication"
"1a0fe641-b874-5120-87d6-698423ee6e29","souvenir"
"1a0fe641-b874-5120-87d6-698423ee6e29","manuscrit"
"ada753c3-24fb-5949-a05c-ca689cdbedf6","collage"
"ada753c3-24fb-5949-a05c-ca689cdbedf6","communication"
"ada753c3-24fb-5949-a05c-ca689cdbedf6","musique"
"ada753c3-24fb-5949-a05c-ca689cdbedf6","manuscrit"
"a9fa98c4-1f89-5bd4-9303-bb4893dbf816","collage"
"a9fa98c4-1f89-5bd4-9303-bb4893dbf816","communication"
"a9fa98c4-1f89-5bd4-9303-bb4893dbf816","manuscrit"
"af58d4c9-661c-5d57-9034-29749c465f71","collage"
"af58d4c9-661c-5d57-9034-29749c465f71","communication"
"af58d4c9-661c-5d57-9034-29749c465f71","nature"
"af58d4c9-661c-5d57-9034-29749c465f71","manuscrit"
"f0cf6dc4-ca82-519b-8b3e-a0bffe744e8f","collage"
"f0cf6dc4-ca82-519b-8b3e-a0bffe744e8f","communication"
"f0cf6dc4-ca82-519b-8b3e-a0bffe744e8f","souvenir"
"f0cf6dc4-ca82-519b-8b3e-a0bffe744e8f","manuscrit"
"11ee641b-cc1b-5bc8-a909-280473b0816b","collage"
"11ee641b-cc1b-5bc8-a909-280473b0816b","communication"
"11ee641b-cc1b-5bc8-a909-280473b0816b","cinema"
"11ee641b-cc1b-5bc8-a909-280473b0816b","manuscrit"
"7eb264fe-8864-5e80-966b-28dbde7513a2","collage"
"7eb264fe-8864-5e80-966b-28dbde7513a2","communication"
"7eb264fe-8864-5e80-966b-28dbde7513a2","sport"
"7eb264fe-8864-5e80-966b-28dbde7513a2","manuscrit"
"1f7c3e7b-06a4-5475-931a-7fab92364a57","collage"
"1f7c3e7b-06a4-5475-931a-7fab92364a57","communication"
"1f7c3e7b-06a4-5475-931a-7fab92364a57","produit"
"1f7c3e7b-06a4-5475-931a-7fab92364a57","manuscrit"
"c3c5512e-50aa-522d-b27e-5ecf9b126851","collage"
"c3c5512e-50aa-522d-b27e-5ecf9b126851","communication"
"c3c5512e-50aa-522d-b27e-5ecf9b126851","souvenir"
"c3c5512e-50aa-522d-b27e-5ecf9b126851","manuscrit"
"dd76a2f6-a892-5b41-8f74-6e853c208687","collage"
"dd76a2f6-a892-5b41-8f74-6e853c208687","communication"
"dd76a2f6-a892-5b41-8f74-6e853c208687","anime"
"dd76a2f6-a892-5b41-8f74-6e853c208687","manuscrit"
"945fc29f-bb8f-5e2d-b321-5582d4c67393","collage"
"945fc29f-bb8f-5e2d-b321-5582d4c67393","communication"
"945fc29f-bb8f-5e2d-b321-5582d4c67393","surrealisme"
"945fc29f-bb8f-5e2d-b321-5582d4c67393","manuscrit"
"823a9b22-e2d1-59ca-a9be-872a8b8c34be","collage"
"823a9b22-e2d1-59ca-a9be-872a8b8c34be","communication"
"823a9b22-e2d1-59ca-a9be-872a8b8c34be","typographie"
"823a9b22-e2d1-59ca-a9be-872a8b8c34be","manuscrit"
"9f9b7f27-3d53-5c35-8847-b460ad2707f7","collage"
"9f9b7f27-3d53-5c35-8847-b460ad2707f7","communication"
"9f9b7f27-3d53-5c35-8847-b460ad2707f7","surrealisme"
"9f9b7f27-3d53-5c35-8847-b460ad2707f7","manuscrit"
"e91abc5a-b3e3-5206-8fc7-12bc0227a1a4","collage"
"e91abc5a-b3e3-5206-8fc7-12bc0227a1a4","communication"
"e91abc5a-b3e3-5206-8fc7-12bc0227a1a4","marque"
"e91abc5a-b3e3-5206-8fc7-12bc0227a1a4","manuscrit"
"066dc1f7-9697-5850-abfd-32c286aa8a29","photo"
"066dc1f7-9697-5850-abfd-32c286aa8a29","portrait"
"066dc1f7-9697-5850-abfd-32c286aa8a29","palette"
"15fd179a-17a4-5b46-9d8a-b6d71f716b15","photo"
"15fd179a-17a4-5b46-9d8a-b6d71f716b15","portrait"
"15fd179a-17a4-5b46-9d8a-b6d71f716b15","palette"
"49357351-effe-5f11-96ca-798691bea8e1","photo"
"49357351-effe-5f11-96ca-798691bea8e1","portrait"
"49357351-effe-5f11-96ca-798691bea8e1","palette"
"9b41414f-c4f3-5827-a58e-1164ed003781","photo"
"9b41414f-c4f3-5827-a58e-1164ed003781","portrait"
"9b41414f-c4f3-5827-a58e-1164ed003781","palette"
"81a2b5ec-b111-5051-89cb-957c0d637126","illustration"
"81a2b5ec-b111-5051-89cb-957c0d637126","portrait"
"ba688685-0d93-576b-ae67-907a1ec8fad3","photo"
"ba688685-0d93-576b-ae67-907a1ec8fad3","portrait"
"ba688685-0d93-576b-ae67-907a1ec8fad3","palette"
"a924cd71-d213-5e3e-8bd4-a6e65dfbb304","photo"
"a924cd71-d213-5e3e-8bd4-a6e65dfbb304","portrait"
"a924cd71-d213-5e3e-8bd4-a6e65dfbb304","palette"
"f0eeab79-6fac-52f3-9577-79321dc98598","photo"
"f0eeab79-6fac-52f3-9577-79321dc98598","portrait"
"f0eeab79-6fac-52f3-9577-79321dc98598","palette"
"291b5d3b-b74a-511d-bdca-7640e46fe4d4","photo"
"291b5d3b-b74a-511d-bdca-7640e46fe4d4","portrait"
"291b5d3b-b74a-511d-bdca-7640e46fe4d4","palette"
"8ff64637-a7b5-5e5b-b264-8773ebbe5564","photo"
"8ff64637-a7b5-5e5b-b264-8773ebbe5564","portrait"
"8ff64637-a7b5-5e5b-b264-8773ebbe5564","palette"
"44a923e3-fc1c-5e17-9a6a-28cc5245bc7e","photo"
"44a923e3-fc1c-5e17-9a6a-28cc5245bc7e","portrait"
"44a923e3-fc1c-5e17-9a6a-28cc5245bc7e","palette"
"b95fb8bb-558f-51a2-a9ae-154d4a1ca2e6","photo"
"b95fb8bb-558f-51a2-a9ae-154d4a1ca2e6","portrait"
"b95fb8bb-558f-51a2-a9ae-154d4a1ca2e6","palette"
"9249c973-aff6-532c-ac75-34485b52918b","photo"
"9249c973-aff6-532c-ac75-34485b52918b","portrait"
"9249c973-aff6-532c-ac75-34485b52918b","palette"
"484ac8da-7cc7-58da-bf34-a16587916c55","photo"
"484ac8da-7cc7-58da-bf34-a16587916c55","portrait"
"484ac8da-7cc7-58da-bf34-a16587916c55","palette"
"8c385aa7-6d78-56fe-95b2-b66c8043830e","photo"
"8c385aa7-6d78-56fe-95b2-b66c8043830e","portrait"
"8c385aa7-6d78-56fe-95b2-b66c8043830e","palette"
"4479e308-4e24-5266-b711-4455a7fef7a1","photo"
"4479e308-4e24-5266-b711-4455a7fef7a1","portrait"
"4479e308-4e24-5266-b711-4455a7fef7a1","palette"
"d2fa246c-bf13-5ad4-941c-d88078575e23","collage"
"d2fa246c-bf13-5ad4-941c-d88078575e23","portrait"
"d9d75c58-2be2-5bf6-af5c-6101028d998d","photo"
"d9d75c58-2be2-5bf6-af5c-6101028d998d","portrait"
"d9d75c58-2be2-5bf6-af5c-6101028d998d","palette"
"158676a0-3d0c-5070-858a-8f4af3d6d21b","photo"
"158676a0-3d0c-5070-858a-8f4af3d6d21b","portrait"
"158676a0-3d0c-5070-858a-8f4af3d6d21b","palette"
"46c8031a-6979-542f-9638-a9b30e52d7eb","gravure"
"46c8031a-6979-542f-9638-a9b30e52d7eb","portrait"
"bd9a75a5-455d-52e4-ab59-37fb46f9172a","photo"
"bd9a75a5-455d-52e4-ab59-37fb46f9172a","mode"
"bd9a75a5-455d-52e4-ab59-37fb46f9172a","pop-culture"
"b57b52d3-aa41-5576-a76f-bb334d129ea4","photo"
"b57b52d3-aa41-5576-a76f-bb334d129ea4","mode"
"b57b52d3-aa41-5576-a76f-bb334d129ea4","pop-culture"
"6d530274-c291-5c71-9266-fba351ccf80f","photo"
"6d530274-c291-5c71-9266-fba351ccf80f","mode"
"6d530274-c291-5c71-9266-fba351ccf80f","pop-culture"
"18ed2960-1ab6-55ea-97cf-6b8334b2bb1e","photo"
"18ed2960-1ab6-55ea-97cf-6b8334b2bb1e","mode"
"18ed2960-1ab6-55ea-97cf-6b8334b2bb1e","pop-culture"
"b34b6daf-0c4b-5f12-a770-cf013fd006cc","photo"
"b34b6daf-0c4b-5f12-a770-cf013fd006cc","mode"
"b34b6daf-0c4b-5f12-a770-cf013fd006cc","pop-culture"
"7aa93f70-42d5-5ef2-803a-00c5793a4782","photo"
"7aa93f70-42d5-5ef2-803a-00c5793a4782","mode"
"7aa93f70-42d5-5ef2-803a-00c5793a4782","pop-culture"
"a53a3cd8-927f-5deb-aeb7-d2ca581add24","photo"
"a53a3cd8-927f-5deb-aeb7-d2ca581add24","mode"
"a53a3cd8-927f-5deb-aeb7-d2ca581add24","pop-culture"
"b82a1618-964a-551c-965e-3108ce378d23","photo"
"b82a1618-964a-551c-965e-3108ce378d23","mode"
"b82a1618-964a-551c-965e-3108ce378d23","pop-culture"
"82649f7e-6cce-57ca-a465-7537467eb500","photo"
"82649f7e-6cce-57ca-a465-7537467eb500","mode"
"82649f7e-6cce-57ca-a465-7537467eb500","surrealisme"
"82649f7e-6cce-57ca-a465-7537467eb500","pop-culture"
"26514c38-b25d-50c5-91a9-cdf81ef9cd92","photo"
"26514c38-b25d-50c5-91a9-cdf81ef9cd92","mode"
"26514c38-b25d-50c5-91a9-cdf81ef9cd92","pop-culture"
"f61eed69-e787-51ed-9648-6b880a5d1d0d","photo"
"f61eed69-e787-51ed-9648-6b880a5d1d0d","mode"
"f61eed69-e787-51ed-9648-6b880a5d1d0d","pop-culture"
"c84ce837-5ae4-5b5a-a1b4-97f5a3b4ab8e","photo"
"c84ce837-5ae4-5b5a-a1b4-97f5a3b4ab8e","mode"
"c84ce837-5ae4-5b5a-a1b4-97f5a3b4ab8e","pop-culture"
"7417be17-0c6a-55a0-921e-82fcdfbc67fd","photo"
"7417be17-0c6a-55a0-921e-82fcdfbc67fd","mode"
"7417be17-0c6a-55a0-921e-82fcdfbc67fd","surrealisme"
"7417be17-0c6a-55a0-921e-82fcdfbc67fd","pop-culture"
"e63d4118-89ee-563d-af63-e6039beef3d6","photo"
"e63d4118-89ee-563d-af63-e6039beef3d6","mode"
"e63d4118-89ee-563d-af63-e6039beef3d6","surrealisme"
"e63d4118-89ee-563d-af63-e6039beef3d6","pop-culture"
"795ff8d0-d140-5db6-bccc-cee430d5f41a","photo"
"795ff8d0-d140-5db6-bccc-cee430d5f41a","mode"
"795ff8d0-d140-5db6-bccc-cee430d5f41a","surrealisme"
"795ff8d0-d140-5db6-bccc-cee430d5f41a","pop-culture"
"6047f5b0-fafb-52ca-8b5d-58c44a4c9b65","photo"
"6047f5b0-fafb-52ca-8b5d-58c44a4c9b65","mode"
"6047f5b0-fafb-52ca-8b5d-58c44a4c9b65","surrealisme"
"6047f5b0-fafb-52ca-8b5d-58c44a4c9b65","pop-culture"
"234c28ec-a557-52f1-9e57-b73048e55a27","photo"
"234c28ec-a557-52f1-9e57-b73048e55a27","mode"
"234c28ec-a557-52f1-9e57-b73048e55a27","surrealisme"
"234c28ec-a557-52f1-9e57-b73048e55a27","pop-culture"
"c3021b91-ad0e-51d8-8261-a346716e31bc","photo"
"c3021b91-ad0e-51d8-8261-a346716e31bc","mode"
"c3021b91-ad0e-51d8-8261-a346716e31bc","surrealisme"
"c3021b91-ad0e-51d8-8261-a346716e31bc","pop-culture"
"f367ea17-9970-5443-bf36-be7841702a5c","photo"
"f367ea17-9970-5443-bf36-be7841702a5c","mode"
"f367ea17-9970-5443-bf36-be7841702a5c","surrealisme"
"f367ea17-9970-5443-bf36-be7841702a5c","pop-culture"
"42119617-6a7f-55e5-bc30-651926967fcd","photo"
"42119617-6a7f-55e5-bc30-651926967fcd","mode"
"42119617-6a7f-55e5-bc30-651926967fcd","surrealisme"
"42119617-6a7f-55e5-bc30-651926967fcd","pop-culture"
"c6e2c744-7146-590c-9613-bd5f1f048e7a","anime"
"c6e2c744-7146-590c-9613-bd5f1f048e7a","portrait"
"c6e2c744-7146-590c-9613-bd5f1f048e7a","pop-culture"
"8485039f-11ce-5ce9-8e47-b4abffbd6c7f","anime"
"8485039f-11ce-5ce9-8e47-b4abffbd6c7f","portrait"
"8485039f-11ce-5ce9-8e47-b4abffbd6c7f","pop-culture"
"cb89b39d-8625-5262-b8d9-75512f9034ae","anime"
"cb89b39d-8625-5262-b8d9-75512f9034ae","portrait"
"cb89b39d-8625-5262-b8d9-75512f9034ae","pop-culture"
"b0f18947-7fff-5dbd-a193-d35fb963a426","anime"
"b0f18947-7fff-5dbd-a193-d35fb963a426","portrait"
"b0f18947-7fff-5dbd-a193-d35fb963a426","pop-culture"
"cf315426-a548-5c66-b3de-0c094e476fee","anime"
"cf315426-a548-5c66-b3de-0c094e476fee","portrait"
"cf315426-a548-5c66-b3de-0c094e476fee","pop-culture"
"5a904ced-3ca7-5a7d-8ff3-ce294f297331","anime"
"5a904ced-3ca7-5a7d-8ff3-ce294f297331","portrait"
"5a904ced-3ca7-5a7d-8ff3-ce294f297331","pop-culture"
"4f2955eb-b9d4-555f-ad94-629a36254a09","anime"
"4f2955eb-b9d4-555f-ad94-629a36254a09","portrait"
"4f2955eb-b9d4-555f-ad94-629a36254a09","pop-culture"
"8a82d3da-e579-5b61-89ee-29f3f3f89789","anime"
"8a82d3da-e579-5b61-89ee-29f3f3f89789","portrait"
"8a82d3da-e579-5b61-89ee-29f3f3f89789","pop-culture"
"9486668f-a8f8-5505-85e0-62453c9d8b66","anime"
"9486668f-a8f8-5505-85e0-62453c9d8b66","portrait"
"9486668f-a8f8-5505-85e0-62453c9d8b66","pop-culture"
"63295d00-bf48-5620-a15a-bf5b3804fdee","animation"
"63295d00-bf48-5620-a15a-bf5b3804fdee","portrait"
"63295d00-bf48-5620-a15a-bf5b3804fdee","pop-culture"
"ae6542cd-e452-5611-a62b-b9732a75289a","animation"
"ae6542cd-e452-5611-a62b-b9732a75289a","portrait"
"ae6542cd-e452-5611-a62b-b9732a75289a","pop-culture"
"96630b0d-a53a-5f2e-b4fb-224f5e2c9ec8","animation"
"96630b0d-a53a-5f2e-b4fb-224f5e2c9ec8","portrait"
"96630b0d-a53a-5f2e-b4fb-224f5e2c9ec8","pop-culture"
"aae6adb4-4be9-5e57-bdb2-2e7db9e8ab30","illustration"
"aae6adb4-4be9-5e57-bdb2-2e7db9e8ab30","portrait"
"aae6adb4-4be9-5e57-bdb2-2e7db9e8ab30","bd"
"aae6adb4-4be9-5e57-bdb2-2e7db9e8ab30","pop-culture"
"7068596b-9008-569f-81c4-b43bdf9fb8f7","illustration"
"7068596b-9008-569f-81c4-b43bdf9fb8f7","portrait"
"7068596b-9008-569f-81c4-b43bdf9fb8f7","bd"
"7068596b-9008-569f-81c4-b43bdf9fb8f7","pop-culture"
"ab9cce16-2ff9-5477-927c-55e762969f2a","illustration"
"ab9cce16-2ff9-5477-927c-55e762969f2a","portrait"
"ab9cce16-2ff9-5477-927c-55e762969f2a","bd"
"ab9cce16-2ff9-5477-927c-55e762969f2a","pop-culture"
"8f719a7c-35e0-5e56-b035-137ae535fc38","animation"
"8f719a7c-35e0-5e56-b035-137ae535fc38","portrait"
"8f719a7c-35e0-5e56-b035-137ae535fc38","pop-culture"
"7985a958-de58-53a4-ba5d-8ac8983c7c19","animation"
"7985a958-de58-53a4-ba5d-8ac8983c7c19","portrait"
"7985a958-de58-53a4-ba5d-8ac8983c7c19","pop-culture"
"904ae5ab-7634-5b20-b6d5-9b1748872143","animation"
"904ae5ab-7634-5b20-b6d5-9b1748872143","portrait"
"904ae5ab-7634-5b20-b6d5-9b1748872143","pop-culture"
"ec47b661-d018-5d58-a4ea-89abad6c4a6f","animation"
"ec47b661-d018-5d58-a4ea-89abad6c4a6f","portrait"
"ec47b661-d018-5d58-a4ea-89abad6c4a6f","pop-culture"
"f447bd18-ae8c-59c7-a7a9-788f995dc894","animation"
"f447bd18-ae8c-59c7-a7a9-788f995dc894","portrait"
"f447bd18-ae8c-59c7-a7a9-788f995dc894","pop-culture"
"66dc0b03-6079-50c7-912b-e6ea2a72bc74","animation"
"66dc0b03-6079-50c7-912b-e6ea2a72bc74","portrait"
"3be22e5f-ad96-5929-ae38-fa7418667d5e","animation"
"3be22e5f-ad96-5929-ae38-fa7418667d5e","portrait"
"5c5ebe57-7301-53c4-b605-e2d67d021149","animation"
"5c5ebe57-7301-53c4-b605-e2d67d021149","portrait"
"5aab98c8-ca1b-52c9-a841-a8a976b5b666","animation"
"5aab98c8-ca1b-52c9-a841-a8a976b5b666","portrait"
"e39d7718-f6fc-5969-ba25-e182b2f1a2b0","animation"
"e39d7718-f6fc-5969-ba25-e182b2f1a2b0","portrait"
"f93813c3-a341-598a-8e06-27d48436f2f4","animation"
"f93813c3-a341-598a-8e06-27d48436f2f4","portrait"
"41412839-aaa1-54d2-ac28-f3d0452b5ada","animation"
"41412839-aaa1-54d2-ac28-f3d0452b5ada","portrait"
"12b710d2-2b49-589b-89ba-bc7a1cb9f387","animation"
"12b710d2-2b49-589b-89ba-bc7a1cb9f387","portrait"
"936d8671-4cde-5959-a0ac-773da35d0654","animation"
"936d8671-4cde-5959-a0ac-773da35d0654","portrait"
"22144519-660a-5a33-9f17-cc1ef4f12aaf","animation"
"22144519-660a-5a33-9f17-cc1ef4f12aaf","portrait"
"22144519-660a-5a33-9f17-cc1ef4f12aaf","illustration"
"11b3f24b-c701-5283-a420-197ef201dabe","animation"
"11b3f24b-c701-5283-a420-197ef201dabe","portrait"
"38b88ef0-a775-5558-8bcb-cbb16f962a71","animation"
"38b88ef0-a775-5558-8bcb-cbb16f962a71","portrait"
"b7ae450c-2a9e-554c-85b4-1561d0385b0c","animation"
"b7ae450c-2a9e-554c-85b4-1561d0385b0c","portrait"
"0cb31bcb-0225-5232-8595-d7cf97690c9d","animation"
"0cb31bcb-0225-5232-8595-d7cf97690c9d","portrait"
"00110c18-eaa1-5765-b078-d658a5c6295f","animation"
"00110c18-eaa1-5765-b078-d658a5c6295f","portrait"
"b5f62371-39da-54d1-b8ca-8e0c418eb3d3","animation"
"b5f62371-39da-54d1-b8ca-8e0c418eb3d3","portrait"
"29049b54-dd55-567e-ac01-ede239d29bca","animation"
"29049b54-dd55-567e-ac01-ede239d29bca","portrait"
"82190f39-47a1-5348-8ea6-b66293589b08","animation"
"82190f39-47a1-5348-8ea6-b66293589b08","portrait"
"62aca186-e458-5046-bb82-fcf5d4d14386","animation"
"62aca186-e458-5046-bb82-fcf5d4d14386","portrait"
"5a8f054c-f82c-5d61-9b09-c1f1e6d48ea0","animation"
"5a8f054c-f82c-5d61-9b09-c1f1e6d48ea0","portrait"
"774cd62c-0655-5f9a-9a97-a07c1cdbf57f","photo"
"774cd62c-0655-5f9a-9a97-a07c1cdbf57f","portrait"
"774cd62c-0655-5f9a-9a97-a07c1cdbf57f","humour"
"803aa0cf-86b1-5881-a3b8-2a225ab57b36","photo"
"803aa0cf-86b1-5881-a3b8-2a225ab57b36","portrait"
"803aa0cf-86b1-5881-a3b8-2a225ab57b36","humour"
"db82b850-a95c-5a14-b348-95381c234ba1","photo"
"db82b850-a95c-5a14-b348-95381c234ba1","portrait"
"db82b850-a95c-5a14-b348-95381c234ba1","humour"
"c2ee2506-4960-511f-8554-52aa0492d554","photo"
"c2ee2506-4960-511f-8554-52aa0492d554","portrait"
"c2ee2506-4960-511f-8554-52aa0492d554","humour"
"c3bce64a-2d33-5018-a6d8-c9b29aa9ec13","photo"
"c3bce64a-2d33-5018-a6d8-c9b29aa9ec13","portrait"
"c3bce64a-2d33-5018-a6d8-c9b29aa9ec13","humour"
"53b11fed-ba8c-5b26-813e-558560e79278","photo"
"53b11fed-ba8c-5b26-813e-558560e79278","portrait"
"53b11fed-ba8c-5b26-813e-558560e79278","quotidien"
"53b11fed-ba8c-5b26-813e-558560e79278","humour"
"b7a87787-dd28-591b-af53-b1c6d0ba2259","photo"
"b7a87787-dd28-591b-af53-b1c6d0ba2259","portrait"
"b7a87787-dd28-591b-af53-b1c6d0ba2259","humour"
"fb34062c-92e3-5a1b-8e87-affb9c402347","photo"
"fb34062c-92e3-5a1b-8e87-affb9c402347","portrait"
"fb34062c-92e3-5a1b-8e87-affb9c402347","humour"
"c7ab3694-6346-5618-b73b-db52a1616d6d","photo"
"c7ab3694-6346-5618-b73b-db52a1616d6d","portrait"
"c7ab3694-6346-5618-b73b-db52a1616d6d","humour"
"c967ad9f-0e7d-5fa6-b784-090325a60de0","photo"
"c967ad9f-0e7d-5fa6-b784-090325a60de0","portrait"
"c967ad9f-0e7d-5fa6-b784-090325a60de0","quotidien"
"c967ad9f-0e7d-5fa6-b784-090325a60de0","humour"
"2220df72-c76d-5611-84c4-4715d1982832","photo"
"2220df72-c76d-5611-84c4-4715d1982832","portrait"
"2220df72-c76d-5611-84c4-4715d1982832","travail"
"2220df72-c76d-5611-84c4-4715d1982832","humour"
"49b8a0ed-55cc-5f51-aa21-2e512693aa40","photo"
"49b8a0ed-55cc-5f51-aa21-2e512693aa40","portrait"
"49b8a0ed-55cc-5f51-aa21-2e512693aa40","humour"
"e3f9133a-2f3a-57b6-b423-6bfa9369cbd3","photo"
"e3f9133a-2f3a-57b6-b423-6bfa9369cbd3","portrait"
"e3f9133a-2f3a-57b6-b423-6bfa9369cbd3","humour"
"33c1f8fd-fb5f-5524-8d91-97adc77a3021","photo"
"33c1f8fd-fb5f-5524-8d91-97adc77a3021","portrait"
"33c1f8fd-fb5f-5524-8d91-97adc77a3021","travail"
"33c1f8fd-fb5f-5524-8d91-97adc77a3021","humour"
"6ff91e80-b8f6-578f-958c-35639d31fb34","photo"
"6ff91e80-b8f6-578f-958c-35639d31fb34","portrait"
"6ff91e80-b8f6-578f-958c-35639d31fb34","quotidien"
"6ff91e80-b8f6-578f-958c-35639d31fb34","humour"
"cc3ea433-8599-5141-8814-f0d20a7240e7","photo"
"cc3ea433-8599-5141-8814-f0d20a7240e7","portrait"
"cc3ea433-8599-5141-8814-f0d20a7240e7","travail"
"cc3ea433-8599-5141-8814-f0d20a7240e7","humour"
"f8a4b07e-8e94-5c4b-b7d7-42f0655a6ca0","photo"
"f8a4b07e-8e94-5c4b-b7d7-42f0655a6ca0","portrait"
"f8a4b07e-8e94-5c4b-b7d7-42f0655a6ca0","animaux"
"f8a4b07e-8e94-5c4b-b7d7-42f0655a6ca0","humour"
"8e3f32ee-14cf-54e0-9576-319ba7e125e5","photo"
"8e3f32ee-14cf-54e0-9576-319ba7e125e5","portrait"
"8e3f32ee-14cf-54e0-9576-319ba7e125e5","travail"
"8e3f32ee-14cf-54e0-9576-319ba7e125e5","humour"
"82e37470-e20b-5716-8a2b-9a06ef86d09e","photo"
"82e37470-e20b-5716-8a2b-9a06ef86d09e","portrait"
"82e37470-e20b-5716-8a2b-9a06ef86d09e","quotidien"
"82e37470-e20b-5716-8a2b-9a06ef86d09e","humour"
"cdb259a8-c394-5031-be66-9aefe07f4fae","photo"
"cdb259a8-c394-5031-be66-9aefe07f4fae","portrait"
"cdb259a8-c394-5031-be66-9aefe07f4fae","animaux"
"cdb259a8-c394-5031-be66-9aefe07f4fae","humour"
"0d4c3bf7-d66a-5678-9dc6-5cde45d586b4","photo"
"0d4c3bf7-d66a-5678-9dc6-5cde45d586b4","portrait"
"0d4c3bf7-d66a-5678-9dc6-5cde45d586b4","humour"
"0d4c3bf7-d66a-5678-9dc6-5cde45d586b4","meme"
"a069f7e1-3c6f-5029-8d1c-6cf99dfe55bd","photo"
"a069f7e1-3c6f-5029-8d1c-6cf99dfe55bd","portrait"
"a069f7e1-3c6f-5029-8d1c-6cf99dfe55bd","humour"
"a069f7e1-3c6f-5029-8d1c-6cf99dfe55bd","meme"
"3dda0333-de52-5a74-bcf3-200c336aeef2","photo"
"3dda0333-de52-5a74-bcf3-200c336aeef2","portrait"
"3dda0333-de52-5a74-bcf3-200c336aeef2","humour"
"3dda0333-de52-5a74-bcf3-200c336aeef2","meme"
"2088d56c-5e30-59f1-9ece-e2cb8c774c6b","photo"
"2088d56c-5e30-59f1-9ece-e2cb8c774c6b","portrait"
"2088d56c-5e30-59f1-9ece-e2cb8c774c6b","humour"
"2088d56c-5e30-59f1-9ece-e2cb8c774c6b","meme"
"91a19bbc-7bd1-5c31-92fd-e62fdd4d2886","photo"
"91a19bbc-7bd1-5c31-92fd-e62fdd4d2886","portrait"
"91a19bbc-7bd1-5c31-92fd-e62fdd4d2886","humour"
"91a19bbc-7bd1-5c31-92fd-e62fdd4d2886","meme"
"7ad4711e-af2e-5348-ad74-56fd1e1b9622","photo"
"7ad4711e-af2e-5348-ad74-56fd1e1b9622","portrait"
"7ad4711e-af2e-5348-ad74-56fd1e1b9622","humour"
"7ad4711e-af2e-5348-ad74-56fd1e1b9622","meme"
"959c5157-b437-582e-9800-749e246546b7","photo"
"959c5157-b437-582e-9800-749e246546b7","portrait"
"959c5157-b437-582e-9800-749e246546b7","humour"
"959c5157-b437-582e-9800-749e246546b7","meme"
"ca97e303-32e9-5905-93e5-d7a2c37958a5","photo"
"ca97e303-32e9-5905-93e5-d7a2c37958a5","portrait"
"ca97e303-32e9-5905-93e5-d7a2c37958a5","humour"
"ca97e303-32e9-5905-93e5-d7a2c37958a5","meme"
"c41f8cae-c4e8-5203-a65e-ba4ea70105fa","photo"
"c41f8cae-c4e8-5203-a65e-ba4ea70105fa","portrait"
"c41f8cae-c4e8-5203-a65e-ba4ea70105fa","humour"
"c41f8cae-c4e8-5203-a65e-ba4ea70105fa","meme"
"f3506e33-9611-5bb6-aaf5-48a5c5c74cf7","photo"
"f3506e33-9611-5bb6-aaf5-48a5c5c74cf7","portrait"
"f3506e33-9611-5bb6-aaf5-48a5c5c74cf7","humour"
"f3506e33-9611-5bb6-aaf5-48a5c5c74cf7","meme"
"fcecf716-e680-5bc1-9f4b-35786eb6bf01","photo"
"fcecf716-e680-5bc1-9f4b-35786eb6bf01","portrait"
"fcecf716-e680-5bc1-9f4b-35786eb6bf01","humour"
"fcecf716-e680-5bc1-9f4b-35786eb6bf01","meme"
"acc11614-c4ab-5d93-94da-30960bc979a7","photo"
"acc11614-c4ab-5d93-94da-30960bc979a7","portrait"
"acc11614-c4ab-5d93-94da-30960bc979a7","humour"
"acc11614-c4ab-5d93-94da-30960bc979a7","meme"
"20043e4f-049f-5491-9f85-8a47a80d751d","photo"
"20043e4f-049f-5491-9f85-8a47a80d751d","portrait"
"20043e4f-049f-5491-9f85-8a47a80d751d","humour"
"20043e4f-049f-5491-9f85-8a47a80d751d","meme"
"f8cf40a3-1fd7-5a61-918e-700a2fb1160d","photo"
"f8cf40a3-1fd7-5a61-918e-700a2fb1160d","portrait"
"f8cf40a3-1fd7-5a61-918e-700a2fb1160d","humour"
"f8cf40a3-1fd7-5a61-918e-700a2fb1160d","meme"
"38ad2ad5-b8e2-5eb3-a9e2-c463a9763b06","photo"
"38ad2ad5-b8e2-5eb3-a9e2-c463a9763b06","portrait"
"38ad2ad5-b8e2-5eb3-a9e2-c463a9763b06","humour"
"38ad2ad5-b8e2-5eb3-a9e2-c463a9763b06","meme"
"4598e23a-9f3c-5726-9177-b63ba8aeeaa3","photo"
"4598e23a-9f3c-5726-9177-b63ba8aeeaa3","portrait"
"4598e23a-9f3c-5726-9177-b63ba8aeeaa3","humour"
"4598e23a-9f3c-5726-9177-b63ba8aeeaa3","meme"
"cc47be3a-48ce-5d50-8e1e-c8edd067bead","photo"
"cc47be3a-48ce-5d50-8e1e-c8edd067bead","portrait"
"cc47be3a-48ce-5d50-8e1e-c8edd067bead","humour"
"cc47be3a-48ce-5d50-8e1e-c8edd067bead","meme"
"fdba01be-8ce2-5d2e-9905-c0589336f1d3","photo"
"fdba01be-8ce2-5d2e-9905-c0589336f1d3","portrait"
"fdba01be-8ce2-5d2e-9905-c0589336f1d3","humour"
"fdba01be-8ce2-5d2e-9905-c0589336f1d3","meme"
"07571102-7d97-5f40-a0e8-9a5f02b24f84","photo"
"07571102-7d97-5f40-a0e8-9a5f02b24f84","portrait"
"07571102-7d97-5f40-a0e8-9a5f02b24f84","humour"
"07571102-7d97-5f40-a0e8-9a5f02b24f84","meme"
"e1bf4c5b-8a6b-5ce9-80f9-5fad13541260","photo"
"e1bf4c5b-8a6b-5ce9-80f9-5fad13541260","portrait"
"e1bf4c5b-8a6b-5ce9-80f9-5fad13541260","humour"
"e1bf4c5b-8a6b-5ce9-80f9-5fad13541260","meme"
"1b4b33f4-5ee2-578c-87ae-e954abe5e009","photo"
"1b4b33f4-5ee2-578c-87ae-e954abe5e009","portrait"
"1b4b33f4-5ee2-578c-87ae-e954abe5e009","montage"
"a431de72-ced4-5527-ada9-b25cf03a8252","photo"
"a431de72-ced4-5527-ada9-b25cf03a8252","portrait"
"a431de72-ced4-5527-ada9-b25cf03a8252","montage"
"7396f50e-206e-5002-9fbc-743edb0f09ad","photo"
"7396f50e-206e-5002-9fbc-743edb0f09ad","portrait"
"7396f50e-206e-5002-9fbc-743edb0f09ad","montage"
"2c5ed1b9-1692-585c-a61d-588bb1d7b0b6","photo"
"2c5ed1b9-1692-585c-a61d-588bb1d7b0b6","portrait"
"2c5ed1b9-1692-585c-a61d-588bb1d7b0b6","montage"
"0c58be25-af66-56e5-a819-f108c2d54897","photo"
"0c58be25-af66-56e5-a819-f108c2d54897","portrait"
"0c58be25-af66-56e5-a819-f108c2d54897","montage"
"6d6b4ff7-9319-537e-9934-2a5c919a9833","photo"
"6d6b4ff7-9319-537e-9934-2a5c919a9833","portrait"
"6d6b4ff7-9319-537e-9934-2a5c919a9833","montage"
"8ce7620f-bf38-5747-92ca-c43b3eb2050a","photo"
"8ce7620f-bf38-5747-92ca-c43b3eb2050a","portrait"
"8ce7620f-bf38-5747-92ca-c43b3eb2050a","montage"
"4c9adf16-64f3-510d-9c64-375e433cb802","photo"
"4c9adf16-64f3-510d-9c64-375e433cb802","portrait"
"4c9adf16-64f3-510d-9c64-375e433cb802","montage"
"d82caf79-8d50-5061-ad36-af4dc15e5c63","photo"
"d82caf79-8d50-5061-ad36-af4dc15e5c63","portrait"
"d82caf79-8d50-5061-ad36-af4dc15e5c63","montage"
"441ea89f-f716-5364-9a3c-828483946956","photo"
"441ea89f-f716-5364-9a3c-828483946956","portrait"
"441ea89f-f716-5364-9a3c-828483946956","montage"
"410dee3c-1a8c-5760-8bf5-3f72d5b351e4","photo"
"410dee3c-1a8c-5760-8bf5-3f72d5b351e4","portrait"
"410dee3c-1a8c-5760-8bf5-3f72d5b351e4","montage"
"ec1c657f-d2e8-59e7-bc16-9d5ae3da8415","photo"
"ec1c657f-d2e8-59e7-bc16-9d5ae3da8415","portrait"
"ec1c657f-d2e8-59e7-bc16-9d5ae3da8415","montage"
"57d80943-94df-5afd-944e-91cf2c6228fa","photo"
"57d80943-94df-5afd-944e-91cf2c6228fa","portrait"
"57d80943-94df-5afd-944e-91cf2c6228fa","montage"
"35a6de6e-b029-5c13-8251-03da4c5a9487","photo"
"35a6de6e-b029-5c13-8251-03da4c5a9487","portrait"
"35a6de6e-b029-5c13-8251-03da4c5a9487","montage"
"dcef1415-f5ff-5bb4-b467-314fc10353cb","photo"
"dcef1415-f5ff-5bb4-b467-314fc10353cb","portrait"
"dcef1415-f5ff-5bb4-b467-314fc10353cb","montage"
"00874862-38f2-5350-8705-3b8d7a8f4fb7","photo"
"00874862-38f2-5350-8705-3b8d7a8f4fb7","portrait"
"00874862-38f2-5350-8705-3b8d7a8f4fb7","montage"
"ecea2135-1c14-5eaf-9e90-6b89c1468af2","photo"
"ecea2135-1c14-5eaf-9e90-6b89c1468af2","portrait"
"ecea2135-1c14-5eaf-9e90-6b89c1468af2","montage"
"568cb38e-3349-58c8-b76f-390de0621f45","photo"
"568cb38e-3349-58c8-b76f-390de0621f45","portrait"
"568cb38e-3349-58c8-b76f-390de0621f45","montage"
"c4be680c-65d8-56c8-9346-4a8eec5ea122","photo"
"c4be680c-65d8-56c8-9346-4a8eec5ea122","portrait"
"c4be680c-65d8-56c8-9346-4a8eec5ea122","montage"
"c662e8e2-b737-5dbb-b3cc-a85b22c5f464","photo"
"c662e8e2-b737-5dbb-b3cc-a85b22c5f464","portrait"
"c662e8e2-b737-5dbb-b3cc-a85b22c5f464","montage"
"ff392b51-11be-5f55-8841-00e72c2d42a5","photo"
"ff392b51-11be-5f55-8841-00e72c2d42a5","portrait"
"ff392b51-11be-5f55-8841-00e72c2d42a5","surrealisme"
"ff392b51-11be-5f55-8841-00e72c2d42a5","montage"
"1cd2fb29-f14d-51d2-9a9b-a1bd39896c02","photo"
"1cd2fb29-f14d-51d2-9a9b-a1bd39896c02","portrait"
"1cd2fb29-f14d-51d2-9a9b-a1bd39896c02","surrealisme"
"1cd2fb29-f14d-51d2-9a9b-a1bd39896c02","montage"
"14544383-7000-5bb0-b4ec-8cc59328243f","photo"
"14544383-7000-5bb0-b4ec-8cc59328243f","portrait"
"14544383-7000-5bb0-b4ec-8cc59328243f","surrealisme"
"14544383-7000-5bb0-b4ec-8cc59328243f","montage"
"2a425afe-b9e7-53e9-99c7-1ea3df6e771b","photo"
"2a425afe-b9e7-53e9-99c7-1ea3df6e771b","portrait"
"2a425afe-b9e7-53e9-99c7-1ea3df6e771b","miniature"
"2a425afe-b9e7-53e9-99c7-1ea3df6e771b","montage"
"e38779d8-3600-514e-9cde-586bc283c571","photo"
"e38779d8-3600-514e-9cde-586bc283c571","portrait"
"e38779d8-3600-514e-9cde-586bc283c571","surrealisme"
"e38779d8-3600-514e-9cde-586bc283c571","montage"
"f640e45b-abc1-514a-98c3-5662c5c6393f","photo"
"f640e45b-abc1-514a-98c3-5662c5c6393f","portrait"
"f640e45b-abc1-514a-98c3-5662c5c6393f","humour"
"f640e45b-abc1-514a-98c3-5662c5c6393f","montage"
"67fb90bd-1a31-51a2-982d-15b64aceedea","photo"
"67fb90bd-1a31-51a2-982d-15b64aceedea","portrait"
"67fb90bd-1a31-51a2-982d-15b64aceedea","surrealisme"
"67fb90bd-1a31-51a2-982d-15b64aceedea","montage"
"91dbcf33-51cf-5f85-883e-6879b32fd9e8","photo"
"91dbcf33-51cf-5f85-883e-6879b32fd9e8","portrait"
"91dbcf33-51cf-5f85-883e-6879b32fd9e8","surrealisme"
"91dbcf33-51cf-5f85-883e-6879b32fd9e8","montage"
"f713a3ad-e90c-530f-888b-ca1680771981","photo"
"f713a3ad-e90c-530f-888b-ca1680771981","portrait"
"f713a3ad-e90c-530f-888b-ca1680771981","surrealisme"
"f713a3ad-e90c-530f-888b-ca1680771981","montage"
"79b0c0c8-3157-569d-809e-bd169d507384","photo"
"79b0c0c8-3157-569d-809e-bd169d507384","portrait"
"79b0c0c8-3157-569d-809e-bd169d507384","surrealisme"
"79b0c0c8-3157-569d-809e-bd169d507384","montage"
"f9f5c210-b3d6-5084-90d6-83ca442d301c","photo"
"f9f5c210-b3d6-5084-90d6-83ca442d301c","portrait"
"f9f5c210-b3d6-5084-90d6-83ca442d301c","miniature"
"f9f5c210-b3d6-5084-90d6-83ca442d301c","montage"
"4de67999-373f-5391-9aca-43b8555f1edd","photo"
"4de67999-373f-5391-9aca-43b8555f1edd","portrait"
"4de67999-373f-5391-9aca-43b8555f1edd","surrealisme"
"4de67999-373f-5391-9aca-43b8555f1edd","montage"
"15859d55-2da0-5c3b-9720-9738f691119d","photo"
"15859d55-2da0-5c3b-9720-9738f691119d","portrait"
"15859d55-2da0-5c3b-9720-9738f691119d","surrealisme"
"15859d55-2da0-5c3b-9720-9738f691119d","montage"
"765e66b5-fdb2-5255-b3d8-c0c06fd9feef","photo"
"765e66b5-fdb2-5255-b3d8-c0c06fd9feef","portrait"
"765e66b5-fdb2-5255-b3d8-c0c06fd9feef","surrealisme"
"765e66b5-fdb2-5255-b3d8-c0c06fd9feef","montage"
"ca0ebb4c-7173-5d21-911a-318d21a4deb7","photo"
"ca0ebb4c-7173-5d21-911a-318d21a4deb7","portrait"
"ca0ebb4c-7173-5d21-911a-318d21a4deb7","humour"
"ca0ebb4c-7173-5d21-911a-318d21a4deb7","montage"
"5877c4d6-b8f8-50e3-99c7-4d041beaeb04","photo"
"5877c4d6-b8f8-50e3-99c7-4d041beaeb04","portrait"
"5877c4d6-b8f8-50e3-99c7-4d041beaeb04","surrealisme"
"5877c4d6-b8f8-50e3-99c7-4d041beaeb04","montage"
"85f99031-695e-519f-a42b-18567f65082c","photo"
"85f99031-695e-519f-a42b-18567f65082c","portrait"
"85f99031-695e-519f-a42b-18567f65082c","surrealisme"
"85f99031-695e-519f-a42b-18567f65082c","montage"
"82cd1eba-f5c1-5fa4-9ecd-b72a107223f0","photo"
"82cd1eba-f5c1-5fa4-9ecd-b72a107223f0","portrait"
"82cd1eba-f5c1-5fa4-9ecd-b72a107223f0","surrealisme"
"82cd1eba-f5c1-5fa4-9ecd-b72a107223f0","montage"
"cf009572-6e7d-533d-9699-04c344addd79","photo"
"cf009572-6e7d-533d-9699-04c344addd79","portrait"
"cf009572-6e7d-533d-9699-04c344addd79","surrealisme"
"cf009572-6e7d-533d-9699-04c344addd79","montage"
"67822258-c6f3-5b33-bd86-2af9abb4adb7","photo"
"67822258-c6f3-5b33-bd86-2af9abb4adb7","portrait"
"67822258-c6f3-5b33-bd86-2af9abb4adb7","surrealisme"
"67822258-c6f3-5b33-bd86-2af9abb4adb7","montage"
"8743bdc1-b5c4-58c3-aab4-f6e59bfa2f8c","photo"
"8743bdc1-b5c4-58c3-aab4-f6e59bfa2f8c","portrait"
"f664572a-b42e-55a9-bfca-ccdd94dc8683","photo"
"f664572a-b42e-55a9-bfca-ccdd94dc8683","portrait"
"470e03b2-743e-5f1f-8ea7-83e28f693bfb","photo"
"470e03b2-743e-5f1f-8ea7-83e28f693bfb","portrait"
"470e03b2-743e-5f1f-8ea7-83e28f693bfb","retro"
"a9b076ee-5af4-5476-bf1f-7cf9c32cf98a","photo"
"a9b076ee-5af4-5476-bf1f-7cf9c32cf98a","portrait"
"52b59145-b055-5aa7-8c80-8e8865eec7c6","photo"
"52b59145-b055-5aa7-8c80-8e8865eec7c6","portrait"
"e02c3020-8ea5-5568-8d43-639118e52f3f","photo"
"e02c3020-8ea5-5568-8d43-639118e52f3f","portrait"
"23393402-6aa3-562d-b4cd-e450966ba03c","photo"
"23393402-6aa3-562d-b4cd-e450966ba03c","portrait"
"23393402-6aa3-562d-b4cd-e450966ba03c","retro"
"58ed3638-91bf-5e0c-9511-6f1e684cc30d","photo"
"58ed3638-91bf-5e0c-9511-6f1e684cc30d","portrait"
"3f73f660-17dd-58b4-bf2d-2b4b192b4fa1","photo"
"3f73f660-17dd-58b4-bf2d-2b4b192b4fa1","portrait"
"6cbe3731-2164-5a93-a98e-5d458a2d145f","photo"
"6cbe3731-2164-5a93-a98e-5d458a2d145f","portrait"
"22520140-44e6-547a-8500-c3f6f6a363d5","photo"
"22520140-44e6-547a-8500-c3f6f6a363d5","portrait"
"2da424b0-7a53-5ded-969c-13b87bca6d31","photo"
"2da424b0-7a53-5ded-969c-13b87bca6d31","portrait"
"7f89ee2e-2a74-5858-b8f4-0e172ee1000a","photo"
"7f89ee2e-2a74-5858-b8f4-0e172ee1000a","portrait"
"995650ce-4d05-5eca-ad40-bbdd8a3fad2e","photo"
"995650ce-4d05-5eca-ad40-bbdd8a3fad2e","portrait"
"55639ab8-7916-5eeb-99be-6dd4127bd0ec","photo"
"55639ab8-7916-5eeb-99be-6dd4127bd0ec","portrait"
"b431cfec-8221-58b1-9ce0-80e1890782b4","photo"
"b431cfec-8221-58b1-9ce0-80e1890782b4","portrait"
"15d148b5-2cd0-5106-8918-523f3de200ad","photo"
"15d148b5-2cd0-5106-8918-523f3de200ad","portrait"
"15d148b5-2cd0-5106-8918-523f3de200ad","retro"
"485abf59-094a-55dc-a151-31cecb590cc3","photo"
"485abf59-094a-55dc-a151-31cecb590cc3","portrait"
"b9201c7b-3510-5ca3-ad5d-7ba6ee663fca","photo"
"b9201c7b-3510-5ca3-ad5d-7ba6ee663fca","portrait"
"d115f172-9794-580f-8703-daa939c79eaf","photo"
"d115f172-9794-580f-8703-daa939c79eaf","portrait"
"d115f172-9794-580f-8703-daa939c79eaf","retro"
"43d7b31a-ab3c-54a9-ba54-dd16ab930719","photo"
"43d7b31a-ab3c-54a9-ba54-dd16ab930719","portrait"
"43d7b31a-ab3c-54a9-ba54-dd16ab930719","artisanat"
"e39adad6-26af-5210-8606-3b6ebd0d6981","photo"
"e39adad6-26af-5210-8606-3b6ebd0d6981","portrait"
"e39adad6-26af-5210-8606-3b6ebd0d6981","produit"
"029b6dba-e850-5d55-9b06-8b79f905cb24","photo"
"029b6dba-e850-5d55-9b06-8b79f905cb24","portrait"
"029b6dba-e850-5d55-9b06-8b79f905cb24","alimentation"
"be64e280-6ace-5502-b525-93c146ab1c46","photo"
"be64e280-6ace-5502-b525-93c146ab1c46","portrait"
"2465f763-6fa4-5712-8ea6-384c1a2047fd","photo"
"2465f763-6fa4-5712-8ea6-384c1a2047fd","portrait"
"2465f763-6fa4-5712-8ea6-384c1a2047fd","artisanat"
"748278fc-e26e-5fe0-80ab-8fd2b591cdd5","photo"
"748278fc-e26e-5fe0-80ab-8fd2b591cdd5","portrait"
"748278fc-e26e-5fe0-80ab-8fd2b591cdd5","nature"
"6cd0aee5-13b2-5ca5-8f08-88118127cb91","photo"
"6cd0aee5-13b2-5ca5-8f08-88118127cb91","portrait"
"6cd0aee5-13b2-5ca5-8f08-88118127cb91","mode"
"bba70729-f7f7-5e96-91af-91172976f36f","photo"
"bba70729-f7f7-5e96-91af-91172976f36f","portrait"
"bba70729-f7f7-5e96-91af-91172976f36f","musique"
"76e663db-e2bf-5679-a7c5-42989920e43b","photo"
"76e663db-e2bf-5679-a7c5-42989920e43b","portrait"
"76e663db-e2bf-5679-a7c5-42989920e43b","apprentissage"
"d5b89cd5-b470-5030-8fdf-1caeb32c7ee2","photo"
"d5b89cd5-b470-5030-8fdf-1caeb32c7ee2","portrait"
"d5b89cd5-b470-5030-8fdf-1caeb32c7ee2","apprentissage"
"3d92c66a-0573-5224-b031-4eca547b7f06","photo"
"3d92c66a-0573-5224-b031-4eca547b7f06","portrait"
"3d92c66a-0573-5224-b031-4eca547b7f06","architecture"
"6e568970-ff0a-5575-a233-77f1816bfe86","photo"
"6e568970-ff0a-5575-a233-77f1816bfe86","portrait"
"6e568970-ff0a-5575-a233-77f1816bfe86","mode"
"53296bd6-c092-5744-9200-e7eb853dee93","photo"
"53296bd6-c092-5744-9200-e7eb853dee93","portrait"
"53296bd6-c092-5744-9200-e7eb853dee93","musique"
"214acabd-aced-5aa2-b64f-4d0e7c72b9f8","photo"
"214acabd-aced-5aa2-b64f-4d0e7c72b9f8","portrait"
"214acabd-aced-5aa2-b64f-4d0e7c72b9f8","nature"
"f58c873b-45ad-5975-9bf5-a6ac94b8cf4e","photo"
"f58c873b-45ad-5975-9bf5-a6ac94b8cf4e","portrait"
"f58c873b-45ad-5975-9bf5-a6ac94b8cf4e","communication"
"94f89309-7751-58b5-b0e7-cbfb21905e0b","photo"
"94f89309-7751-58b5-b0e7-cbfb21905e0b","portrait"
"94f89309-7751-58b5-b0e7-cbfb21905e0b","alimentation"
"8cec152f-03c7-5a59-9d9b-969a1d277796","photo"
"8cec152f-03c7-5a59-9d9b-969a1d277796","portrait"
"8cec152f-03c7-5a59-9d9b-969a1d277796","cinema"
"084b2b42-543b-5dd1-b4e2-8fa73f668731","photo"
"084b2b42-543b-5dd1-b4e2-8fa73f668731","portrait"
"084b2b42-543b-5dd1-b4e2-8fa73f668731","artisanat"
"4d2fa831-6da9-5b48-8cf6-5a38275f3f8d","photo"
"4d2fa831-6da9-5b48-8cf6-5a38275f3f8d","portrait"
"4d2fa831-6da9-5b48-8cf6-5a38275f3f8d","communication"
"89d34e2d-ca65-592a-aea8-b76ddbcc7aeb","photo"
"89d34e2d-ca65-592a-aea8-b76ddbcc7aeb","portrait"
"89d34e2d-ca65-592a-aea8-b76ddbcc7aeb","marque"
"80164958-7658-5d14-9773-c28c4a5c124e","photo"
"80164958-7658-5d14-9773-c28c4a5c124e","souvenir"
"a4a7035b-8461-5207-9fe3-0cf92545755d","photo"
"a4a7035b-8461-5207-9fe3-0cf92545755d","souvenir"
"ade5964a-6e99-52f3-9773-2b4256c0bd53","photo"
"ade5964a-6e99-52f3-9773-2b4256c0bd53","souvenir"
"943d5d35-d0ed-5136-ae9f-867c23a8d81c","photo"
"943d5d35-d0ed-5136-ae9f-867c23a8d81c","souvenir"
"5baa3d96-b585-5767-9670-6a76c4063bbf","photo"
"5baa3d96-b585-5767-9670-6a76c4063bbf","souvenir"
"07cb34c9-7345-57ab-af5c-e9efcb56bd89","photo"
"07cb34c9-7345-57ab-af5c-e9efcb56bd89","souvenir"
"f4c909a0-7f29-53a9-be76-6e8c5ca816a2","photo"
"f4c909a0-7f29-53a9-be76-6e8c5ca816a2","souvenir"
"4a496b77-63ba-521f-810c-8e6cda35b39a","photo"
"4a496b77-63ba-521f-810c-8e6cda35b39a","souvenir"
"e32d7751-0e1b-54b7-bfe5-0497db67b227","photo"
"e32d7751-0e1b-54b7-bfe5-0497db67b227","souvenir"
"ee9916ad-e690-506e-92b2-62c15c5143a2","photo"
"ee9916ad-e690-506e-92b2-62c15c5143a2","souvenir"
"ee9916ad-e690-506e-92b2-62c15c5143a2","animaux"
"951b7b83-c6e2-5609-a416-d6d027272c54","photo"
"951b7b83-c6e2-5609-a416-d6d027272c54","souvenir"
"951b7b83-c6e2-5609-a416-d6d027272c54","animaux"
"2c0f176f-8851-58af-a0bc-511b2ec6c17b","photo"
"2c0f176f-8851-58af-a0bc-511b2ec6c17b","souvenir"
"727ce1b2-9e51-59e2-9682-fe63a01477f3","photo"
"727ce1b2-9e51-59e2-9682-fe63a01477f3","souvenir"
"f6a815b9-cf3a-56e3-999d-4184c49e5984","photo"
"f6a815b9-cf3a-56e3-999d-4184c49e5984","souvenir"
"54a39963-53f3-5059-9ca8-e7959dff2b12","photo"
"54a39963-53f3-5059-9ca8-e7959dff2b12","souvenir"
"3bb67ea2-2de3-5198-ac29-741031402a50","photo"
"3bb67ea2-2de3-5198-ac29-741031402a50","souvenir"
"af4865f4-8259-55ff-b25f-f0fb019dbf7d","photo"
"af4865f4-8259-55ff-b25f-f0fb019dbf7d","souvenir"
"1e026800-482f-5d15-a906-c05222379650","photo"
"1e026800-482f-5d15-a906-c05222379650","souvenir"
"5be1f304-bdc2-53e0-9154-bc4f3ceb6864","photo"
"5be1f304-bdc2-53e0-9154-bc4f3ceb6864","souvenir"
"95ee4415-5003-56c8-bef0-4f166532cce6","photo"
"95ee4415-5003-56c8-bef0-4f166532cce6","souvenir"
"95ee4415-5003-56c8-bef0-4f166532cce6","musique"
"df8c7e43-a53d-5978-9b95-c1aebd980117","photo"
"df8c7e43-a53d-5978-9b95-c1aebd980117","publicite"
"df8c7e43-a53d-5978-9b95-c1aebd980117","mode"
"df8c7e43-a53d-5978-9b95-c1aebd980117","couverture"
"86d49864-02b0-5885-8c36-bf65c90b7eed","photo"
"86d49864-02b0-5885-8c36-bf65c90b7eed","publicite"
"86d49864-02b0-5885-8c36-bf65c90b7eed","travail"
"86d49864-02b0-5885-8c36-bf65c90b7eed","couverture"
"e7fdd4b0-deb0-5712-af65-9df74c86e22d","photo"
"e7fdd4b0-deb0-5712-af65-9df74c86e22d","publicite"
"e7fdd4b0-deb0-5712-af65-9df74c86e22d","alimentation"
"e7fdd4b0-deb0-5712-af65-9df74c86e22d","couverture"
"e1a6a01a-f182-5d96-86b4-98829cc1d45e","photo"
"e1a6a01a-f182-5d96-86b4-98829cc1d45e","publicite"
"e1a6a01a-f182-5d96-86b4-98829cc1d45e","produit"
"e1a6a01a-f182-5d96-86b4-98829cc1d45e","couverture"
"3a8f5418-548d-50df-b634-409d1c6b0f72","photo"
"3a8f5418-548d-50df-b634-409d1c6b0f72","publicite"
"3a8f5418-548d-50df-b634-409d1c6b0f72","musique"
"3a8f5418-548d-50df-b634-409d1c6b0f72","couverture"
"c611d9e5-57fa-5888-b81c-2ca8dede4005","photo"
"c611d9e5-57fa-5888-b81c-2ca8dede4005","publicite"
"c611d9e5-57fa-5888-b81c-2ca8dede4005","voyage"
"c611d9e5-57fa-5888-b81c-2ca8dede4005","couverture"
"74c8f1aa-ea82-5416-94a8-6ecd39bcdd84","photo"
"74c8f1aa-ea82-5416-94a8-6ecd39bcdd84","publicite"
"74c8f1aa-ea82-5416-94a8-6ecd39bcdd84","architecture"
"74c8f1aa-ea82-5416-94a8-6ecd39bcdd84","couverture"
"a71efb39-ab74-5dd2-bef2-7805acf663da","photo"
"a71efb39-ab74-5dd2-bef2-7805acf663da","publicite"
"a71efb39-ab74-5dd2-bef2-7805acf663da","sport"
"a71efb39-ab74-5dd2-bef2-7805acf663da","couverture"
"efa50585-e512-5fe6-b3de-fc7e55404307","photo"
"efa50585-e512-5fe6-b3de-fc7e55404307","publicite"
"efa50585-e512-5fe6-b3de-fc7e55404307","cinema"
"efa50585-e512-5fe6-b3de-fc7e55404307","couverture"
"527f8524-bc4a-5b2e-9b1f-75799da4aa22","photo"
"527f8524-bc4a-5b2e-9b1f-75799da4aa22","publicite"
"527f8524-bc4a-5b2e-9b1f-75799da4aa22","artisanat"
"527f8524-bc4a-5b2e-9b1f-75799da4aa22","couverture"
"acfc9c79-5348-5452-9fe8-b2805ab49c11","photo"
"acfc9c79-5348-5452-9fe8-b2805ab49c11","publicite"
"acfc9c79-5348-5452-9fe8-b2805ab49c11","nature"
"acfc9c79-5348-5452-9fe8-b2805ab49c11","couverture"
"c84d156f-001c-5596-82ce-88f109bd0d44","photo"
"c84d156f-001c-5596-82ce-88f109bd0d44","publicite"
"c84d156f-001c-5596-82ce-88f109bd0d44","couverture"
"a96dbc8f-bcff-52fb-beb6-fe336d5d651e","photo"
"a96dbc8f-bcff-52fb-beb6-fe336d5d651e","publicite"
"a96dbc8f-bcff-52fb-beb6-fe336d5d651e","communication"
"a96dbc8f-bcff-52fb-beb6-fe336d5d651e","couverture"
"27b2ed84-cd83-5eaa-ad81-a5b06209ecd5","photo"
"27b2ed84-cd83-5eaa-ad81-a5b06209ecd5","publicite"
"27b2ed84-cd83-5eaa-ad81-a5b06209ecd5","mode"
"27b2ed84-cd83-5eaa-ad81-a5b06209ecd5","couverture"
"7e7397e2-a61b-5883-b212-78675dc3afcc","photo"
"7e7397e2-a61b-5883-b212-78675dc3afcc","publicite"
"7e7397e2-a61b-5883-b212-78675dc3afcc","surrealisme"
"7e7397e2-a61b-5883-b212-78675dc3afcc","couverture"
"5f919f69-209f-51ab-b3ad-73fc137837bf","photo"
"5f919f69-209f-51ab-b3ad-73fc137837bf","publicite"
"5f919f69-209f-51ab-b3ad-73fc137837bf","animaux"
"5f919f69-209f-51ab-b3ad-73fc137837bf","couverture"
"b7ba0217-0d81-5b06-b78b-675cf3aa226a","photo"
"b7ba0217-0d81-5b06-b78b-675cf3aa226a","publicite"
"b7ba0217-0d81-5b06-b78b-675cf3aa226a","souvenir"
"b7ba0217-0d81-5b06-b78b-675cf3aa226a","couverture"
"0b207d0d-f4d7-5e1d-8313-28cbe602b2d8","photo"
"0b207d0d-f4d7-5e1d-8313-28cbe602b2d8","publicite"
"0b207d0d-f4d7-5e1d-8313-28cbe602b2d8","apprentissage"
"0b207d0d-f4d7-5e1d-8313-28cbe602b2d8","couverture"
"a326acf2-3411-5a86-b360-d7c897b96692","photo"
"a326acf2-3411-5a86-b360-d7c897b96692","publicite"
"a326acf2-3411-5a86-b360-d7c897b96692","communication"
"a326acf2-3411-5a86-b360-d7c897b96692","couverture"
"7c66c101-e186-5305-bfa7-bebf03669b6e","photo"
"7c66c101-e186-5305-bfa7-bebf03669b6e","publicite"
"7c66c101-e186-5305-bfa7-bebf03669b6e","marque"
"7c66c101-e186-5305-bfa7-bebf03669b6e","couverture"
"1b698c03-b191-5ffc-a1d2-21ea43741aac","photo"
"1b698c03-b191-5ffc-a1d2-21ea43741aac","publicite"
"1b698c03-b191-5ffc-a1d2-21ea43741aac","affiche"
"1b698c03-b191-5ffc-a1d2-21ea43741aac","marque"
"5f4fd4e7-0f65-57d0-bb3d-f9684dbdcda0","photo"
"5f4fd4e7-0f65-57d0-bb3d-f9684dbdcda0","publicite"
"5f4fd4e7-0f65-57d0-bb3d-f9684dbdcda0","affiche"
"5f4fd4e7-0f65-57d0-bb3d-f9684dbdcda0","marque"
"144e7703-763d-546c-a296-d3b3c55e284e","photo"
"144e7703-763d-546c-a296-d3b3c55e284e","publicite"
"144e7703-763d-546c-a296-d3b3c55e284e","affiche"
"144e7703-763d-546c-a296-d3b3c55e284e","marque"
"b2556521-4bc2-5d97-bc17-d31e23bc4a5a","photo"
"b2556521-4bc2-5d97-bc17-d31e23bc4a5a","publicite"
"b2556521-4bc2-5d97-bc17-d31e23bc4a5a","affiche"
"b2556521-4bc2-5d97-bc17-d31e23bc4a5a","marque"
"1ca988c5-818f-5b58-88ee-6ed98ab7f1a4","photo"
"1ca988c5-818f-5b58-88ee-6ed98ab7f1a4","publicite"
"1ca988c5-818f-5b58-88ee-6ed98ab7f1a4","affiche"
"1ca988c5-818f-5b58-88ee-6ed98ab7f1a4","marque"
"23399714-a93f-555c-9343-e1f9557f6195","photo"
"23399714-a93f-555c-9343-e1f9557f6195","publicite"
"23399714-a93f-555c-9343-e1f9557f6195","affiche"
"23399714-a93f-555c-9343-e1f9557f6195","marque"
"c9acf07e-9496-5bcf-8daf-b938cd5fc5ca","photo"
"c9acf07e-9496-5bcf-8daf-b938cd5fc5ca","publicite"
"c9acf07e-9496-5bcf-8daf-b938cd5fc5ca","affiche"
"c9acf07e-9496-5bcf-8daf-b938cd5fc5ca","marque"
"a847fd00-6cbf-51bc-8688-0e6763962961","photo"
"a847fd00-6cbf-51bc-8688-0e6763962961","publicite"
"a847fd00-6cbf-51bc-8688-0e6763962961","affiche"
"a847fd00-6cbf-51bc-8688-0e6763962961","marque"
"b741c7d0-07c0-54bc-9e47-9248cd8289e5","photo"
"b741c7d0-07c0-54bc-9e47-9248cd8289e5","publicite"
"b741c7d0-07c0-54bc-9e47-9248cd8289e5","affiche"
"b741c7d0-07c0-54bc-9e47-9248cd8289e5","marque"
"0bbe4092-eb0a-5852-9767-42a0aecb2070","photo"
"0bbe4092-eb0a-5852-9767-42a0aecb2070","publicite"
"0bbe4092-eb0a-5852-9767-42a0aecb2070","affiche"
"0bbe4092-eb0a-5852-9767-42a0aecb2070","marque"
"1de2594f-ce63-506e-94b9-96ffccaa3b45","photo"
"1de2594f-ce63-506e-94b9-96ffccaa3b45","publicite"
"1de2594f-ce63-506e-94b9-96ffccaa3b45","affiche"
"1de2594f-ce63-506e-94b9-96ffccaa3b45","marque"
"5a18a7ca-fc32-5ac4-b681-f8f8f5518d10","photo"
"5a18a7ca-fc32-5ac4-b681-f8f8f5518d10","publicite"
"5a18a7ca-fc32-5ac4-b681-f8f8f5518d10","marque"
"5a18a7ca-fc32-5ac4-b681-f8f8f5518d10","affiche"
"23e2f237-1151-54e5-a9db-1782d2adcd94","photo"
"23e2f237-1151-54e5-a9db-1782d2adcd94","publicite"
"23e2f237-1151-54e5-a9db-1782d2adcd94","affiche"
"23e2f237-1151-54e5-a9db-1782d2adcd94","marque"
"df85b618-3766-5e96-a8af-2d0adb0c399a","photo"
"df85b618-3766-5e96-a8af-2d0adb0c399a","publicite"
"df85b618-3766-5e96-a8af-2d0adb0c399a","affiche"
"df85b618-3766-5e96-a8af-2d0adb0c399a","marque"
"ed686aaa-237d-5b00-9d2a-9984b33bf77d","photo"
"ed686aaa-237d-5b00-9d2a-9984b33bf77d","publicite"
"ed686aaa-237d-5b00-9d2a-9984b33bf77d","affiche"
"ed686aaa-237d-5b00-9d2a-9984b33bf77d","marque"
"68c7ccec-14f6-5c41-930f-151a3f183fcf","photo"
"68c7ccec-14f6-5c41-930f-151a3f183fcf","publicite"
"68c7ccec-14f6-5c41-930f-151a3f183fcf","affiche"
"68c7ccec-14f6-5c41-930f-151a3f183fcf","marque"
"33f546ac-ef7e-51fb-9672-5239c7d05d27","photo"
"33f546ac-ef7e-51fb-9672-5239c7d05d27","publicite"
"33f546ac-ef7e-51fb-9672-5239c7d05d27","affiche"
"33f546ac-ef7e-51fb-9672-5239c7d05d27","marque"
"6aaa57b6-82d9-57a7-bae1-2492a1189c52","photo"
"6aaa57b6-82d9-57a7-bae1-2492a1189c52","publicite"
"6aaa57b6-82d9-57a7-bae1-2492a1189c52","affiche"
"6aaa57b6-82d9-57a7-bae1-2492a1189c52","marque"
"4a0a2b51-456b-52e7-ac94-3282c544eb3c","photo"
"4a0a2b51-456b-52e7-ac94-3282c544eb3c","publicite"
"4a0a2b51-456b-52e7-ac94-3282c544eb3c","affiche"
"4a0a2b51-456b-52e7-ac94-3282c544eb3c","marque"
"3071ad7b-981c-533f-94e2-de335adedd68","photo"
"3071ad7b-981c-533f-94e2-de335adedd68","publicite"
"3071ad7b-981c-533f-94e2-de335adedd68","marque"
"3071ad7b-981c-533f-94e2-de335adedd68","affiche"
"f7876da7-4f51-53cc-ad72-e9f8832bc77b","graphisme"
"f7876da7-4f51-53cc-ad72-e9f8832bc77b","publicite"
"f7876da7-4f51-53cc-ad72-e9f8832bc77b","affiche"
"f7876da7-4f51-53cc-ad72-e9f8832bc77b","marque"
"cdb3e064-4875-5809-96a2-07213c88af09","graphisme"
"cdb3e064-4875-5809-96a2-07213c88af09","publicite"
"cdb3e064-4875-5809-96a2-07213c88af09","affiche"
"cdb3e064-4875-5809-96a2-07213c88af09","marque"
"c7232241-9f7f-595d-8ee3-bb44fcc9168c","graphisme"
"c7232241-9f7f-595d-8ee3-bb44fcc9168c","publicite"
"c7232241-9f7f-595d-8ee3-bb44fcc9168c","affiche"
"c7232241-9f7f-595d-8ee3-bb44fcc9168c","marque"
"162775ec-32ef-53be-9a9d-0d4c84990547","graphisme"
"162775ec-32ef-53be-9a9d-0d4c84990547","publicite"
"162775ec-32ef-53be-9a9d-0d4c84990547","affiche"
"162775ec-32ef-53be-9a9d-0d4c84990547","marque"
"1a1ed945-7c29-5a1c-a5b0-4855a6d11fb4","graphisme"
"1a1ed945-7c29-5a1c-a5b0-4855a6d11fb4","publicite"
"1a1ed945-7c29-5a1c-a5b0-4855a6d11fb4","affiche"
"1a1ed945-7c29-5a1c-a5b0-4855a6d11fb4","marque"
"3e7525c8-a4e1-5f11-8bc4-7220b032b9c7","graphisme"
"3e7525c8-a4e1-5f11-8bc4-7220b032b9c7","publicite"
"3e7525c8-a4e1-5f11-8bc4-7220b032b9c7","affiche"
"3e7525c8-a4e1-5f11-8bc4-7220b032b9c7","marque"
"6e921ecb-0b3c-53b7-82e1-d87f6d8f006f","graphisme"
"6e921ecb-0b3c-53b7-82e1-d87f6d8f006f","publicite"
"6e921ecb-0b3c-53b7-82e1-d87f6d8f006f","affiche"
"6e921ecb-0b3c-53b7-82e1-d87f6d8f006f","marque"
"5c06170c-aa0d-54e9-a200-36079693df25","graphisme"
"5c06170c-aa0d-54e9-a200-36079693df25","publicite"
"5c06170c-aa0d-54e9-a200-36079693df25","affiche"
"5c06170c-aa0d-54e9-a200-36079693df25","marque"
"43920c6f-5ec6-5f75-807e-deed97b31c29","graphisme"
"43920c6f-5ec6-5f75-807e-deed97b31c29","publicite"
"43920c6f-5ec6-5f75-807e-deed97b31c29","affiche"
"43920c6f-5ec6-5f75-807e-deed97b31c29","marque"
"4ce51242-be56-5c75-a3e2-77302e35aae8","graphisme"
"4ce51242-be56-5c75-a3e2-77302e35aae8","publicite"
"4ce51242-be56-5c75-a3e2-77302e35aae8","affiche"
"4ce51242-be56-5c75-a3e2-77302e35aae8","marque"
"9cae2a78-0ece-5fe0-a239-c73c0e5d5054","graphisme"
"9cae2a78-0ece-5fe0-a239-c73c0e5d5054","publicite"
"9cae2a78-0ece-5fe0-a239-c73c0e5d5054","affiche"
"9cae2a78-0ece-5fe0-a239-c73c0e5d5054","marque"
"cca661a6-7461-5142-a457-4387c5217da1","graphisme"
"cca661a6-7461-5142-a457-4387c5217da1","publicite"
"cca661a6-7461-5142-a457-4387c5217da1","affiche"
"cca661a6-7461-5142-a457-4387c5217da1","marque"
"e78dcd72-2260-507c-bf74-574ed2b9eabe","graphisme"
"e78dcd72-2260-507c-bf74-574ed2b9eabe","publicite"
"e78dcd72-2260-507c-bf74-574ed2b9eabe","affiche"
"e78dcd72-2260-507c-bf74-574ed2b9eabe","marque"
"4dee070d-752a-5711-b87c-e507004ef530","graphisme"
"4dee070d-752a-5711-b87c-e507004ef530","publicite"
"4dee070d-752a-5711-b87c-e507004ef530","affiche"
"4dee070d-752a-5711-b87c-e507004ef530","marque"
"5c55af92-a545-5682-b6dc-d8b8c047a76d","graphisme"
"5c55af92-a545-5682-b6dc-d8b8c047a76d","publicite"
"5c55af92-a545-5682-b6dc-d8b8c047a76d","affiche"
"5c55af92-a545-5682-b6dc-d8b8c047a76d","marque"
"df1bcab3-dada-5976-abdd-e390bce3d0f3","graphisme"
"df1bcab3-dada-5976-abdd-e390bce3d0f3","publicite"
"df1bcab3-dada-5976-abdd-e390bce3d0f3","affiche"
"df1bcab3-dada-5976-abdd-e390bce3d0f3","marque"
"f9aae1db-d521-519e-ae31-0d920a48173b","graphisme"
"f9aae1db-d521-519e-ae31-0d920a48173b","publicite"
"f9aae1db-d521-519e-ae31-0d920a48173b","affiche"
"f9aae1db-d521-519e-ae31-0d920a48173b","marque"
"536a44ba-9c42-5933-a31a-dbb48286e3f4","graphisme"
"536a44ba-9c42-5933-a31a-dbb48286e3f4","publicite"
"536a44ba-9c42-5933-a31a-dbb48286e3f4","affiche"
"536a44ba-9c42-5933-a31a-dbb48286e3f4","marque"
"f7546e54-02f2-5cf3-85cd-f7aca4b1780a","graphisme"
"f7546e54-02f2-5cf3-85cd-f7aca4b1780a","publicite"
"f7546e54-02f2-5cf3-85cd-f7aca4b1780a","affiche"
"f7546e54-02f2-5cf3-85cd-f7aca4b1780a","marque"
"37166993-7ca5-5fd4-bc34-91469dc7fe93","graphisme"
"37166993-7ca5-5fd4-bc34-91469dc7fe93","publicite"
"37166993-7ca5-5fd4-bc34-91469dc7fe93","affiche"
"37166993-7ca5-5fd4-bc34-91469dc7fe93","marque"
"00b56d9c-9d23-56c8-b90a-37f0664d79fd","photo"
"00b56d9c-9d23-56c8-b90a-37f0664d79fd","publicite"
"00b56d9c-9d23-56c8-b90a-37f0664d79fd","marque"
"c3891202-edd9-5521-a986-0aacd2b0af4b","photo"
"c3891202-edd9-5521-a986-0aacd2b0af4b","publicite"
"c3891202-edd9-5521-a986-0aacd2b0af4b","portrait"
"c3891202-edd9-5521-a986-0aacd2b0af4b","marque"
"06c657db-5f14-5d3b-ba2b-c12611836d2f","photo"
"06c657db-5f14-5d3b-ba2b-c12611836d2f","publicite"
"06c657db-5f14-5d3b-ba2b-c12611836d2f","donnees"
"06c657db-5f14-5d3b-ba2b-c12611836d2f","marque"
"a8661a3b-ea39-5fd0-8c0f-177a66a3787c","photo"
"a8661a3b-ea39-5fd0-8c0f-177a66a3787c","publicite"
"a8661a3b-ea39-5fd0-8c0f-177a66a3787c","marque"
"9ba811f5-d07b-5a00-94d6-c68651f195d9","photo"
"9ba811f5-d07b-5a00-94d6-c68651f195d9","publicite"
"9ba811f5-d07b-5a00-94d6-c68651f195d9","surrealisme"
"9ba811f5-d07b-5a00-94d6-c68651f195d9","marque"
"d9932886-afa1-59a5-a59c-97f4db40fc6a","photo"
"d9932886-afa1-59a5-a59c-97f4db40fc6a","publicite"
"d9932886-afa1-59a5-a59c-97f4db40fc6a","alimentation"
"d9932886-afa1-59a5-a59c-97f4db40fc6a","marque"
"6b98795d-d0db-5ae9-867c-12f2e7cb9282","photo"
"6b98795d-d0db-5ae9-867c-12f2e7cb9282","publicite"
"6b98795d-d0db-5ae9-867c-12f2e7cb9282","analyse"
"6b98795d-d0db-5ae9-867c-12f2e7cb9282","marque"
"1edc6932-18c1-5683-ab03-d4111642456c","photo"
"1edc6932-18c1-5683-ab03-d4111642456c","publicite"
"1edc6932-18c1-5683-ab03-d4111642456c","surrealisme"
"1edc6932-18c1-5683-ab03-d4111642456c","marque"
"2256f585-f6e7-5588-b3a7-0979726ba2b4","photo"
"2256f585-f6e7-5588-b3a7-0979726ba2b4","publicite"
"2256f585-f6e7-5588-b3a7-0979726ba2b4","communication"
"2256f585-f6e7-5588-b3a7-0979726ba2b4","marque"
"abcf4e9e-4e0a-5999-9ae3-833bca7e64bc","photo"
"abcf4e9e-4e0a-5999-9ae3-833bca7e64bc","publicite"
"abcf4e9e-4e0a-5999-9ae3-833bca7e64bc","artisanat"
"abcf4e9e-4e0a-5999-9ae3-833bca7e64bc","marque"
"0fd72d5e-617d-5883-8d3e-4639f7a3c75f","photo"
"0fd72d5e-617d-5883-8d3e-4639f7a3c75f","publicite"
"0fd72d5e-617d-5883-8d3e-4639f7a3c75f","alimentation"
"0fd72d5e-617d-5883-8d3e-4639f7a3c75f","marque"
"3bf8b8a9-9b3f-53c6-a637-88bd90ac957c","photo"
"3bf8b8a9-9b3f-53c6-a637-88bd90ac957c","publicite"
"3bf8b8a9-9b3f-53c6-a637-88bd90ac957c","produit"
"3bf8b8a9-9b3f-53c6-a637-88bd90ac957c","marque"
"99578c85-3b8f-5f68-bd96-1fbba6be2618","photo"
"99578c85-3b8f-5f68-bd96-1fbba6be2618","publicite"
"99578c85-3b8f-5f68-bd96-1fbba6be2618","marque"
"d9edd3b1-862b-5ab4-8657-46b21edd074f","photo"
"d9edd3b1-862b-5ab4-8657-46b21edd074f","publicite"
"d9edd3b1-862b-5ab4-8657-46b21edd074f","cinema"
"d9edd3b1-862b-5ab4-8657-46b21edd074f","marque"
"0b4e2d7f-f464-5511-aa0a-bdc8e3531ee3","photo"
"0b4e2d7f-f464-5511-aa0a-bdc8e3531ee3","publicite"
"0b4e2d7f-f464-5511-aa0a-bdc8e3531ee3","produit"
"0b4e2d7f-f464-5511-aa0a-bdc8e3531ee3","marque"
"5e304a28-5484-5972-83c9-538b262177cf","photo"
"5e304a28-5484-5972-83c9-538b262177cf","publicite"
"5e304a28-5484-5972-83c9-538b262177cf","miniature"
"5e304a28-5484-5972-83c9-538b262177cf","marque"
"8c8bcbef-22fc-543f-b461-42ba7356b5ae","photo"
"8c8bcbef-22fc-543f-b461-42ba7356b5ae","publicite"
"8c8bcbef-22fc-543f-b461-42ba7356b5ae","marque"
"d664e65d-2b57-53f4-833d-ece9ea9bfc0a","photo"
"d664e65d-2b57-53f4-833d-ece9ea9bfc0a","publicite"
"d664e65d-2b57-53f4-833d-ece9ea9bfc0a","analyse"
"d664e65d-2b57-53f4-833d-ece9ea9bfc0a","marque"
"ff422819-77e4-54fb-9226-0131117536e7","photo"
"ff422819-77e4-54fb-9226-0131117536e7","publicite"
"ff422819-77e4-54fb-9226-0131117536e7","miniature"
"ff422819-77e4-54fb-9226-0131117536e7","marque"
"3afb58b2-2745-5c79-a313-63c2b9b5398f","photo"
"3afb58b2-2745-5c79-a313-63c2b9b5398f","publicite"
"3afb58b2-2745-5c79-a313-63c2b9b5398f","portrait"
"3afb58b2-2745-5c79-a313-63c2b9b5398f","marque"
"97950713-efff-5755-bfaa-5edc258e82a5","photo"
"97950713-efff-5755-bfaa-5edc258e82a5","produit"
"60bfa4a1-3574-5a32-b307-9ec35545396b","photo"
"60bfa4a1-3574-5a32-b307-9ec35545396b","produit"
"60bfa4a1-3574-5a32-b307-9ec35545396b","alimentation"
"c9096c70-706b-5ddc-be76-c5da8222577b","photo"
"c9096c70-706b-5ddc-be76-c5da8222577b","produit"
"c9096c70-706b-5ddc-be76-c5da8222577b","mode"
"9eb41562-73f9-5b6c-8603-2e45fbf70007","photo"
"9eb41562-73f9-5b6c-8603-2e45fbf70007","produit"
"9eb41562-73f9-5b6c-8603-2e45fbf70007","mode"
"b4c3130b-bad5-5371-9732-55aaf246bc11","photo"
"b4c3130b-bad5-5371-9732-55aaf246bc11","produit"
"3afe86ca-3bc1-51f6-a2a1-152240d4d392","photo"
"3afe86ca-3bc1-51f6-a2a1-152240d4d392","produit"
"5cd31761-a816-5002-a77a-d1e64ab1ce6a","photo"
"5cd31761-a816-5002-a77a-d1e64ab1ce6a","produit"
"fa8745c9-cca0-531b-90d8-d03accc7a72f","photo"
"fa8745c9-cca0-531b-90d8-d03accc7a72f","produit"
"db979852-ba07-5736-a183-01ee1d21cb7d","photo"
"db979852-ba07-5736-a183-01ee1d21cb7d","produit"
"723f7f13-d225-56dd-92a1-3d595db6de7d","photo"
"723f7f13-d225-56dd-92a1-3d595db6de7d","produit"
"723f7f13-d225-56dd-92a1-3d595db6de7d","alimentation"
"aed77912-e30c-5d1b-9c12-a3d6a894d6bd","photo"
"aed77912-e30c-5d1b-9c12-a3d6a894d6bd","produit"
"a49b212b-7fd9-5618-8d86-ea7fc8807cf3","photo"
"a49b212b-7fd9-5618-8d86-ea7fc8807cf3","produit"
"a49b212b-7fd9-5618-8d86-ea7fc8807cf3","mode"
"447729e0-878c-5fab-915b-c8a158064f4b","photo"
"447729e0-878c-5fab-915b-c8a158064f4b","produit"
"447729e0-878c-5fab-915b-c8a158064f4b","mode"
"b565867b-fe2a-54c9-9897-0861a19afff3","photo"
"b565867b-fe2a-54c9-9897-0861a19afff3","produit"
"2d3e2956-fa7e-5cd7-8b7c-49018c576876","photo"
"2d3e2956-fa7e-5cd7-8b7c-49018c576876","produit"
"2d3e2956-fa7e-5cd7-8b7c-49018c576876","alimentation"
"e78b0f15-3973-5143-9b5b-ddd6a90d25d0","photo"
"e78b0f15-3973-5143-9b5b-ddd6a90d25d0","produit"
"72408e0f-529f-5fe9-bcff-c77d2a5c797d","photo"
"72408e0f-529f-5fe9-bcff-c77d2a5c797d","produit"
"5c1cf148-d9a2-5af6-b323-572506e41262","photo"
"5c1cf148-d9a2-5af6-b323-572506e41262","produit"
"5c1cf148-d9a2-5af6-b323-572506e41262","artisanat"
"217c104c-8e87-580a-a6b9-c23e46bb2600","photo"
"217c104c-8e87-580a-a6b9-c23e46bb2600","produit"
"85d28a3a-8be6-5f81-b961-20e02acce89e","photo"
"85d28a3a-8be6-5f81-b961-20e02acce89e","produit"
"537e22dc-a813-588e-bc1b-a46624bcaed0","photo"
"537e22dc-a813-588e-bc1b-a46624bcaed0","produit"
"537e22dc-a813-588e-bc1b-a46624bcaed0","surrealisme"
"537e22dc-a813-588e-bc1b-a46624bcaed0","marque"
"4aadecad-a466-56a7-81d4-390b25c2929b","photo"
"4aadecad-a466-56a7-81d4-390b25c2929b","produit"
"4aadecad-a466-56a7-81d4-390b25c2929b","surrealisme"
"4aadecad-a466-56a7-81d4-390b25c2929b","marque"
"9368c546-875f-5d9b-a1c5-d9281dcdcf5e","photo"
"9368c546-875f-5d9b-a1c5-d9281dcdcf5e","produit"
"9368c546-875f-5d9b-a1c5-d9281dcdcf5e","sport"
"9368c546-875f-5d9b-a1c5-d9281dcdcf5e","marque"
"3adb30dd-b079-5989-bc03-cb1b9d4211f6","photo"
"3adb30dd-b079-5989-bc03-cb1b9d4211f6","produit"
"3adb30dd-b079-5989-bc03-cb1b9d4211f6","mode"
"3adb30dd-b079-5989-bc03-cb1b9d4211f6","marque"
"1539c0c8-8cac-5562-8d19-5a3e3c625346","photo"
"1539c0c8-8cac-5562-8d19-5a3e3c625346","produit"
"1539c0c8-8cac-5562-8d19-5a3e3c625346","miniature"
"1539c0c8-8cac-5562-8d19-5a3e3c625346","marque"
"3f25bb38-4976-5aaa-833c-55527f14204d","photo"
"3f25bb38-4976-5aaa-833c-55527f14204d","produit"
"3f25bb38-4976-5aaa-833c-55527f14204d","marque"
"3f25bb38-4976-5aaa-833c-55527f14204d","montage"
"0f443b4e-e056-54a0-9cee-1cf7c238a0e0","photo"
"0f443b4e-e056-54a0-9cee-1cf7c238a0e0","produit"
"0f443b4e-e056-54a0-9cee-1cf7c238a0e0","miniature"
"0f443b4e-e056-54a0-9cee-1cf7c238a0e0","marque"
"baadba37-3156-5f15-ba7d-51630ce75b4e","photo"
"baadba37-3156-5f15-ba7d-51630ce75b4e","produit"
"baadba37-3156-5f15-ba7d-51630ce75b4e","marque"
"baadba37-3156-5f15-ba7d-51630ce75b4e","montage"
"cddba5d5-4f09-53ab-92ce-b2d24c849bdd","photo"
"cddba5d5-4f09-53ab-92ce-b2d24c849bdd","produit"
"cddba5d5-4f09-53ab-92ce-b2d24c849bdd","mode"
"cddba5d5-4f09-53ab-92ce-b2d24c849bdd","marque"
"6f32ae2f-d1a8-5dae-a452-2abf4cac885a","photo"
"6f32ae2f-d1a8-5dae-a452-2abf4cac885a","produit"
"6f32ae2f-d1a8-5dae-a452-2abf4cac885a","surrealisme"
"6f32ae2f-d1a8-5dae-a452-2abf4cac885a","marque"
"4d6edbeb-98aa-5795-8553-a29ed979450e","photo"
"4d6edbeb-98aa-5795-8553-a29ed979450e","produit"
"4d6edbeb-98aa-5795-8553-a29ed979450e","alimentation"
"4d6edbeb-98aa-5795-8553-a29ed979450e","marque"
"e6079261-7f07-5b26-9055-791579b63756","photo"
"e6079261-7f07-5b26-9055-791579b63756","produit"
"e6079261-7f07-5b26-9055-791579b63756","marque"
"e6079261-7f07-5b26-9055-791579b63756","montage"
"bce500b9-4691-545d-8766-276f9d667c0b","photo"
"bce500b9-4691-545d-8766-276f9d667c0b","produit"
"bce500b9-4691-545d-8766-276f9d667c0b","miniature"
"bce500b9-4691-545d-8766-276f9d667c0b","marque"
"13f697c4-6ca0-5836-a147-907429869d6d","photo"
"13f697c4-6ca0-5836-a147-907429869d6d","produit"
"13f697c4-6ca0-5836-a147-907429869d6d","mode"
"13f697c4-6ca0-5836-a147-907429869d6d","marque"
"41f52827-a76f-5b08-ab63-48b95c6c3cf6","photo"
"41f52827-a76f-5b08-ab63-48b95c6c3cf6","produit"
"41f52827-a76f-5b08-ab63-48b95c6c3cf6","surrealisme"
"41f52827-a76f-5b08-ab63-48b95c6c3cf6","marque"
"57ca52c7-72bb-545a-a513-5a5cb4d6c4de","photo"
"57ca52c7-72bb-545a-a513-5a5cb4d6c4de","produit"
"57ca52c7-72bb-545a-a513-5a5cb4d6c4de","musique"
"57ca52c7-72bb-545a-a513-5a5cb4d6c4de","marque"
"2383b0d4-4c44-5afd-95fe-80a7cdde9efb","photo"
"2383b0d4-4c44-5afd-95fe-80a7cdde9efb","produit"
"2383b0d4-4c44-5afd-95fe-80a7cdde9efb","surrealisme"
"2383b0d4-4c44-5afd-95fe-80a7cdde9efb","marque"
"3bba8195-1337-5656-8ae5-b92cb146941e","photo"
"3bba8195-1337-5656-8ae5-b92cb146941e","produit"
"3bba8195-1337-5656-8ae5-b92cb146941e","mode"
"3bba8195-1337-5656-8ae5-b92cb146941e","marque"
"5a1aae48-11b4-54b8-9a74-226dbaf3bbfa","photo"
"5a1aae48-11b4-54b8-9a74-226dbaf3bbfa","produit"
"5a1aae48-11b4-54b8-9a74-226dbaf3bbfa","marque"
"5a1aae48-11b4-54b8-9a74-226dbaf3bbfa","montage"
"fba4dc57-c834-5e88-be83-a00acffddc67","photo"
"fba4dc57-c834-5e88-be83-a00acffddc67","produit"
"fba4dc57-c834-5e88-be83-a00acffddc67","artisanat"
"fba4dc57-c834-5e88-be83-a00acffddc67","marque"
"bc409575-fed8-5e00-ac22-49dd218f1d9d","graphisme"
"bc409575-fed8-5e00-ac22-49dd218f1d9d","marque"
"bc409575-fed8-5e00-ac22-49dd218f1d9d","typographie"
"f4eca68e-6016-5da9-92ee-d7efdf83f32c","graphisme"
"f4eca68e-6016-5da9-92ee-d7efdf83f32c","marque"
"1b60f34d-633f-5b6c-8e1e-1e2b00648e48","graphisme"
"1b60f34d-633f-5b6c-8e1e-1e2b00648e48","marque"
"a6cc0560-b3c0-51f9-8077-321b6b0d3973","graphisme"
"a6cc0560-b3c0-51f9-8077-321b6b0d3973","marque"
"a6cc0560-b3c0-51f9-8077-321b6b0d3973","portrait"
"9bc8870e-ef81-5edc-9e72-57281887e26e","graphisme"
"9bc8870e-ef81-5edc-9e72-57281887e26e","marque"
"9bc8870e-ef81-5edc-9e72-57281887e26e","artisanat"
"4ad7a6e2-7b73-59fe-8463-1fc8386b64c6","graphisme"
"4ad7a6e2-7b73-59fe-8463-1fc8386b64c6","marque"
"4ad7a6e2-7b73-59fe-8463-1fc8386b64c6","travail"
"e3be87d2-1d61-5337-9796-0870d2459a0d","graphisme"
"e3be87d2-1d61-5337-9796-0870d2459a0d","marque"
"e3be87d2-1d61-5337-9796-0870d2459a0d","travail"
"49c297d3-8f4a-5ec2-a368-19156d1e5834","graphisme"
"49c297d3-8f4a-5ec2-a368-19156d1e5834","marque"
"49c297d3-8f4a-5ec2-a368-19156d1e5834","travail"
"97e9d34e-43d0-5bf7-9bca-7f602fc36149","graphisme"
"97e9d34e-43d0-5bf7-9bca-7f602fc36149","marque"
"97e9d34e-43d0-5bf7-9bca-7f602fc36149","artisanat"
"662aa6b8-49ba-50f8-b3d5-0414ebe8efec","graphisme"
"662aa6b8-49ba-50f8-b3d5-0414ebe8efec","marque"
"662aa6b8-49ba-50f8-b3d5-0414ebe8efec","musique"
"cfb3ef9e-f8d3-5055-9445-771160d59ee8","graphisme"
"cfb3ef9e-f8d3-5055-9445-771160d59ee8","marque"
"2199b13e-ae22-57ba-a775-13ab6cb95917","graphisme"
"2199b13e-ae22-57ba-a775-13ab6cb95917","marque"
"d8ee0479-9f01-586b-a43b-cb5d95da8ab4","graphisme"
"d8ee0479-9f01-586b-a43b-cb5d95da8ab4","marque"
"6bc8fc82-8c58-54c2-9025-96bca72e6105","graphisme"
"6bc8fc82-8c58-54c2-9025-96bca72e6105","marque"
"6bc8fc82-8c58-54c2-9025-96bca72e6105","travail"
"a6b4f65e-faed-5951-876c-7318a1d7618a","graphisme"
"a6b4f65e-faed-5951-876c-7318a1d7618a","marque"
"a6b4f65e-faed-5951-876c-7318a1d7618a","humour"
"1d8fa914-1467-5160-878a-16e731910882","graphisme"
"1d8fa914-1467-5160-878a-16e731910882","marque"
"1d8fa914-1467-5160-878a-16e731910882","communication"
"5e4647e5-86ab-510c-aa32-eb9a02029d78","graphisme"
"5e4647e5-86ab-510c-aa32-eb9a02029d78","marque"
"5e4647e5-86ab-510c-aa32-eb9a02029d78","travail"
"55b08759-470a-5a06-9f84-68dbae6344e1","graphisme"
"55b08759-470a-5a06-9f84-68dbae6344e1","marque"
"55b08759-470a-5a06-9f84-68dbae6344e1","cinema"
"45a58de1-d3ec-5e92-bb25-2cbce6b4e064","graphisme"
"45a58de1-d3ec-5e92-bb25-2cbce6b4e064","marque"
"45a58de1-d3ec-5e92-bb25-2cbce6b4e064","surrealisme"
"ed55e258-283f-5e6c-a6a1-acce23841a02","graphisme"
"ed55e258-283f-5e6c-a6a1-acce23841a02","marque"
"ed55e258-283f-5e6c-a6a1-acce23841a02","humour"
"42d143c6-4947-538a-8ff8-1c912fd2ead5","3d"
"42d143c6-4947-538a-8ff8-1c912fd2ead5","architecture"
"01b1eefe-1a73-5300-88b4-21da3de3fafe","3d"
"01b1eefe-1a73-5300-88b4-21da3de3fafe","architecture"
"e6032b06-0fc4-5e09-a23c-a4a906d94001","3d"
"e6032b06-0fc4-5e09-a23c-a4a906d94001","architecture"
"03d7f426-9ea1-5c50-8a12-01131e42eb6c","3d"
"03d7f426-9ea1-5c50-8a12-01131e42eb6c","architecture"
"03d7f426-9ea1-5c50-8a12-01131e42eb6c","artisanat"
"21e95c57-e0b3-5868-badb-a4c1a01fd6c7","3d"
"21e95c57-e0b3-5868-badb-a4c1a01fd6c7","architecture"
"21e95c57-e0b3-5868-badb-a4c1a01fd6c7","surrealisme"
"b0453ea1-83b8-5361-85c7-ecac607a286f","3d"
"b0453ea1-83b8-5361-85c7-ecac607a286f","architecture"
"54a041ad-146b-55b0-b7e9-31df0fef28d8","3d"
"54a041ad-146b-55b0-b7e9-31df0fef28d8","architecture"
"54a041ad-146b-55b0-b7e9-31df0fef28d8","musique"
"9b56d6b0-a200-53b8-92cf-055ab35d3567","3d"
"9b56d6b0-a200-53b8-92cf-055ab35d3567","architecture"
"3932802a-2cc3-59a6-a605-59d594c6f9d7","3d"
"3932802a-2cc3-59a6-a605-59d594c6f9d7","architecture"
"3932802a-2cc3-59a6-a605-59d594c6f9d7","miniature"
"9b9d6f91-60d4-5e9a-baa4-e67742794fea","3d"
"9b9d6f91-60d4-5e9a-baa4-e67742794fea","architecture"
"9b9d6f91-60d4-5e9a-baa4-e67742794fea","surrealisme"
"522d1b5b-86ea-5b14-b26b-7bccc576c28d","3d"
"522d1b5b-86ea-5b14-b26b-7bccc576c28d","architecture"
"9e535557-b862-5851-9208-5a37b7f504f0","3d"
"9e535557-b862-5851-9208-5a37b7f504f0","architecture"
"95b02e61-8dcd-5e5f-bce7-6812ac80429e","3d"
"95b02e61-8dcd-5e5f-bce7-6812ac80429e","architecture"
"95b02e61-8dcd-5e5f-bce7-6812ac80429e","afrique"
"58bceb12-d3e0-52fb-a1cc-5b44952182c9","3d"
"58bceb12-d3e0-52fb-a1cc-5b44952182c9","architecture"
"58bceb12-d3e0-52fb-a1cc-5b44952182c9","mode"
"2df9e1d6-0a2c-5caa-b068-f1201fd98d60","3d"
"2df9e1d6-0a2c-5caa-b068-f1201fd98d60","architecture"
"2df9e1d6-0a2c-5caa-b068-f1201fd98d60","miniature"
"f9715e8b-748e-5993-afaf-d90c2deed3f6","3d"
"f9715e8b-748e-5993-afaf-d90c2deed3f6","architecture"
"f9715e8b-748e-5993-afaf-d90c2deed3f6","surrealisme"
"9bf6af86-9f71-5372-b548-3626cce99500","3d"
"9bf6af86-9f71-5372-b548-3626cce99500","architecture"
"e4bb2f3e-c9bd-5c58-b5ac-ba485d7aa743","3d"
"e4bb2f3e-c9bd-5c58-b5ac-ba485d7aa743","architecture"
"f046bf1e-ea8c-5cf3-8bf5-cf4080488c28","3d"
"f046bf1e-ea8c-5cf3-8bf5-cf4080488c28","architecture"
"ce88be7a-191f-55e7-aeb0-fc2f5a9a924e","3d"
"ce88be7a-191f-55e7-aeb0-fc2f5a9a924e","architecture"
"80f3ecdb-06dc-5a26-bd94-b2d48a25ace5","photo"
"80f3ecdb-06dc-5a26-bd94-b2d48a25ace5","architecture"
"d615715b-1b10-5543-9233-3e0d63bbed8f","photo"
"d615715b-1b10-5543-9233-3e0d63bbed8f","architecture"
"ef7ca608-8886-5576-bc94-ea2982aa338b","photo"
"ef7ca608-8886-5576-bc94-ea2982aa338b","architecture"
"8d9b2433-adf2-58e3-9f92-cd58e37f7f35","photo"
"8d9b2433-adf2-58e3-9f92-cd58e37f7f35","architecture"
"8d9b2433-adf2-58e3-9f92-cd58e37f7f35","travail"
"03c84631-afe6-5a2c-bb0d-507b6d7bb360","photo"
"03c84631-afe6-5a2c-bb0d-507b6d7bb360","architecture"
"9dcbc1be-8881-5aaf-a018-3956fed36517","photo"
"9dcbc1be-8881-5aaf-a018-3956fed36517","architecture"
"9dcbc1be-8881-5aaf-a018-3956fed36517","nature"
"5a77810a-f1ee-5434-a7a7-ed4da01dea81","photo"
"5a77810a-f1ee-5434-a7a7-ed4da01dea81","architecture"
"657f7296-6d7e-5ffa-a3e8-053214a85fb6","photo"
"657f7296-6d7e-5ffa-a3e8-053214a85fb6","architecture"
"657f7296-6d7e-5ffa-a3e8-053214a85fb6","marque"
"2ecb4436-f848-51b8-a0b0-70a66d1aaf91","photo"
"2ecb4436-f848-51b8-a0b0-70a66d1aaf91","architecture"
"2ecb4436-f848-51b8-a0b0-70a66d1aaf91","alimentation"
"e4eabd46-036d-580c-954f-b6be978f1be7","photo"
"e4eabd46-036d-580c-954f-b6be978f1be7","architecture"
"e4eabd46-036d-580c-954f-b6be978f1be7","mode"
"83c0f8b1-41b0-5717-9000-b591c02ada7d","photo"
"83c0f8b1-41b0-5717-9000-b591c02ada7d","architecture"
"83c0f8b1-41b0-5717-9000-b591c02ada7d","cinema"
"5e1ca7a3-f61f-5231-adde-33b53ab8d1e6","photo"
"5e1ca7a3-f61f-5231-adde-33b53ab8d1e6","architecture"
"e3628941-e9de-5b73-98ca-4fb0f579d4d2","photo"
"e3628941-e9de-5b73-98ca-4fb0f579d4d2","architecture"
"e3628941-e9de-5b73-98ca-4fb0f579d4d2","souvenir"
"7a203cdf-f64a-5269-aeac-03ad294fbb8f","photo"
"7a203cdf-f64a-5269-aeac-03ad294fbb8f","architecture"
"7a203cdf-f64a-5269-aeac-03ad294fbb8f","artisanat"
"1e2ed6d0-32c0-58e8-aae0-b0589f73d72e","photo"
"1e2ed6d0-32c0-58e8-aae0-b0589f73d72e","architecture"
"ca5a2581-6344-55b1-ac50-8c5c5d32068f","photo"
"ca5a2581-6344-55b1-ac50-8c5c5d32068f","architecture"
"ca5a2581-6344-55b1-ac50-8c5c5d32068f","palette"
"93243aa7-9668-5102-9233-63faa3bcb976","photo"
"93243aa7-9668-5102-9233-63faa3bcb976","architecture"
"93243aa7-9668-5102-9233-63faa3bcb976","alimentation"
"dc813355-9a2c-5815-8e25-6ad3007cc42d","photo"
"dc813355-9a2c-5815-8e25-6ad3007cc42d","architecture"
"78cc9d6b-b663-514c-aa97-93a614e8d9ef","photo"
"78cc9d6b-b663-514c-aa97-93a614e8d9ef","architecture"
"6c44301b-324e-5ecd-b276-28295c0c2cd1","photo"
"6c44301b-324e-5ecd-b276-28295c0c2cd1","architecture"
"6c44301b-324e-5ecd-b276-28295c0c2cd1","travail"
"32a423e3-e59c-587b-9b5a-7ee020d87209","schema"
"32a423e3-e59c-587b-9b5a-7ee020d87209","produit"
"0970e9b9-046e-52b4-9b78-c3e473f54681","schema"
"0970e9b9-046e-52b4-9b78-c3e473f54681","produit"
"590c24f4-1867-5892-b732-1b335618676f","schema"
"590c24f4-1867-5892-b732-1b335618676f","produit"
"cc7ddaf0-11a2-5f9e-b816-eedf8015a903","schema"
"cc7ddaf0-11a2-5f9e-b816-eedf8015a903","produit"
"8f122466-f9c4-500f-b44b-c1cced5ce03c","schema"
"8f122466-f9c4-500f-b44b-c1cced5ce03c","produit"
"5d0204ad-4e72-5b77-a9c6-10a01fd5d089","schema"
"5d0204ad-4e72-5b77-a9c6-10a01fd5d089","produit"
"37f77e61-7dc7-5e58-90b0-e9218823a484","schema"
"37f77e61-7dc7-5e58-90b0-e9218823a484","produit"
"283152e1-9956-5490-b25d-2d9f81c68fa9","schema"
"283152e1-9956-5490-b25d-2d9f81c68fa9","produit"
"ab218a38-ba4e-5def-98ab-16455867aed6","schema"
"ab218a38-ba4e-5def-98ab-16455867aed6","produit"
"248bc132-14ec-566c-8e0b-c5f6cbe6dfb6","schema"
"248bc132-14ec-566c-8e0b-c5f6cbe6dfb6","produit"
"22293473-c59c-536c-9f07-2b3a8f4aa6b0","schema"
"22293473-c59c-536c-9f07-2b3a8f4aa6b0","produit"
"c926a3f8-3b2b-5896-ac44-5e67e33f510b","schema"
"c926a3f8-3b2b-5896-ac44-5e67e33f510b","produit"
"18456792-1354-502c-89f1-9c04efcb5b4e","schema"
"18456792-1354-502c-89f1-9c04efcb5b4e","produit"
"5cefdcaa-782d-5e61-aad6-28c9ce49e289","schema"
"5cefdcaa-782d-5e61-aad6-28c9ce49e289","produit"
"6213de95-d23e-5f2c-88de-0e0c17a9dee6","schema"
"6213de95-d23e-5f2c-88de-0e0c17a9dee6","produit"
"e0b76e24-1352-57e7-b777-ea6fd34c253f","schema"
"e0b76e24-1352-57e7-b777-ea6fd34c253f","produit"
"e0b76e24-1352-57e7-b777-ea6fd34c253f","mode"
"aa8d113e-c880-53f1-a32d-38cc32b9f596","schema"
"aa8d113e-c880-53f1-a32d-38cc32b9f596","produit"
"4c04a163-f52c-5458-8f00-3c5351967035","schema"
"4c04a163-f52c-5458-8f00-3c5351967035","produit"
"db8c483a-2fc6-51b9-b520-45d3ea7c4e05","schema"
"db8c483a-2fc6-51b9-b520-45d3ea7c4e05","produit"
"9d36f1be-6b64-5ec4-9a3c-84790483c05c","schema"
"9d36f1be-6b64-5ec4-9a3c-84790483c05c","produit"
"bceffa03-a88d-5f06-9c16-97908fcd81f2","schema"
"bceffa03-a88d-5f06-9c16-97908fcd81f2","apprentissage"
"db919c17-ebf1-5f44-be1b-ac68e29151d1","schema"
"db919c17-ebf1-5f44-be1b-ac68e29151d1","apprentissage"
"d6bb3088-4b3f-5b30-9813-3ba3260368b1","schema"
"d6bb3088-4b3f-5b30-9813-3ba3260368b1","apprentissage"
"f8c38ec3-ab3e-5757-8082-271c31e09904","schema"
"f8c38ec3-ab3e-5757-8082-271c31e09904","apprentissage"
"4e082895-e71f-5fc1-9d5d-79cf76a0903a","schema"
"4e082895-e71f-5fc1-9d5d-79cf76a0903a","apprentissage"
"a208a207-8d6a-57e0-8c8e-1a0fb6c73ec0","schema"
"a208a207-8d6a-57e0-8c8e-1a0fb6c73ec0","apprentissage"
"e3f9aa8d-7f46-5292-bb6e-1e1fe6769998","schema"
"e3f9aa8d-7f46-5292-bb6e-1e1fe6769998","apprentissage"
"e3f9aa8d-7f46-5292-bb6e-1e1fe6769998","analyse"
"ffd5f33e-de27-5cfc-9e16-b57507c41725","schema"
"ffd5f33e-de27-5cfc-9e16-b57507c41725","apprentissage"
"ffd5f33e-de27-5cfc-9e16-b57507c41725","analyse"
"d8ebd46f-0434-54f4-b1d3-463f8ce3c376","schema"
"d8ebd46f-0434-54f4-b1d3-463f8ce3c376","apprentissage"
"57b0d4ab-94d7-5bfe-87ef-4db00f48c7f4","schema"
"57b0d4ab-94d7-5bfe-87ef-4db00f48c7f4","apprentissage"
"7b5b03b2-f2e6-58db-bede-0d995050cd90","schema"
"7b5b03b2-f2e6-58db-bede-0d995050cd90","apprentissage"
"7b5b03b2-f2e6-58db-bede-0d995050cd90","plan"
"7037c40f-8787-5790-8fa7-df231c67ee7e","schema"
"7037c40f-8787-5790-8fa7-df231c67ee7e","apprentissage"
"7037c40f-8787-5790-8fa7-df231c67ee7e","plan"
"7474f4ed-aaf5-521a-a46b-dac602e0f6e9","schema"
"7474f4ed-aaf5-521a-a46b-dac602e0f6e9","apprentissage"
"62d52eed-40e1-558b-a617-e2dac1d967f9","schema"
"62d52eed-40e1-558b-a617-e2dac1d967f9","apprentissage"
"ae457c8b-ef50-53e8-be0f-a758a0e51c01","schema"
"ae457c8b-ef50-53e8-be0f-a758a0e51c01","apprentissage"
"aab72ad9-cfe6-5a63-bc19-ab21d2c7d0db","schema"
"aab72ad9-cfe6-5a63-bc19-ab21d2c7d0db","apprentissage"
"76cc7d99-da27-5162-8946-c55188da6b44","schema"
"76cc7d99-da27-5162-8946-c55188da6b44","apprentissage"
"53d87fde-dbd9-5a56-984c-0e5d959f7d52","schema"
"53d87fde-dbd9-5a56-984c-0e5d959f7d52","apprentissage"
"2825294c-599c-5f22-b0a0-962ef2de3020","schema"
"2825294c-599c-5f22-b0a0-962ef2de3020","apprentissage"
"6f0fd1f5-3377-5e03-9a7e-08281cc46d59","schema"
"6f0fd1f5-3377-5e03-9a7e-08281cc46d59","apprentissage"
"6f0fd1f5-3377-5e03-9a7e-08281cc46d59","plan"
"6414fb1e-149a-5c3c-b5a1-4952c093c9bd","illustration"
"6414fb1e-149a-5c3c-b5a1-4952c093c9bd","portrait"
"6414fb1e-149a-5c3c-b5a1-4952c093c9bd","bd"
"15223c58-ca9a-5606-b4e8-00a0596a305b","illustration"
"15223c58-ca9a-5606-b4e8-00a0596a305b","portrait"
"15223c58-ca9a-5606-b4e8-00a0596a305b","bd"
"7dead2d9-dbcd-5a05-a314-99620c969dc2","illustration"
"7dead2d9-dbcd-5a05-a314-99620c969dc2","portrait"
"7dead2d9-dbcd-5a05-a314-99620c969dc2","bd"
"3d8f80d9-5aa8-58df-bc1d-caa9bd29778a","illustration"
"3d8f80d9-5aa8-58df-bc1d-caa9bd29778a","portrait"
"3d8f80d9-5aa8-58df-bc1d-caa9bd29778a","animaux"
"3d8f80d9-5aa8-58df-bc1d-caa9bd29778a","bd"
"988ad599-9b2d-5c45-8caa-7b569a949366","illustration"
"988ad599-9b2d-5c45-8caa-7b569a949366","portrait"
"988ad599-9b2d-5c45-8caa-7b569a949366","pop-culture"
"988ad599-9b2d-5c45-8caa-7b569a949366","bd"
"12a5bcbd-c41e-517c-bc43-cbb6d1689b33","illustration"
"12a5bcbd-c41e-517c-bc43-cbb6d1689b33","portrait"
"12a5bcbd-c41e-517c-bc43-cbb6d1689b33","surrealisme"
"12a5bcbd-c41e-517c-bc43-cbb6d1689b33","bd"
"57a536fa-a300-5fef-9f9a-dff020e9c262","illustration"
"57a536fa-a300-5fef-9f9a-dff020e9c262","portrait"
"57a536fa-a300-5fef-9f9a-dff020e9c262","humour"
"57a536fa-a300-5fef-9f9a-dff020e9c262","bd"
"e56f632b-6aa0-5288-a535-397051f25f62","illustration"
"e56f632b-6aa0-5288-a535-397051f25f62","portrait"
"e56f632b-6aa0-5288-a535-397051f25f62","travail"
"e56f632b-6aa0-5288-a535-397051f25f62","bd"
"e45953c7-58be-56d1-ab2c-e3a0cca01481","illustration"
"e45953c7-58be-56d1-ab2c-e3a0cca01481","portrait"
"e45953c7-58be-56d1-ab2c-e3a0cca01481","surrealisme"
"e45953c7-58be-56d1-ab2c-e3a0cca01481","bd"
"2d38ddbe-305f-5244-8db5-9e7bafdcb008","illustration"
"2d38ddbe-305f-5244-8db5-9e7bafdcb008","portrait"
"2d38ddbe-305f-5244-8db5-9e7bafdcb008","alimentation"
"2d38ddbe-305f-5244-8db5-9e7bafdcb008","bd"
"56738b91-a2ff-58da-bb8c-cb7af2713ff9","illustration"
"56738b91-a2ff-58da-bb8c-cb7af2713ff9","portrait"
"56738b91-a2ff-58da-bb8c-cb7af2713ff9","humour"
"56738b91-a2ff-58da-bb8c-cb7af2713ff9","bd"
"f696f9a9-3456-5300-a3cf-a140ba6ee1ad","illustration"
"f696f9a9-3456-5300-a3cf-a140ba6ee1ad","portrait"
"f696f9a9-3456-5300-a3cf-a140ba6ee1ad","surrealisme"
"f696f9a9-3456-5300-a3cf-a140ba6ee1ad","bd"
"161e289a-0863-5f97-8ff0-9ec390610309","illustration"
"161e289a-0863-5f97-8ff0-9ec390610309","portrait"
"161e289a-0863-5f97-8ff0-9ec390610309","travail"
"161e289a-0863-5f97-8ff0-9ec390610309","bd"
"44755f5f-f894-53ca-9049-f15dadf3edd2","illustration"
"44755f5f-f894-53ca-9049-f15dadf3edd2","portrait"
"44755f5f-f894-53ca-9049-f15dadf3edd2","surrealisme"
"44755f5f-f894-53ca-9049-f15dadf3edd2","bd"
"4affaf4a-d089-5213-ab8a-497d4f45c65b","illustration"
"4affaf4a-d089-5213-ab8a-497d4f45c65b","portrait"
"4affaf4a-d089-5213-ab8a-497d4f45c65b","surrealisme"
"4affaf4a-d089-5213-ab8a-497d4f45c65b","bd"
"1f75fd97-65cf-58bd-b6b2-1d6a26d90020","illustration"
"1f75fd97-65cf-58bd-b6b2-1d6a26d90020","portrait"
"1f75fd97-65cf-58bd-b6b2-1d6a26d90020","voyage"
"1f75fd97-65cf-58bd-b6b2-1d6a26d90020","bd"
"6dcdc9eb-400e-529e-9b01-59ea7c5b21ac","illustration"
"6dcdc9eb-400e-529e-9b01-59ea7c5b21ac","portrait"
"6dcdc9eb-400e-529e-9b01-59ea7c5b21ac","humour"
"6dcdc9eb-400e-529e-9b01-59ea7c5b21ac","bd"
"2752fd44-81d4-5fcb-92c2-e2f0ca595508","illustration"
"2752fd44-81d4-5fcb-92c2-e2f0ca595508","portrait"
"2752fd44-81d4-5fcb-92c2-e2f0ca595508","surrealisme"
"2752fd44-81d4-5fcb-92c2-e2f0ca595508","bd"
"3a3ef325-81de-51a4-9d5e-0acb40fb04d6","illustration"
"3a3ef325-81de-51a4-9d5e-0acb40fb04d6","portrait"
"3a3ef325-81de-51a4-9d5e-0acb40fb04d6","bd"
"a8e1b914-a4b1-5f30-8a68-880dee1ecfa7","illustration"
"a8e1b914-a4b1-5f30-8a68-880dee1ecfa7","portrait"
"a8e1b914-a4b1-5f30-8a68-880dee1ecfa7","artisanat"
"a8e1b914-a4b1-5f30-8a68-880dee1ecfa7","bd"
"1343f6f5-3f37-541f-ad1d-43c3a0083084","3d"
"1343f6f5-3f37-541f-ad1d-43c3a0083084","portrait"
"1343f6f5-3f37-541f-ad1d-43c3a0083084","animaux"
"1343f6f5-3f37-541f-ad1d-43c3a0083084","humour"
"ecc44a4c-8a49-5857-b690-e350ad915478","3d"
"ecc44a4c-8a49-5857-b690-e350ad915478","portrait"
"ecc44a4c-8a49-5857-b690-e350ad915478","animaux"
"ecc44a4c-8a49-5857-b690-e350ad915478","humour"
"1cc5858f-75a1-527e-ad4d-06dbe0192062","3d"
"1cc5858f-75a1-527e-ad4d-06dbe0192062","portrait"
"1cc5858f-75a1-527e-ad4d-06dbe0192062","animaux"
"1cc5858f-75a1-527e-ad4d-06dbe0192062","humour"
"31b4fe99-a6c0-5c4f-a21c-fd075cb0fad0","3d"
"31b4fe99-a6c0-5c4f-a21c-fd075cb0fad0","portrait"
"31b4fe99-a6c0-5c4f-a21c-fd075cb0fad0","miniature"
"31b4fe99-a6c0-5c4f-a21c-fd075cb0fad0","humour"
"266868c0-c29e-59c4-93dd-423b77d013ab","3d"
"266868c0-c29e-59c4-93dd-423b77d013ab","portrait"
"266868c0-c29e-59c4-93dd-423b77d013ab","alimentation"
"266868c0-c29e-59c4-93dd-423b77d013ab","humour"
"8dd637b7-0ae9-5f50-b90a-12d1809dffb2","3d"
"8dd637b7-0ae9-5f50-b90a-12d1809dffb2","portrait"
"8dd637b7-0ae9-5f50-b90a-12d1809dffb2","surrealisme"
"8dd637b7-0ae9-5f50-b90a-12d1809dffb2","humour"
"229f2587-629f-5429-82b1-ab6c3cba91c3","3d"
"229f2587-629f-5429-82b1-ab6c3cba91c3","portrait"
"229f2587-629f-5429-82b1-ab6c3cba91c3","humour"
"8e7ca8f6-e9fc-5f4a-a331-2a180325edaa","3d"
"8e7ca8f6-e9fc-5f4a-a331-2a180325edaa","portrait"
"8e7ca8f6-e9fc-5f4a-a331-2a180325edaa","musique"
"8e7ca8f6-e9fc-5f4a-a331-2a180325edaa","humour"
"5464fc78-f981-5522-bd0c-9ea4f0f90f41","3d"
"5464fc78-f981-5522-bd0c-9ea4f0f90f41","portrait"
"5464fc78-f981-5522-bd0c-9ea4f0f90f41","surrealisme"
"5464fc78-f981-5522-bd0c-9ea4f0f90f41","humour"
"c5749359-cebc-58fe-9595-ea740f95526a","3d"
"c5749359-cebc-58fe-9595-ea740f95526a","portrait"
"c5749359-cebc-58fe-9595-ea740f95526a","artisanat"
"c5749359-cebc-58fe-9595-ea740f95526a","humour"
"aee0b001-b0bf-5ea2-913d-0f2c0f245756","3d"
"aee0b001-b0bf-5ea2-913d-0f2c0f245756","portrait"
"aee0b001-b0bf-5ea2-913d-0f2c0f245756","voyage"
"aee0b001-b0bf-5ea2-913d-0f2c0f245756","humour"
"48f9a2d7-f2d2-5c06-abdc-5ddd5f2ce587","3d"
"48f9a2d7-f2d2-5c06-abdc-5ddd5f2ce587","portrait"
"48f9a2d7-f2d2-5c06-abdc-5ddd5f2ce587","animaux"
"48f9a2d7-f2d2-5c06-abdc-5ddd5f2ce587","humour"
"7824d60c-5e03-52d2-acde-af407358b424","3d"
"7824d60c-5e03-52d2-acde-af407358b424","portrait"
"7824d60c-5e03-52d2-acde-af407358b424","apprentissage"
"7824d60c-5e03-52d2-acde-af407358b424","humour"
"8a942b12-b631-53cd-b264-17fa3a64fb78","3d"
"8a942b12-b631-53cd-b264-17fa3a64fb78","portrait"
"8a942b12-b631-53cd-b264-17fa3a64fb78","travail"
"8a942b12-b631-53cd-b264-17fa3a64fb78","humour"
"9ca463e9-7762-52d6-bedb-42fb0dce44f9","3d"
"9ca463e9-7762-52d6-bedb-42fb0dce44f9","portrait"
"9ca463e9-7762-52d6-bedb-42fb0dce44f9","travail"
"9ca463e9-7762-52d6-bedb-42fb0dce44f9","humour"
"428b4fe7-136a-574d-a194-df6acf5a2c31","3d"
"428b4fe7-136a-574d-a194-df6acf5a2c31","portrait"
"428b4fe7-136a-574d-a194-df6acf5a2c31","mode"
"428b4fe7-136a-574d-a194-df6acf5a2c31","humour"
"41026c05-0b1e-5ff2-95f9-5d6780352f19","3d"
"41026c05-0b1e-5ff2-95f9-5d6780352f19","portrait"
"41026c05-0b1e-5ff2-95f9-5d6780352f19","musique"
"41026c05-0b1e-5ff2-95f9-5d6780352f19","humour"
"2d82e201-2c23-5672-9dc5-3affec4c6ced","3d"
"2d82e201-2c23-5672-9dc5-3affec4c6ced","portrait"
"2d82e201-2c23-5672-9dc5-3affec4c6ced","architecture"
"2d82e201-2c23-5672-9dc5-3affec4c6ced","humour"
"854c4e84-cd33-5b93-a921-3dd00af8b476","3d"
"854c4e84-cd33-5b93-a921-3dd00af8b476","portrait"
"854c4e84-cd33-5b93-a921-3dd00af8b476","surrealisme"
"854c4e84-cd33-5b93-a921-3dd00af8b476","humour"
"093c79a1-2657-5470-a6d6-c6edc0476f02","3d"
"093c79a1-2657-5470-a6d6-c6edc0476f02","portrait"
"093c79a1-2657-5470-a6d6-c6edc0476f02","surrealisme"
"093c79a1-2657-5470-a6d6-c6edc0476f02","humour"
"6b83306b-ac61-5758-b7d9-677850b26729","photo"
"6b83306b-ac61-5758-b7d9-677850b26729","portrait"
"6b83306b-ac61-5758-b7d9-677850b26729","retouche"
"dece284e-a3d3-5eea-addc-6b3c513524b8","photo"
"dece284e-a3d3-5eea-addc-6b3c513524b8","portrait"
"dece284e-a3d3-5eea-addc-6b3c513524b8","retouche"
"28c91ab2-2873-5b39-b24f-4ec38ae7a920","photo"
"28c91ab2-2873-5b39-b24f-4ec38ae7a920","portrait"
"28c91ab2-2873-5b39-b24f-4ec38ae7a920","architecture"
"28c91ab2-2873-5b39-b24f-4ec38ae7a920","retouche"
"27346e87-1f56-5ebe-9ce5-25c4eb834000","photo"
"27346e87-1f56-5ebe-9ce5-25c4eb834000","portrait"
"27346e87-1f56-5ebe-9ce5-25c4eb834000","retouche"
"2dd41580-8a54-5e2b-9715-d349706223e7","photo"
"2dd41580-8a54-5e2b-9715-d349706223e7","portrait"
"2dd41580-8a54-5e2b-9715-d349706223e7","produit"
"2dd41580-8a54-5e2b-9715-d349706223e7","retouche"
"81bba74a-79a2-5aa5-9443-977b48267920","photo"
"81bba74a-79a2-5aa5-9443-977b48267920","portrait"
"81bba74a-79a2-5aa5-9443-977b48267920","retouche"
"8f4218b4-a54a-55e5-8f01-dc7ba754c972","photo"
"8f4218b4-a54a-55e5-8f01-dc7ba754c972","portrait"
"8f4218b4-a54a-55e5-8f01-dc7ba754c972","retouche"
"765d9216-53f5-5a2f-821a-8e2bc196539d","photo"
"765d9216-53f5-5a2f-821a-8e2bc196539d","portrait"
"765d9216-53f5-5a2f-821a-8e2bc196539d","retouche"
"dda4e6f3-90b3-50c4-8432-2c03f8990c05","photo"
"dda4e6f3-90b3-50c4-8432-2c03f8990c05","portrait"
"dda4e6f3-90b3-50c4-8432-2c03f8990c05","retouche"
"54b250ed-0144-5fc4-92a1-952d9503a8d4","photo"
"54b250ed-0144-5fc4-92a1-952d9503a8d4","portrait"
"54b250ed-0144-5fc4-92a1-952d9503a8d4","retouche"
"dae06413-7170-53e6-a012-718712488661","photo"
"dae06413-7170-53e6-a012-718712488661","portrait"
"dae06413-7170-53e6-a012-718712488661","souvenir"
"dae06413-7170-53e6-a012-718712488661","retouche"
"b64f6baf-6b60-561f-83ec-ff0dd1d75e26","photo"
"b64f6baf-6b60-561f-83ec-ff0dd1d75e26","portrait"
"b64f6baf-6b60-561f-83ec-ff0dd1d75e26","souvenir"
"b64f6baf-6b60-561f-83ec-ff0dd1d75e26","retouche"
"80aa244c-5907-5775-9e59-1a83ee3a8622","photo"
"80aa244c-5907-5775-9e59-1a83ee3a8622","portrait"
"80aa244c-5907-5775-9e59-1a83ee3a8622","retouche"
"33a90135-ffb2-510c-9fa0-e96ff8a26e4d","photo"
"33a90135-ffb2-510c-9fa0-e96ff8a26e4d","portrait"
"33a90135-ffb2-510c-9fa0-e96ff8a26e4d","produit"
"33a90135-ffb2-510c-9fa0-e96ff8a26e4d","retouche"
"3f919ed9-4841-5747-929c-df2c166b1542","photo"
"3f919ed9-4841-5747-929c-df2c166b1542","portrait"
"3f919ed9-4841-5747-929c-df2c166b1542","voyage"
"3f919ed9-4841-5747-929c-df2c166b1542","retouche"
"2bbf0549-d3f8-5008-a44f-d87f55c69e7e","photo"
"2bbf0549-d3f8-5008-a44f-d87f55c69e7e","portrait"
"2bbf0549-d3f8-5008-a44f-d87f55c69e7e","marque"
"2bbf0549-d3f8-5008-a44f-d87f55c69e7e","retouche"
"0463759a-6fdf-5fee-bf93-329d2530e207","photo"
"0463759a-6fdf-5fee-bf93-329d2530e207","portrait"
"0463759a-6fdf-5fee-bf93-329d2530e207","voyage"
"0463759a-6fdf-5fee-bf93-329d2530e207","retouche"
"233c2431-07a7-5771-a6c6-5889ab6091ab","photo"
"233c2431-07a7-5771-a6c6-5889ab6091ab","portrait"
"233c2431-07a7-5771-a6c6-5889ab6091ab","souvenir"
"233c2431-07a7-5771-a6c6-5889ab6091ab","retouche"
"40ce2cde-eeac-5bc5-96c2-fafa1c4ec76a","photo"
"40ce2cde-eeac-5bc5-96c2-fafa1c4ec76a","portrait"
"40ce2cde-eeac-5bc5-96c2-fafa1c4ec76a","produit"
"40ce2cde-eeac-5bc5-96c2-fafa1c4ec76a","retouche"
"6fd8e5b6-b459-5e76-b262-e5a53673f3eb","photo"
"6fd8e5b6-b459-5e76-b262-e5a53673f3eb","portrait"
"6fd8e5b6-b459-5e76-b262-e5a53673f3eb","retouche"
"02fc5f27-8867-58a1-99e7-163a9ecbe7e2","photo"
"02fc5f27-8867-58a1-99e7-163a9ecbe7e2","produit"
"02fc5f27-8867-58a1-99e7-163a9ecbe7e2","point-de-vue"
"97a41390-ea58-5917-ad95-7da12edbabaf","photo"
"97a41390-ea58-5917-ad95-7da12edbabaf","produit"
"97a41390-ea58-5917-ad95-7da12edbabaf","point-de-vue"
"27a3cb94-7dbf-5d94-8556-d94cf4304eb9","photo"
"27a3cb94-7dbf-5d94-8556-d94cf4304eb9","produit"
"27a3cb94-7dbf-5d94-8556-d94cf4304eb9","point-de-vue"
"9d616b23-c36b-525d-9d3c-37f81e8dae1e","photo"
"9d616b23-c36b-525d-9d3c-37f81e8dae1e","produit"
"9d616b23-c36b-525d-9d3c-37f81e8dae1e","point-de-vue"
"53558157-bf8b-55a4-8c50-038a5dd788c5","photo"
"53558157-bf8b-55a4-8c50-038a5dd788c5","produit"
"53558157-bf8b-55a4-8c50-038a5dd788c5","point-de-vue"
"1fc35d1b-818a-5a75-901c-4ce8b1f651e7","photo"
"1fc35d1b-818a-5a75-901c-4ce8b1f651e7","produit"
"1fc35d1b-818a-5a75-901c-4ce8b1f651e7","point-de-vue"
"1b0940bb-b23c-5ff0-8a90-011ccfeb66ab","photo"
"1b0940bb-b23c-5ff0-8a90-011ccfeb66ab","produit"
"1b0940bb-b23c-5ff0-8a90-011ccfeb66ab","point-de-vue"
"a1ef562f-681d-5a99-ba57-f6f45d2844b1","photo"
"a1ef562f-681d-5a99-ba57-f6f45d2844b1","produit"
"a1ef562f-681d-5a99-ba57-f6f45d2844b1","point-de-vue"
"c9ae3ea2-48f7-5433-88e7-31e25ea90ee9","photo"
"c9ae3ea2-48f7-5433-88e7-31e25ea90ee9","produit"
"c9ae3ea2-48f7-5433-88e7-31e25ea90ee9","point-de-vue"
"54e5a61e-0557-54f8-b615-8413aee57f83","photo"
"54e5a61e-0557-54f8-b615-8413aee57f83","produit"
"54e5a61e-0557-54f8-b615-8413aee57f83","point-de-vue"
"42b59d46-df4c-5da3-bfdb-5fc7bc59235d","photo"
"42b59d46-df4c-5da3-bfdb-5fc7bc59235d","produit"
"42b59d46-df4c-5da3-bfdb-5fc7bc59235d","point-de-vue"
"44c7e8da-47c4-51d4-bbaa-c365d734bff6","photo"
"44c7e8da-47c4-51d4-bbaa-c365d734bff6","produit"
"44c7e8da-47c4-51d4-bbaa-c365d734bff6","point-de-vue"
"db2c43d4-2e71-5473-a39b-2f2b16cb99e8","produit"
"db2c43d4-2e71-5473-a39b-2f2b16cb99e8","matieres"
"db2c43d4-2e71-5473-a39b-2f2b16cb99e8","comparaison"
"db2c43d4-2e71-5473-a39b-2f2b16cb99e8","3d"
"983ddd9a-a0f6-548e-818b-dfda4bdbd26c","produit"
"983ddd9a-a0f6-548e-818b-dfda4bdbd26c","matieres"
"983ddd9a-a0f6-548e-818b-dfda4bdbd26c","comparaison"
"983ddd9a-a0f6-548e-818b-dfda4bdbd26c","3d"
"78cdf785-13da-5b47-ab7c-f9e3837841e5","produit"
"78cdf785-13da-5b47-ab7c-f9e3837841e5","matieres"
"78cdf785-13da-5b47-ab7c-f9e3837841e5","comparaison"
"78cdf785-13da-5b47-ab7c-f9e3837841e5","3d"
"8464e701-5d7a-54fd-8f8d-75cbbe5a3a6b","produit"
"8464e701-5d7a-54fd-8f8d-75cbbe5a3a6b","matieres"
"8464e701-5d7a-54fd-8f8d-75cbbe5a3a6b","comparaison"
"8464e701-5d7a-54fd-8f8d-75cbbe5a3a6b","3d"
"bba3f07e-fcad-50c7-b815-247982a8ef99","produit"
"bba3f07e-fcad-50c7-b815-247982a8ef99","matieres"
"bba3f07e-fcad-50c7-b815-247982a8ef99","comparaison"
"bba3f07e-fcad-50c7-b815-247982a8ef99","3d"
"1d89e74e-52de-578f-a8c1-d1b554122366","produit"
"1d89e74e-52de-578f-a8c1-d1b554122366","matieres"
"1d89e74e-52de-578f-a8c1-d1b554122366","comparaison"
"1d89e74e-52de-578f-a8c1-d1b554122366","3d"
"fe4710ab-8d13-5572-affe-c9eaaad39ce5","produit"
"fe4710ab-8d13-5572-affe-c9eaaad39ce5","matieres"
"fe4710ab-8d13-5572-affe-c9eaaad39ce5","comparaison"
"fe4710ab-8d13-5572-affe-c9eaaad39ce5","3d"
"2a1e72e7-7f12-5434-9dbe-8a2b1b4656e6","produit"
"2a1e72e7-7f12-5434-9dbe-8a2b1b4656e6","matieres"
"2a1e72e7-7f12-5434-9dbe-8a2b1b4656e6","comparaison"
"2a1e72e7-7f12-5434-9dbe-8a2b1b4656e6","3d"
"47e385ef-df99-502a-9be3-2e6c8bed46ad","produit"
"47e385ef-df99-502a-9be3-2e6c8bed46ad","matieres"
"47e385ef-df99-502a-9be3-2e6c8bed46ad","comparaison"
"47e385ef-df99-502a-9be3-2e6c8bed46ad","3d"
"ddbc7d03-06ea-5e0b-b8dc-18b5e012574a","produit"
"ddbc7d03-06ea-5e0b-b8dc-18b5e012574a","matieres"
"ddbc7d03-06ea-5e0b-b8dc-18b5e012574a","comparaison"
"ddbc7d03-06ea-5e0b-b8dc-18b5e012574a","3d"
"84caa3b7-1a06-5622-a789-0df3712a0eb3","produit"
"84caa3b7-1a06-5622-a789-0df3712a0eb3","matieres"
"84caa3b7-1a06-5622-a789-0df3712a0eb3","comparaison"
"84caa3b7-1a06-5622-a789-0df3712a0eb3","3d"
"34842f58-53ff-5335-9400-ecfe0b3facc7","produit"
"34842f58-53ff-5335-9400-ecfe0b3facc7","matieres"
"34842f58-53ff-5335-9400-ecfe0b3facc7","comparaison"
"34842f58-53ff-5335-9400-ecfe0b3facc7","3d"
"579c5c64-7ef9-51b4-b56b-6876bbf0d218","schema"
"579c5c64-7ef9-51b4-b56b-6876bbf0d218","produit"
"579c5c64-7ef9-51b4-b56b-6876bbf0d218","technique"
"e3b6e681-b56d-573e-96be-274eb6c7c80f","schema"
"e3b6e681-b56d-573e-96be-274eb6c7c80f","produit"
"e3b6e681-b56d-573e-96be-274eb6c7c80f","technique"
"f6c42500-e396-5af2-8084-c9fec4203c46","schema"
"f6c42500-e396-5af2-8084-c9fec4203c46","produit"
"f6c42500-e396-5af2-8084-c9fec4203c46","technique"
"7b306e9e-cbee-58cc-9975-a592244e7d72","schema"
"7b306e9e-cbee-58cc-9975-a592244e7d72","produit"
"7b306e9e-cbee-58cc-9975-a592244e7d72","technique"
"e3be8a3f-f556-58b6-aaed-c323b74d797d","schema"
"e3be8a3f-f556-58b6-aaed-c323b74d797d","produit"
"e3be8a3f-f556-58b6-aaed-c323b74d797d","technique"
"ab9e88f8-de11-5494-b89e-44b51a58c2d8","schema"
"ab9e88f8-de11-5494-b89e-44b51a58c2d8","produit"
"ab9e88f8-de11-5494-b89e-44b51a58c2d8","technique"
"f2ee13f8-b2d3-5ffc-af96-b61f87f0c066","schema"
"f2ee13f8-b2d3-5ffc-af96-b61f87f0c066","produit"
"f2ee13f8-b2d3-5ffc-af96-b61f87f0c066","technique"
"0273ab43-108a-51ef-bb6a-b40516d8b1a3","schema"
"0273ab43-108a-51ef-bb6a-b40516d8b1a3","produit"
"0273ab43-108a-51ef-bb6a-b40516d8b1a3","technique"
"bd1ab5bf-b2f8-5446-915d-da4b082b4b3c","schema"
"bd1ab5bf-b2f8-5446-915d-da4b082b4b3c","produit"
"bd1ab5bf-b2f8-5446-915d-da4b082b4b3c","technique"
"f0e584b5-c41c-5bca-8cd5-6ad502a3d23f","schema"
"f0e584b5-c41c-5bca-8cd5-6ad502a3d23f","produit"
"f0e584b5-c41c-5bca-8cd5-6ad502a3d23f","technique"
"44805be5-923c-5b4d-86b3-8e01215de217","schema"
"44805be5-923c-5b4d-86b3-8e01215de217","produit"
"44805be5-923c-5b4d-86b3-8e01215de217","technique"
"0daaf1c3-ffff-5c4a-b145-b97eac92fa4e","schema"
"0daaf1c3-ffff-5c4a-b145-b97eac92fa4e","produit"
"0daaf1c3-ffff-5c4a-b145-b97eac92fa4e","technique"
"407ff0cf-e594-506d-b8d1-1f459dbf2b49","schema"
"407ff0cf-e594-506d-b8d1-1f459dbf2b49","travail"
"407ff0cf-e594-506d-b8d1-1f459dbf2b49","processus"
"8b8a6ec5-6549-5efa-a7ba-2a55c06adbd3","schema"
"8b8a6ec5-6549-5efa-a7ba-2a55c06adbd3","travail"
"8b8a6ec5-6549-5efa-a7ba-2a55c06adbd3","processus"
"a6d53a93-2ea6-53c4-9f4a-14727cff9165","schema"
"a6d53a93-2ea6-53c4-9f4a-14727cff9165","travail"
"a6d53a93-2ea6-53c4-9f4a-14727cff9165","processus"
"2fe01c40-f3c0-586e-bf88-a8dc2e5112b9","schema"
"2fe01c40-f3c0-586e-bf88-a8dc2e5112b9","travail"
"2fe01c40-f3c0-586e-bf88-a8dc2e5112b9","processus"
"d89e2a66-6784-5ed1-b8b3-2b2aed0d63f0","schema"
"d89e2a66-6784-5ed1-b8b3-2b2aed0d63f0","travail"
"d89e2a66-6784-5ed1-b8b3-2b2aed0d63f0","processus"
"367d7bab-0528-56f1-8964-de60469622e8","schema"
"367d7bab-0528-56f1-8964-de60469622e8","travail"
"367d7bab-0528-56f1-8964-de60469622e8","processus"
"ee8bdc1e-403e-5ae6-9f52-7459ff84ca52","schema"
"ee8bdc1e-403e-5ae6-9f52-7459ff84ca52","travail"
"ee8bdc1e-403e-5ae6-9f52-7459ff84ca52","processus"
"9fd1bdbc-eed6-5748-a822-1b9af2c43c5b","schema"
"9fd1bdbc-eed6-5748-a822-1b9af2c43c5b","travail"
"9fd1bdbc-eed6-5748-a822-1b9af2c43c5b","processus"
"60a0fa1b-dcad-5d3d-b4fe-4175147c50da","schema"
"60a0fa1b-dcad-5d3d-b4fe-4175147c50da","travail"
"60a0fa1b-dcad-5d3d-b4fe-4175147c50da","processus"
"34c597e7-76e7-51dc-aa84-d1a334d299b8","schema"
"34c597e7-76e7-51dc-aa84-d1a334d299b8","travail"
"34c597e7-76e7-51dc-aa84-d1a334d299b8","processus"
"d5f23044-f636-5aa6-afb9-2a58c9d96caa","schema"
"d5f23044-f636-5aa6-afb9-2a58c9d96caa","travail"
"d5f23044-f636-5aa6-afb9-2a58c9d96caa","processus"
"a889ea2c-9404-5ad4-8394-01716b84a196","schema"
"a889ea2c-9404-5ad4-8394-01716b84a196","travail"
"a889ea2c-9404-5ad4-8394-01716b84a196","processus"
"781e510a-2828-55e0-b7e5-0527ec9d3346","architecture"
"781e510a-2828-55e0-b7e5-0527ec9d3346","3d"
"781e510a-2828-55e0-b7e5-0527ec9d3346","travail"
"cc6e6c7b-e5d0-52cb-94cc-8509d9fb986c","architecture"
"cc6e6c7b-e5d0-52cb-94cc-8509d9fb986c","3d"
"cc6e6c7b-e5d0-52cb-94cc-8509d9fb986c","travail"
"33d85128-ddbf-570d-ad26-e4321abd2b00","architecture"
"33d85128-ddbf-570d-ad26-e4321abd2b00","3d"
"33d85128-ddbf-570d-ad26-e4321abd2b00","travail"
"652a67f8-8cff-5112-9a7e-7e7abe0c7737","architecture"
"652a67f8-8cff-5112-9a7e-7e7abe0c7737","3d"
"652a67f8-8cff-5112-9a7e-7e7abe0c7737","travail"
"ee98ef84-746b-5e7a-ac2f-73618c82c11c","architecture"
"ee98ef84-746b-5e7a-ac2f-73618c82c11c","3d"
"ee98ef84-746b-5e7a-ac2f-73618c82c11c","travail"
"66d2822d-18d0-54f8-a91b-b2aee8ea70c1","architecture"
"66d2822d-18d0-54f8-a91b-b2aee8ea70c1","3d"
"66d2822d-18d0-54f8-a91b-b2aee8ea70c1","travail"
"f0c18bef-3755-5db4-92df-0adb75a20448","architecture"
"f0c18bef-3755-5db4-92df-0adb75a20448","3d"
"f0c18bef-3755-5db4-92df-0adb75a20448","travail"
"cde2505e-5c84-5c8d-8443-3f336cb63670","architecture"
"cde2505e-5c84-5c8d-8443-3f336cb63670","3d"
"cde2505e-5c84-5c8d-8443-3f336cb63670","travail"
"b0ac2d58-d40e-512a-bd1e-1c1c08201cf1","architecture"
"b0ac2d58-d40e-512a-bd1e-1c1c08201cf1","3d"
"b0ac2d58-d40e-512a-bd1e-1c1c08201cf1","travail"
"002ed57d-ab61-5986-9520-81507f8f9cfc","architecture"
"002ed57d-ab61-5986-9520-81507f8f9cfc","3d"
"002ed57d-ab61-5986-9520-81507f8f9cfc","travail"
"d7931e34-f1d6-5289-bb8b-62d2df81e178","architecture"
"d7931e34-f1d6-5289-bb8b-62d2df81e178","3d"
"d7931e34-f1d6-5289-bb8b-62d2df81e178","travail"
"9a729c3d-dbf0-5aba-851f-552e269396fc","architecture"
"9a729c3d-dbf0-5aba-851f-552e269396fc","3d"
"9a729c3d-dbf0-5aba-851f-552e269396fc","travail"
"9ccded32-2303-5c2d-96a6-23c878de72b7","graphisme"
"9ccded32-2303-5c2d-96a6-23c878de72b7","communication"
"9ccded32-2303-5c2d-96a6-23c878de72b7","travail"
"3cd91f26-c510-50fd-bb93-a16da0bb167d","graphisme"
"3cd91f26-c510-50fd-bb93-a16da0bb167d","communication"
"3cd91f26-c510-50fd-bb93-a16da0bb167d","travail"
"5fdfbe3c-978f-5614-a804-a2693659f810","graphisme"
"5fdfbe3c-978f-5614-a804-a2693659f810","communication"
"5fdfbe3c-978f-5614-a804-a2693659f810","travail"
"4260e804-14da-5d90-b808-4be6ff04e738","graphisme"
"4260e804-14da-5d90-b808-4be6ff04e738","communication"
"4260e804-14da-5d90-b808-4be6ff04e738","travail"
"9f9ce604-13a2-57fb-82ee-13d300a231be","graphisme"
"9f9ce604-13a2-57fb-82ee-13d300a231be","communication"
"9f9ce604-13a2-57fb-82ee-13d300a231be","travail"
"b0c0c96b-de08-5a34-b9d9-f04872ecca5d","graphisme"
"b0c0c96b-de08-5a34-b9d9-f04872ecca5d","communication"
"b0c0c96b-de08-5a34-b9d9-f04872ecca5d","travail"
"7e20c575-2e07-5cea-8a5d-4eea158cd692","graphisme"
"7e20c575-2e07-5cea-8a5d-4eea158cd692","communication"
"7e20c575-2e07-5cea-8a5d-4eea158cd692","travail"
"29987759-cba0-5344-90fa-b90e0809a79b","graphisme"
"29987759-cba0-5344-90fa-b90e0809a79b","communication"
"29987759-cba0-5344-90fa-b90e0809a79b","travail"
"42c7fb60-edc8-529e-b978-c9c04b2a9e3a","graphisme"
"42c7fb60-edc8-529e-b978-c9c04b2a9e3a","communication"
"42c7fb60-edc8-529e-b978-c9c04b2a9e3a","travail"
"220b481d-0aa1-5d6a-a29d-5155c7a0e748","graphisme"
"220b481d-0aa1-5d6a-a29d-5155c7a0e748","communication"
"220b481d-0aa1-5d6a-a29d-5155c7a0e748","travail"
"70bf0ed4-fcee-547b-93cb-ac135c6e373d","graphisme"
"70bf0ed4-fcee-547b-93cb-ac135c6e373d","communication"
"70bf0ed4-fcee-547b-93cb-ac135c6e373d","travail"
"963f52fd-c2a3-58db-84eb-569e16cb4663","graphisme"
"963f52fd-c2a3-58db-84eb-569e16cb4663","communication"
"963f52fd-c2a3-58db-84eb-569e16cb4663","travail"
"5205ff80-74a4-5a65-9d02-f29539ca7083","publicite"
"5205ff80-74a4-5a65-9d02-f29539ca7083","marque"
"5205ff80-74a4-5a65-9d02-f29539ca7083","surrealisme"
"5e7fc633-b353-5e94-9164-00d109c29442","publicite"
"5e7fc633-b353-5e94-9164-00d109c29442","marque"
"5e7fc633-b353-5e94-9164-00d109c29442","surrealisme"
"28cb027b-ca0d-5a2e-90e6-ce887d7dd1a0","publicite"
"28cb027b-ca0d-5a2e-90e6-ce887d7dd1a0","marque"
"28cb027b-ca0d-5a2e-90e6-ce887d7dd1a0","surrealisme"
"36168ada-d9ae-5a1c-a367-cb3229931d13","publicite"
"36168ada-d9ae-5a1c-a367-cb3229931d13","marque"
"36168ada-d9ae-5a1c-a367-cb3229931d13","surrealisme"
"daabc642-1767-5260-8365-70fa70ed55f8","publicite"
"daabc642-1767-5260-8365-70fa70ed55f8","marque"
"daabc642-1767-5260-8365-70fa70ed55f8","surrealisme"
"5a594f2a-0f70-54d9-8a68-365572716651","publicite"
"5a594f2a-0f70-54d9-8a68-365572716651","marque"
"5a594f2a-0f70-54d9-8a68-365572716651","surrealisme"
"026256fa-c2c1-5875-98ab-77f06c2db752","publicite"
"026256fa-c2c1-5875-98ab-77f06c2db752","marque"
"026256fa-c2c1-5875-98ab-77f06c2db752","surrealisme"
"5eb26156-adcb-5c60-b443-dc9b5f16e6b6","publicite"
"5eb26156-adcb-5c60-b443-dc9b5f16e6b6","marque"
"5eb26156-adcb-5c60-b443-dc9b5f16e6b6","surrealisme"
"8629fbce-aa68-5ca8-98ed-c348585c4baf","publicite"
"8629fbce-aa68-5ca8-98ed-c348585c4baf","marque"
"8629fbce-aa68-5ca8-98ed-c348585c4baf","surrealisme"
"c0567bed-6dc4-5ec9-8cda-56c3fc168c6e","publicite"
"c0567bed-6dc4-5ec9-8cda-56c3fc168c6e","marque"
"c0567bed-6dc4-5ec9-8cda-56c3fc168c6e","surrealisme"
"ad14d130-c905-56be-aae5-26477acfd038","publicite"
"ad14d130-c905-56be-aae5-26477acfd038","marque"
"ad14d130-c905-56be-aae5-26477acfd038","surrealisme"
"a2b74fbe-c3e1-5fdb-851f-9caf62135217","publicite"
"a2b74fbe-c3e1-5fdb-851f-9caf62135217","marque"
"a2b74fbe-c3e1-5fdb-851f-9caf62135217","surrealisme"
"fdd6d832-116f-50f5-ba49-9d21cebd6354","photo"
"fdd6d832-116f-50f5-ba49-9d21cebd6354","portrait"
"fdd6d832-116f-50f5-ba49-9d21cebd6354","travail"
"8f8b9b3e-2936-526b-8173-62b18e78a58b","photo"
"8f8b9b3e-2936-526b-8173-62b18e78a58b","portrait"
"8f8b9b3e-2936-526b-8173-62b18e78a58b","travail"
"c06256dd-618c-563c-b5bd-d3eb143a8e0c","photo"
"c06256dd-618c-563c-b5bd-d3eb143a8e0c","portrait"
"c06256dd-618c-563c-b5bd-d3eb143a8e0c","travail"
"5f8b716b-a63a-5477-ac6d-1b737bef0baf","photo"
"5f8b716b-a63a-5477-ac6d-1b737bef0baf","portrait"
"5f8b716b-a63a-5477-ac6d-1b737bef0baf","travail"
"d8a17af0-00a1-5a58-b548-0cb1f6abd8dc","photo"
"d8a17af0-00a1-5a58-b548-0cb1f6abd8dc","portrait"
"d8a17af0-00a1-5a58-b548-0cb1f6abd8dc","travail"
"3b3d9502-1553-54e1-8205-0a3060e81510","photo"
"3b3d9502-1553-54e1-8205-0a3060e81510","portrait"
"3b3d9502-1553-54e1-8205-0a3060e81510","travail"
"7786562f-e5b3-5dbd-9f24-c20335f34977","photo"
"7786562f-e5b3-5dbd-9f24-c20335f34977","portrait"
"7786562f-e5b3-5dbd-9f24-c20335f34977","travail"
"d28506a0-38ca-54db-917c-f77cd29a8e61","photo"
"d28506a0-38ca-54db-917c-f77cd29a8e61","portrait"
"d28506a0-38ca-54db-917c-f77cd29a8e61","travail"
"17a8a311-7c7a-5979-9c72-b3a46578d3d8","photo"
"17a8a311-7c7a-5979-9c72-b3a46578d3d8","portrait"
"17a8a311-7c7a-5979-9c72-b3a46578d3d8","travail"
"72daaf24-dc6f-56eb-b482-ce095b3a457f","photo"
"72daaf24-dc6f-56eb-b482-ce095b3a457f","portrait"
"72daaf24-dc6f-56eb-b482-ce095b3a457f","travail"
"f39977de-1f0d-5520-8977-921cb7ec4363","photo"
"f39977de-1f0d-5520-8977-921cb7ec4363","portrait"
"f39977de-1f0d-5520-8977-921cb7ec4363","travail"
"536820c2-8713-53cd-bcac-113121f461ca","photo"
"536820c2-8713-53cd-bcac-113121f461ca","portrait"
"536820c2-8713-53cd-bcac-113121f461ca","travail"
"005beb90-1bf1-529f-bfd0-c7705e9b80e8","humour"
"005beb90-1bf1-529f-bfd0-c7705e9b80e8","travail"
"005beb90-1bf1-529f-bfd0-c7705e9b80e8","surrealisme"
"2b3712ca-7fee-5977-b36e-e4b81485c258","humour"
"2b3712ca-7fee-5977-b36e-e4b81485c258","travail"
"2b3712ca-7fee-5977-b36e-e4b81485c258","surrealisme"
"186309b1-403c-5edb-aea2-5e2fe26abde7","humour"
"186309b1-403c-5edb-aea2-5e2fe26abde7","travail"
"186309b1-403c-5edb-aea2-5e2fe26abde7","surrealisme"
"308d8943-5b6a-50e7-a941-6d0bfc261aaa","humour"
"308d8943-5b6a-50e7-a941-6d0bfc261aaa","travail"
"308d8943-5b6a-50e7-a941-6d0bfc261aaa","surrealisme"
"1dc7dd3d-1e5e-5727-81a0-1dcc293990d8","humour"
"1dc7dd3d-1e5e-5727-81a0-1dcc293990d8","travail"
"1dc7dd3d-1e5e-5727-81a0-1dcc293990d8","surrealisme"
"8c65c2ba-9242-5266-9834-526c242ee921","humour"
"8c65c2ba-9242-5266-9834-526c242ee921","travail"
"8c65c2ba-9242-5266-9834-526c242ee921","surrealisme"
"e05d8411-41dc-5886-9f76-96ca6daee271","humour"
"e05d8411-41dc-5886-9f76-96ca6daee271","travail"
"e05d8411-41dc-5886-9f76-96ca6daee271","surrealisme"
"f41ba0bf-761e-511f-942b-dfad5e3f7ea2","humour"
"f41ba0bf-761e-511f-942b-dfad5e3f7ea2","travail"
"f41ba0bf-761e-511f-942b-dfad5e3f7ea2","surrealisme"
"cbc6b1a1-878b-58e1-97a3-a181568b2aaf","humour"
"cbc6b1a1-878b-58e1-97a3-a181568b2aaf","travail"
"cbc6b1a1-878b-58e1-97a3-a181568b2aaf","surrealisme"
"549a86bf-0199-5820-9681-f33f59c19e4a","humour"
"549a86bf-0199-5820-9681-f33f59c19e4a","travail"
"549a86bf-0199-5820-9681-f33f59c19e4a","surrealisme"
"6fa48e2b-75a7-5beb-9f6b-27bd826385d5","humour"
"6fa48e2b-75a7-5beb-9f6b-27bd826385d5","travail"
"6fa48e2b-75a7-5beb-9f6b-27bd826385d5","surrealisme"
"e89dccfa-380a-5be8-a395-166ca5006f6e","humour"
"e89dccfa-380a-5be8-a395-166ca5006f6e","travail"
"e89dccfa-380a-5be8-a395-166ca5006f6e","surrealisme"
"9d1362c4-9225-599f-80b8-d710cb27106f","graphisme"
"9d1362c4-9225-599f-80b8-d710cb27106f","marque"
"9d1362c4-9225-599f-80b8-d710cb27106f","communication"
"2bdd4518-89e3-5971-aab2-cfd32ed1a6eb","graphisme"
"2bdd4518-89e3-5971-aab2-cfd32ed1a6eb","marque"
"2bdd4518-89e3-5971-aab2-cfd32ed1a6eb","communication"
"8d096b43-e7f1-5535-87d4-7111dce14fda","graphisme"
"8d096b43-e7f1-5535-87d4-7111dce14fda","marque"
"8d096b43-e7f1-5535-87d4-7111dce14fda","communication"
"b1723d8e-307f-566b-a813-11ee25a086a6","graphisme"
"b1723d8e-307f-566b-a813-11ee25a086a6","marque"
"b1723d8e-307f-566b-a813-11ee25a086a6","communication"
"d80cfddb-57db-55f9-98c9-cc318529d22e","graphisme"
"d80cfddb-57db-55f9-98c9-cc318529d22e","marque"
"d80cfddb-57db-55f9-98c9-cc318529d22e","communication"
"7731f056-78d4-5c21-975b-2e715e8b3cc0","graphisme"
"7731f056-78d4-5c21-975b-2e715e8b3cc0","marque"
"7731f056-78d4-5c21-975b-2e715e8b3cc0","communication"
"d82bbdb3-dca6-509b-afbc-06acfa60cd5a","graphisme"
"d82bbdb3-dca6-509b-afbc-06acfa60cd5a","marque"
"d82bbdb3-dca6-509b-afbc-06acfa60cd5a","communication"
"04a9902f-ab38-572b-8e84-bcf47108b162","graphisme"
"04a9902f-ab38-572b-8e84-bcf47108b162","marque"
"04a9902f-ab38-572b-8e84-bcf47108b162","communication"
"b25fcd70-b210-5073-b14d-e83f8fe71b2a","graphisme"
"b25fcd70-b210-5073-b14d-e83f8fe71b2a","marque"
"b25fcd70-b210-5073-b14d-e83f8fe71b2a","communication"
"8268ab7b-f085-5175-8238-aaf12544151f","graphisme"
"8268ab7b-f085-5175-8238-aaf12544151f","marque"
"8268ab7b-f085-5175-8238-aaf12544151f","communication"
"d1ae351e-cc3f-5cb6-882e-a39a96872128","graphisme"
"d1ae351e-cc3f-5cb6-882e-a39a96872128","marque"
"d1ae351e-cc3f-5cb6-882e-a39a96872128","communication"
"4b703345-1a1e-5eba-91e8-83d82f654e93","graphisme"
"4b703345-1a1e-5eba-91e8-83d82f654e93","marque"
"4b703345-1a1e-5eba-91e8-83d82f654e93","communication"
