"card_id","card_code","previous_card_id","source_card_id","previous_record_key","record_key","slug","command_id","allocation","production_card_id","production_resolution"
"62540c67-dc47-599f-b1a2-29fbc7799f3d","RCIA-C-000001","62540c67-dc47-599f-b1a2-29fbc7799f3d","62540c67-dc47-599f-b1a2-29fbc7799f3d","raccourcia/animecityportrait-pluie-neon","card:62540c67-dc47-599f-b1a2-29fbc7799f3d","animecityportrait-pluie-neon","6db83801-76d6-54ec-8927-0f07134ddd6d","uuid_conserve","","rapprocher_id_source_puis_slug_et_enregistrer_correspondance"
"28dcb94f-e380-55ea-8c70-cbffb5e2e4c2","RCIA-C-000002","28dcb94f-e380-55ea-8c70-cbffb5e2e4c2","28dcb94f-e380-55ea-8c70-cbffb5e2e4c2","raccourcia/comicpage-ligne-claire","card:28dcb94f-e380-55ea-8c70-cbffb5e2e4c2","comicpage-ligne-claire","48774ad0-0dae-51a0-8391-6d345e878581","uuid_conserve","","rapprocher_id_source_puis_slug_et_enregistrer_correspondance"
"1db21c53-db7d-5a96-b4cd-6bc66bf3adf7","RCIA-C-000003","1db21c53-db7d-5a96-b4cd-6bc66bf3adf7","1db21c53-db7d-5a96-b4cd-6bc66bf3adf7","raccourcia/comicpage-manga","card:1db21c53-db7d-5a96-b4cd-6bc66bf3adf7","comicpage-manga","48774ad0-0dae-51a0-8391-6d345e878581","uuid_conserve","","rapprocher_id_source_puis_slug_et_enregistrer_correspondance"
"548d42fd-2bfb-53f9-a8ba-12c0bde7ef9f","RCIA-C-000004","548d42fd-2bfb-53f9-a8ba-12c0bde7ef9f","548d42fd-2bfb-53f9-a8ba-12c0bde7ef9f","raccourcia/comicpage-webtoon","card:548d42fd-2bfb-53f9-a8ba-12c0bde7ef9f","comicpage-webtoon","48774ad0-0dae-51a0-8391-6d345e878581","uuid_conserve","","rapprocher_id_source_puis_slug_et_enregistrer_correspondance"
"136b9a0f-f04c-51ec-88fa-e63c17930f56","RCIA-C-000005","136b9a0f-f04c-51ec-88fa-e63c17930f56","136b9a0f-f04c-51ec-88fa-e63c17930f56","raccourcia/comicpanelstory-couverture-comic","card:136b9a0f-f04c-51ec-88fa-e63c17930f56","comicpanelstory-couverture-comic","4495c9e4-595e-5b27-887e-dfd11aec65f3","uuid_conserve","","rapprocher_id_source_puis_slug_et_enregistrer_correspondance"
"c97c0d8f-b014-58e5-b20d-58058f582692","RCIA-C-000006","c97c0d8f-b014-58e5-b20d-58058f582692","c97c0d8f-b014-58e5-b20d-58058f582692","raccourcia/comicpanelstory-page-action","card:c97c0d8f-b014-58e5-b20d-58058f582692","comicpanelstory-page-action","4495c9e4-595e-5b27-887e-dfd11aec65f3","uuid_conserve","","rapprocher_id_source_puis_slug_et_enregistrer_correspondance"
"5eb77fc0-6076-527f-a6cb-edd6bfa169a5","RCIA-C-000007","5eb77fc0-6076-527f-a6cb-edd6bfa169a5","5eb77fc0-6076-527f-a6cb-edd6bfa169a5","raccourcia/comicpanelstory-trois-cases","card:5eb77fc0-6076-527f-a6cb-edd6bfa169a5","comicpanelstory-trois-cases","4495c9e4-595e-5b27-887e-dfd11aec65f3","uuid_conserve","","rapprocher_id_source_puis_slug_et_enregistrer_correspondance"
"2cc2465d-f89c-5585-bb28-08ab79300e74","RCIA-C-000008","2cc2465d-f89c-5585-bb28-08ab79300e74","2cc2465d-f89c-5585-bb28-08ab79300e74","raccourcia/giantcompanion-stade","card:2cc2465d-f89c-5585-bb28-08ab79300e74","giantcompanion-stade","4e05a8a8-0f7f-5b1f-8dfe-27753bed23db","uuid_conserve","","rapprocher_id_source_puis_slug_et_enregistrer_correspondance"
"4be2a4a4-2188-5339-a08d-7f143ed0d442","RCIA-C-000009","4be2a4a4-2188-5339-a08d-7f143ed0d442","4be2a4a4-2188-5339-a08d-7f143ed0d442","raccourcia/retrocartoonscene-annees-60","card:4be2a4a4-2188-5339-a08d-7f143ed0d442","retrocartoonscene-annees-60","39205192-edb1-52aa-ae23-4afbea9490cb","uuid_conserve","","rapprocher_id_source_puis_slug_et_enregistrer_correspondance"
"a50722bd-f6b4-5d7a-afdb-c2ceedd0d602","RCIA-C-000010","a50722bd-f6b4-5d7a-afdb-c2ceedd0d602","a50722bd-f6b4-5d7a-afdb-c2ceedd0d602","raccourcia/storyboard-storyboard-cinema","card:a50722bd-f6b4-5d7a-afdb-c2ceedd0d602","storyboard-storyboard-cinema","3de071ae-2bf4-5de2-9314-0d7a4f24b752","uuid_conserve","","rapprocher_id_source_puis_slug_et_enregistrer_correspondance"
"6d74f866-b808-5143-b7fc-db19835e1f58","RCIA-C-000011","6d74f866-b808-5143-b7fc-db19835e1f58","6d74f866-b808-5143-b7fc-db19835e1f58","raccourcia/storyboard-storyboard-pub","card:6d74f866-b808-5143-b7fc-db19835e1f58","storyboard-storyboard-pub","3de071ae-2bf4-5de2-9314-0d7a4f24b752","uuid_conserve","","rapprocher_id_source_puis_slug_et_enregistrer_correspondance"
"8eac796f-bd4e-579b-bf85-2bf1f0658019","RCIA-C-000012","8eac796f-bd4e-579b-bf85-2bf1f0658019","8eac796f-bd4e-579b-bf85-2bf1f0658019","raccourcia/toonencounter3d-compagnons-heroique","card:8eac796f-bd4e-579b-bf85-2bf1f0658019","toonencounter3d-compagnons-heroique","1e114b08-0b90-5b22-8564-5b728b904407","uuid_conserve","","rapprocher_id_source_puis_slug_et_enregistrer_correspondance"
"d2cc4660-28fb-539d-a974-b20fe1e8ea4e","RCIA-C-000013","","","raccourcia/retrofuture","card:d2cc4660-28fb-539d-a974-b20fe1e8ea4e","retrofuture","6079200f-04b9-54a3-966c-a2ca6bdc1b92","uuid5_depuis_cle_source","","rapprocher_id_source_puis_slug_et_enregistrer_correspondance"
"51731b64-1999-51c3-9c60-03e27164d291","RCIA-C-000014","51731b64-1999-51c3-9c60-03e27164d291","51731b64-1999-51c3-9c60-03e27164d291","raccourcia/billboardescape-abribus-vivant","card:51731b64-1999-51c3-9c60-03e27164d291","billboardescape-abribus-vivant","e7487a11-843d-53cc-8f4d-8109f3e08045","uuid_conserve","","rapprocher_id_source_puis_slug_et_enregistrer_correspondance"
"83a8f712-9d4b-53a0-bb16-4f537b99d47c","RCIA-C-000015","83a8f712-9d4b-53a0-bb16-4f537b99d47c","83a8f712-9d4b-53a0-bb16-4f537b99d47c","raccourcia/cutoutreality-l-affiche-retournee","card:83a8f712-9d4b-53a0-bb16-4f537b99d47c","cutoutreality-l-affiche-retournee","48835cd6-2e8e-5ad1-a2c0-c69602b66701","uuid_conserve","","rapprocher_id_source_puis_slug_et_enregistrer_correspondance"
"5f14fffa-9088-5a47-8b37-0b602a6c1d0f","RCIA-C-000016","5f14fffa-9088-5a47-8b37-0b602a6c1d0f","5f14fffa-9088-5a47-8b37-0b602a6c1d0f","raccourcia/cutoutreality-la-porte-en-papier","card:5f14fffa-9088-5a47-8b37-0b602a6c1d0f","cutoutreality-la-porte-en-papier","48835cd6-2e8e-5ad1-a2c0-c69602b66701","uuid_conserve","","rapprocher_id_source_puis_slug_et_enregistrer_correspondance"
"67640ea0-f06b-5c7b-9577-ecf9bb0614a8","RCIA-C-000017","67640ea0-f06b-5c7b-9577-ecf9bb0614a8","67640ea0-f06b-5c7b-9577-ecf9bb0614a8","raccourcia/dioramaportrait-boite-de-souvenirs","card:67640ea0-f06b-5c7b-9577-ecf9bb0614a8","dioramaportrait-boite-de-souvenirs","4453325f-7048-5974-9937-370ee47be985","uuid_conserve","","rapprocher_id_source_puis_slug_et_enregistrer_correspondance"
"3c072809-e249-5c36-a629-119eca15346b","RCIA-C-000018","3c072809-e249-5c36-a629-119eca15346b","3c072809-e249-5c36-a629-119eca15346b","raccourcia/dioramaportrait-maison-ouverte","card:3c072809-e249-5c36-a629-119eca15346b","dioramaportrait-maison-ouverte","4453325f-7048-5974-9937-370ee47be985","uuid_conserve","","rapprocher_id_source_puis_slug_et_enregistrer_correspondance"
"865059e2-9e09-54d5-bd90-34616f26c996","RCIA-C-000019","865059e2-9e09-54d5-bd90-34616f26c996","865059e2-9e09-54d5-bd90-34616f26c996","raccourcia/emberportrait-braises-flottantes","card:865059e2-9e09-54d5-bd90-34616f26c996","emberportrait-braises-flottantes","c1aa3ab9-4b96-506e-9d01-8364fad7d96b","uuid_conserve","","rapprocher_id_source_puis_slug_et_enregistrer_correspondance"
"f143af24-781c-56d8-80b6-e9d3d45a23bc","RCIA-C-000020","f143af24-781c-56d8-80b6-e9d3d45a23bc","f143af24-781c-56d8-80b6-e9d3d45a23bc","raccourcia/epicarrival-couloir-de-lumiere","card:f143af24-781c-56d8-80b6-e9d3d45a23bc","epicarrival-couloir-de-lumiere","d4b61176-cba8-5ed8-a10c-aeb011873b06","uuid_conserve","","rapprocher_id_source_puis_slug_et_enregistrer_correspondance"
"346cb30f-25b7-5809-826b-5398a2aa271f","RCIA-C-000021","346cb30f-25b7-5809-826b-5398a2aa271f","346cb30f-25b7-5809-826b-5398a2aa271f","raccourcia/epicarrival-helicoptere-fictif","card:346cb30f-25b7-5809-826b-5398a2aa271f","epicarrival-helicoptere-fictif","d4b61176-cba8-5ed8-a10c-aeb011873b06","uuid_conserve","","rapprocher_id_source_puis_slug_et_enregistrer_correspondance"
"f0ebcd98-058b-55b7-b0d1-ee105bcd8333","RCIA-C-000022","f0ebcd98-058b-55b7-b0d1-ee105bcd8333","f0ebcd98-058b-55b7-b0d1-ee105bcd8333","raccourcia/floatingstairs-escalier-circulaire","card:f0ebcd98-058b-55b7-b0d1-ee105bcd8333","floatingstairs-escalier-circulaire","6a017126-d334-5f8e-95e3-53da66dfb3ff","uuid_conserve","","rapprocher_id_source_puis_slug_et_enregistrer_correspondance"
"a06dfcca-4515-55a0-a316-4aab7abf9edd","RCIA-C-000023","a06dfcca-4515-55a0-a316-4aab7abf9edd","a06dfcca-4515-55a0-a316-4aab7abf9edd","raccourcia/forcedperspective-porter-un-immeuble","card:a06dfcca-4515-55a0-a316-4aab7abf9edd","forcedperspective-porter-un-immeuble","d3b04fe7-e855-5fa1-8aa7-6cc44088ad5a","uuid_conserve","","rapprocher_id_source_puis_slug_et_enregistrer_correspondance"
"8694aa29-b387-5c00-9597-9b542c319c69","RCIA-C-000024","8694aa29-b387-5c00-9597-9b542c319c69","8694aa29-b387-5c00-9597-9b542c319c69","raccourcia/forcedperspective-saisir-la-lune","card:8694aa29-b387-5c00-9597-9b542c319c69","forcedperspective-saisir-la-lune","d3b04fe7-e855-5fa1-8aa7-6cc44088ad5a","uuid_conserve","","rapprocher_id_source_puis_slug_et_enregistrer_correspondance"
"a26e3ff6-34cb-5119-a6e5-76899fa03979","RCIA-C-000025","a26e3ff6-34cb-5119-a6e5-76899fa03979","a26e3ff6-34cb-5119-a6e5-76899fa03979","raccourcia/giantprop-cravate-monumentale","card:a26e3ff6-34cb-5119-a6e5-76899fa03979","giantprop-cravate-monumentale","bd576d3c-2ea5-5636-8ac5-771957fc3a42","uuid_conserve","","rapprocher_id_source_puis_slug_et_enregistrer_correspondance"
"cb334d94-c548-5a9a-b052-4058bc72b773","RCIA-C-000026","cb334d94-c548-5a9a-b052-4058bc72b773","cb334d94-c548-5a9a-b052-4058bc72b773","raccourcia/giantprop-lunettes-geantes","card:cb334d94-c548-5a9a-b052-4058bc72b773","giantprop-lunettes-geantes","bd576d3c-2ea5-5636-8ac5-771957fc3a42","uuid_conserve","","rapprocher_id_source_puis_slug_et_enregistrer_correspondance"
"3a0f7d12-34b8-54f1-834c-d9ca900c5622","RCIA-C-000027","3a0f7d12-34b8-54f1-834c-d9ca900c5622","3a0f7d12-34b8-54f1-834c-d9ca900c5622","raccourcia/invisiblepedestal-chaise-flottante","card:3a0f7d12-34b8-54f1-834c-d9ca900c5622","invisiblepedestal-chaise-flottante","57b2e69a-715e-5d95-b4ac-bb7892e79d12","uuid_conserve","","rapprocher_id_source_puis_slug_et_enregistrer_correspondance"
"136f35cd-3e30-5c31-b619-36fa985e0ede","RCIA-C-000028","136f35cd-3e30-5c31-b619-36fa985e0ede","136f35cd-3e30-5c31-b619-36fa985e0ede","raccourcia/levitatingdesk-createur-orbital","card:136f35cd-3e30-5c31-b619-36fa985e0ede","levitatingdesk-createur-orbital","5d85122e-0327-528e-91b0-cae75ee6921b","uuid_conserve","","rapprocher_id_source_puis_slug_et_enregistrer_correspondance"
"7b7b5e06-f028-541f-8e72-eb7d63960403","RCIA-C-000029","7b7b5e06-f028-541f-8e72-eb7d63960403","7b7b5e06-f028-541f-8e72-eb7d63960403","raccourcia/levitatingdesk-pause-suspendue","card:7b7b5e06-f028-541f-8e72-eb7d63960403","levitatingdesk-pause-suspendue","5d85122e-0327-528e-91b0-cae75ee6921b","uuid_conserve","","rapprocher_id_source_puis_slug_et_enregistrer_correspondance"
"78535330-9ed6-5a49-8c5b-9cde3a1662f4","RCIA-C-000030","78535330-9ed6-5a49-8c5b-9cde3a1662f4","78535330-9ed6-5a49-8c5b-9cde3a1662f4","raccourcia/loopavenue-le-boulevard-cylindre","card:78535330-9ed6-5a49-8c5b-9cde3a1662f4","loopavenue-le-boulevard-cylindre","a44cd636-4e88-5a34-8b00-4c91282ee032","uuid_conserve","","rapprocher_id_source_puis_slug_et_enregistrer_correspondance"
"696fd2b9-24ca-5ae8-985d-708397b1028f","RCIA-C-000031","696fd2b9-24ca-5ae8-985d-708397b1028f","696fd2b9-24ca-5ae8-985d-708397b1028f","raccourcia/miniaturecity-ville-dans-valise","card:696fd2b9-24ca-5ae8-985d-708397b1028f","miniaturecity-ville-dans-valise","25afa11b-dcbd-54f7-9c57-6389559cc824","uuid_conserve","","rapprocher_id_source_puis_slug_et_enregistrer_correspondance"
"fccb5dff-ede2-57f7-a169-7653003f888c","RCIA-C-000032","fccb5dff-ede2-57f7-a169-7653003f888c","fccb5dff-ede2-57f7-a169-7653003f888c","raccourcia/miniaturecity-ville-sur-table","card:fccb5dff-ede2-57f7-a169-7653003f888c","miniaturecity-ville-sur-table","25afa11b-dcbd-54f7-9c57-6389559cc824","uuid_conserve","","rapprocher_id_source_puis_slug_et_enregistrer_correspondance"
"d6941cd5-8343-542e-93d1-1cb278b19819","RCIA-C-000033","d6941cd5-8343-542e-93d1-1cb278b19819","d6941cd5-8343-542e-93d1-1cb278b19819","raccourcia/mirrortriptych-miroir-casse","card:d6941cd5-8343-542e-93d1-1cb278b19819","mirrortriptych-miroir-casse","5527ea5c-7260-5fe0-8b50-614f092a7d1a","uuid_conserve","","rapprocher_id_source_puis_slug_et_enregistrer_correspondance"
"efb63939-2fc4-5045-a5c5-972857d27763","RCIA-C-000034","efb63939-2fc4-5045-a5c5-972857d27763","efb63939-2fc4-5045-a5c5-972857d27763","raccourcia/mirrorworld-miroir-futur","card:efb63939-2fc4-5045-a5c5-972857d27763","mirrorworld-miroir-futur","f6a9933b-26b9-5c0b-b4db-75f43985e548","uuid_conserve","","rapprocher_id_source_puis_slug_et_enregistrer_correspondance"
"d5b4ed8a-16c3-537d-989e-4733d94939ef","RCIA-C-000035","d5b4ed8a-16c3-537d-989e-4733d94939ef","d5b4ed8a-16c3-537d-989e-4733d94939ef","raccourcia/mirrorworld-miroir-saison","card:d5b4ed8a-16c3-537d-989e-4733d94939ef","mirrorworld-miroir-saison","f6a9933b-26b9-5c0b-b4db-75f43985e548","uuid_conserve","","rapprocher_id_source_puis_slug_et_enregistrer_correspondance"
"6bf19f22-7c2f-5b1b-9c82-3a6d60d9ddc3","RCIA-C-000036","6bf19f22-7c2f-5b1b-9c82-3a6d60d9ddc3","6bf19f22-7c2f-5b1b-9c82-3a6d60d9ddc3","raccourcia/paperbreakphoto-mur-de-papier","card:6bf19f22-7c2f-5b1b-9c82-3a6d60d9ddc3","paperbreakphoto-mur-de-papier","5147f005-534f-5a88-85cf-3f0b78e2dfa3","uuid_conserve","","rapprocher_id_source_puis_slug_et_enregistrer_correspondance"
"754f5601-757c-5904-a04b-3326e50a72e8","RCIA-C-000037","754f5601-757c-5904-a04b-3326e50a72e8","754f5601-757c-5904-a04b-3326e50a72e8","raccourcia/paperbreakphoto-page-de-magazine","card:754f5601-757c-5904-a04b-3326e50a72e8","paperbreakphoto-page-de-magazine","5147f005-534f-5a88-85cf-3f0b78e2dfa3","uuid_conserve","","rapprocher_id_source_puis_slug_et_enregistrer_correspondance"
"19666a22-ba54-5e20-ae20-8a5c90436366","RCIA-C-000038","19666a22-ba54-5e20-ae20-8a5c90436366","19666a22-ba54-5e20-ae20-8a5c90436366","raccourcia/portalstep-portail-urbain","card:19666a22-ba54-5e20-ae20-8a5c90436366","portalstep-portail-urbain","7135aec3-4b30-54f6-b0d8-f04c2aa2bef4","uuid_conserve","","rapprocher_id_source_puis_slug_et_enregistrer_correspondance"
"fda4c1ef-5173-54d9-9187-d21df7b91d06","RCIA-C-000039","fda4c1ef-5173-54d9-9187-d21df7b91d06","fda4c1ef-5173-54d9-9187-d21df7b91d06","raccourcia/portalstep-porte-vers-plage","card:fda4c1ef-5173-54d9-9187-d21df7b91d06","portalstep-porte-vers-plage","7135aec3-4b30-54f6-b0d8-f04c2aa2bef4","uuid_conserve","","rapprocher_id_source_puis_slug_et_enregistrer_correspondance"
"413dcb16-cefd-5aae-99a3-c18e581a083b","RCIA-C-000040","413dcb16-cefd-5aae-99a3-c18e581a083b","413dcb16-cefd-5aae-99a3-c18e581a083b","raccourcia/premierenight-sortie-salle","card:413dcb16-cefd-5aae-99a3-c18e581a083b","premierenight-sortie-salle","17a8597e-2f72-57b5-964a-3bc899abd2f0","uuid_conserve","","rapprocher_id_source_puis_slug_et_enregistrer_correspondance"
"e375c53e-b0bd-59c2-983d-198a5e18b525","RCIA-C-000041","e375c53e-b0bd-59c2-983d-198a5e18b525","e375c53e-b0bd-59c2-983d-198a5e18b525","raccourcia/scifiportalportrait-faille-ville","card:e375c53e-b0bd-59c2-983d-198a5e18b525","scifiportalportrait-faille-ville","dcddaf06-ad46-5263-ba8e-8bf2bb3da492","uuid_conserve","","rapprocher_id_source_puis_slug_et_enregistrer_correspondance"
"df59a141-0b17-541e-8316-77843f8635c0","RCIA-C-000042","df59a141-0b17-541e-8316-77843f8635c0","df59a141-0b17-541e-8316-77843f8635c0","raccourcia/scifiportalportrait-porte-cosmos","card:df59a141-0b17-541e-8316-77843f8635c0","scifiportalportrait-porte-cosmos","dcddaf06-ad46-5263-ba8e-8bf2bb3da492","uuid_conserve","","rapprocher_id_source_puis_slug_et_enregistrer_correspondance"
"69763963-379c-54a3-b7c4-92547e2b26d7","RCIA-C-000043","69763963-379c-54a3-b7c4-92547e2b26d7","69763963-379c-54a3-b7c4-92547e2b26d7","raccourcia/shadowstory-ombre-de-heros","card:69763963-379c-54a3-b7c4-92547e2b26d7","shadowstory-ombre-de-heros","38c775cf-0301-53ce-b186-7985ab150e0a","uuid_conserve","","rapprocher_id_source_puis_slug_et_enregistrer_correspondance"
"032bc9d0-614e-56bd-b156-21562ab9dc5f","RCIA-C-000044","032bc9d0-614e-56bd-b156-21562ab9dc5f","032bc9d0-614e-56bd-b156-21562ab9dc5f","raccourcia/socialframe-feed-miniature","card:032bc9d0-614e-56bd-b156-21562ab9dc5f","socialframe-feed-miniature","8a970bc2-288e-592d-a30f-557eaa3243c3","uuid_conserve","","rapprocher_id_source_puis_slug_et_enregistrer_correspondance"
"8350d4f5-2856-5a02-b71d-53e7496be2c7","RCIA-C-000045","8350d4f5-2856-5a02-b71d-53e7496be2c7","8350d4f5-2856-5a02-b71d-53e7496be2c7","raccourcia/tabletophero-la-page-montagne","card:8350d4f5-2856-5a02-b71d-53e7496be2c7","tabletophero-la-page-montagne","21d675c1-4fc6-592b-96f9-6b1d822d2bfb","uuid_conserve","","rapprocher_id_source_puis_slug_et_enregistrer_correspondance"
"850cdd9b-6379-5f61-82e2-53c95d5845c3","RCIA-C-000046","850cdd9b-6379-5f61-82e2-53c95d5845c3","850cdd9b-6379-5f61-82e2-53c95d5845c3","raccourcia/tabletophero-le-bord-du-mug","card:850cdd9b-6379-5f61-82e2-53c95d5845c3","tabletophero-le-bord-du-mug","21d675c1-4fc6-592b-96f9-6b1d822d2bfb","uuid_conserve","","rapprocher_id_source_puis_slug_et_enregistrer_correspondance"
"b1ef69a7-94dc-56f6-856b-4fba3b612ca8","RCIA-C-000047","b1ef69a7-94dc-56f6-856b-4fba3b612ca8","b1ef69a7-94dc-56f6-856b-4fba3b612ca8","raccourcia/vfxdouble-dialogue-avec-soi","card:b1ef69a7-94dc-56f6-856b-4fba3b612ca8","vfxdouble-dialogue-avec-soi","df2e704b-f34b-5174-8843-af4ab81f9828","uuid_conserve","","rapprocher_id_source_puis_slug_et_enregistrer_correspondance"
"b568bad0-3f78-532d-8171-1fe9c3d65a77","RCIA-C-000048","b568bad0-3f78-532d-8171-1fe9c3d65a77","b568bad0-3f78-532d-8171-1fe9c3d65a77","raccourcia/vfxdouble-miroir-sans-miroir","card:b568bad0-3f78-532d-8171-1fe9c3d65a77","vfxdouble-miroir-sans-miroir","df2e704b-f34b-5174-8843-af4ab81f9828","uuid_conserve","","rapprocher_id_source_puis_slug_et_enregistrer_correspondance"
"da6df99f-d5bc-5aec-ba47-54840b8689cc","RCIA-C-000049","","","raccourcia/cinematicstill","card:da6df99f-d5bc-5aec-ba47-54840b8689cc","cinematicstill","ee3d719e-d465-513e-b7d5-3b3213db0f7c","uuid5_depuis_cle_source","","rapprocher_id_source_puis_slug_et_enregistrer_correspondance"
"cc1a059d-b2aa-57d4-a2ad-1b963b25b179","RCIA-C-000050","","","raccourcia/muralself","card:cc1a059d-b2aa-57d4-a2ad-1b963b25b179","muralself","016e96a7-8e44-5612-872a-3c4b4386b87a","uuid5_depuis_cle_source","","rapprocher_id_source_puis_slug_et_enregistrer_correspondance"
"b96368c9-82f7-5e2e-b13c-9bbcd885ecf8","RCIA-C-000051","","","raccourcia/nollywoodscene","card:b96368c9-82f7-5e2e-b13c-9bbcd885ecf8","nollywoodscene","700c72e1-9206-5fe7-9374-ff1386596c50","uuid5_depuis_cle_source","","rapprocher_id_source_puis_slug_et_enregistrer_correspondance"
"bf073c47-57e5-5709-8358-47be253670cb","RCIA-C-000052","","","raccourcia/parallelself","card:bf073c47-57e5-5709-8358-47be253670cb","parallelself","d4425e88-aa02-5315-befc-12dbd3a4abf1","uuid5_depuis_cle_source","","rapprocher_id_source_puis_slug_et_enregistrer_correspondance"
"f77eca7f-af46-58df-b835-1c8661a2a34f","RCIA-C-000053","img-portraitcinema","img-portraitcinema","raccourcia/portraitcinema","card:f77eca7f-af46-58df-b835-1c8661a2a34f","portraitcinema","a835518f-4f8a-5d43-a7da-eae8b6ac63c9","uuid5_depuis_id_source","","rapprocher_id_source_puis_slug_et_enregistrer_correspondance"
"4edcd506-421d-50a3-adc6-0b45292dfb59","RCIA-C-000054","","","raccourcia/royalcoronation","card:4edcd506-421d-50a3-adc6-0b45292dfb59","royalcoronation","636bf626-4cea-59eb-80ef-bc5678dbbff5","uuid5_depuis_cle_source","","rapprocher_id_source_puis_slug_et_enregistrer_correspondance"
"84605979-5fc0-54f5-8262-19f348fe4de9","RCIA-C-000055","","","raccourcia/sportshero","card:84605979-5fc0-54f5-8262-19f348fe4de9","sportshero","22d41afc-70d3-5d2b-bcd8-8df447ce9bbf","uuid5_depuis_cle_source","","rapprocher_id_source_puis_slug_et_enregistrer_correspondance"
"273394b1-25bd-5394-aa9b-605f441f03de","RCIA-C-000056","","","raccourcia/statueself","card:273394b1-25bd-5394-aa9b-605f441f03de","statueself","159bc2ef-7c61-53b5-a727-e64b190417cd","uuid5_depuis_cle_source","","rapprocher_id_source_puis_slug_et_enregistrer_correspondance"
"7502f66a-3670-571d-a48d-6aa163c24a7e","RCIA-C-000057","","","raccourcia/surrealgiant","card:7502f66a-3670-571d-a48d-6aa163c24a7e","surrealgiant","c548ebb4-9c8e-5a20-9510-76ad3039bcf4","uuid5_depuis_cle_source","","rapprocher_id_source_puis_slug_et_enregistrer_correspondance"
"f99bc2e7-8c88-5ee0-b75b-9a236f0264b4","RCIA-C-000058","f99bc2e7-8c88-5ee0-b75b-9a236f0264b4","f99bc2e7-8c88-5ee0-b75b-9a236f0264b4","raccourcia/biolight-foret-lumineuse","card:f99bc2e7-8c88-5ee0-b75b-9a236f0264b4","biolight-foret-lumineuse","b3e11683-cfb8-59cc-be04-aac4bc80c374","uuid_conserve","","rapprocher_id_source_puis_slug_et_enregistrer_correspondance"
"cbb9f847-4496-5755-9aa2-6c66a22c6546","RCIA-C-000059","cbb9f847-4496-5755-9aa2-6c66a22c6546","cbb9f847-4496-5755-9aa2-6c66a22c6546","raccourcia/biolight-textile-vivant","card:cbb9f847-4496-5755-9aa2-6c66a22c6546","biolight-textile-vivant","b3e11683-cfb8-59cc-be04-aac4bc80c374","uuid_conserve","","rapprocher_id_source_puis_slug_et_enregistrer_correspondance"
"c0ba538a-a16b-5edd-92da-a2e66636ef46","RCIA-C-000060","c0ba538a-a16b-5edd-92da-a2e66636ef46","c0ba538a-a16b-5edd-92da-a2e66636ef46","raccourcia/collage-analogique-editorial","card:c0ba538a-a16b-5edd-92da-a2e66636ef46","collage-analogique-editorial","f801c7e9-4d24-5fc8-ad0e-512c7c9cd9b2","uuid_conserve","","rapprocher_id_source_puis_slug_et_enregistrer_correspondance"
"2ea6a591-632c-57da-a704-cca5165166eb","RCIA-C-000061","2ea6a591-632c-57da-a704-cca5165166eb","2ea6a591-632c-57da-a704-cca5165166eb","raccourcia/collage-papier-diorama","card:2ea6a591-632c-57da-a704-cca5165166eb","collage-papier-diorama","f801c7e9-4d24-5fc8-ad0e-512c7c9cd9b2","uuid_conserve","","rapprocher_id_source_puis_slug_et_enregistrer_correspondance"
"4a811406-a3c3-5b96-97f6-5c50111c1e02","RCIA-C-000062","4a811406-a3c3-5b96-97f6-5c50111c1e02","4a811406-a3c3-5b96-97f6-5c50111c1e02","raccourcia/collage-portrait-en-bandes","card:4a811406-a3c3-5b96-97f6-5c50111c1e02","collage-portrait-en-bandes","f801c7e9-4d24-5fc8-ad0e-512c7c9cd9b2","uuid_conserve","","rapprocher_id_source_puis_slug_et_enregistrer_correspondance"
"14bc6446-a410-550b-bc5e-17b86aa754ed","RCIA-C-000063","14bc6446-a410-550b-bc5e-17b86aa754ed","14bc6446-a410-550b-bc5e-17b86aa754ed","raccourcia/digitalart-gradient-mesh","card:14bc6446-a410-550b-bc5e-17b86aa754ed","digitalart-gradient-mesh","e06c330a-4f70-58ee-aa4f-c19f3c0abdfb","uuid_conserve","","rapprocher_id_source_puis_slug_et_enregistrer_correspondance"
"4baaeb2d-600a-5809-82fa-cf2d29e1c09a","RCIA-C-000064","4baaeb2d-600a-5809-82fa-cf2d29e1c09a","4baaeb2d-600a-5809-82fa-cf2d29e1c09a","raccourcia/digitalart-low-poly","card:4baaeb2d-600a-5809-82fa-cf2d29e1c09a","digitalart-low-poly","e06c330a-4f70-58ee-aa4f-c19f3c0abdfb","uuid_conserve","","rapprocher_id_source_puis_slug_et_enregistrer_correspondance"
"51aeb007-a9e3-5f44-8496-d62df04cb11b","RCIA-C-000065","51aeb007-a9e3-5f44-8496-d62df04cb11b","51aeb007-a9e3-5f44-8496-d62df04cb11b","raccourcia/digitalart-voxel","card:51aeb007-a9e3-5f44-8496-d62df04cb11b","digitalart-voxel","e06c330a-4f70-58ee-aa4f-c19f3c0abdfb","uuid_conserve","","rapprocher_id_source_puis_slug_et_enregistrer_correspondance"
"b20ec19c-33a5-564d-acf8-63ced08bbb10","RCIA-C-000066","b20ec19c-33a5-564d-acf8-63ced08bbb10","b20ec19c-33a5-564d-acf8-63ced08bbb10","raccourcia/glassskin-buste-de-cristal","card:b20ec19c-33a5-564d-acf8-63ced08bbb10","glassskin-buste-de-cristal","813cf0fd-1b84-54d0-88af-096104a253b0","uuid_conserve","","rapprocher_id_source_puis_slug_et_enregistrer_correspondance"
"fbd3b3ec-cc55-57f8-8111-a37e4db00cd2","RCIA-C-000067","fbd3b3ec-cc55-57f8-8111-a37e4db00cd2","fbd3b3ec-cc55-57f8-8111-a37e4db00cd2","raccourcia/icearmor-manteau-glace","card:fbd3b3ec-cc55-57f8-8111-a37e4db00cd2","icearmor-manteau-glace","6e5a49a2-22fe-5886-9c7a-746d507a6d25","uuid_conserve","","rapprocher_id_source_puis_slug_et_enregistrer_correspondance"
"e395d25b-9c34-50cf-8455-8253166b2544","RCIA-C-000068","e395d25b-9c34-50cf-8455-8253166b2544","e395d25b-9c34-50cf-8455-8253166b2544","raccourcia/liquidchrome-visage-borde-de-chrome","card:e395d25b-9c34-50cf-8455-8253166b2544","liquidchrome-visage-borde-de-chrome","e5ccac2b-41ff-5212-9a69-174babf4163b","uuid_conserve","","rapprocher_id_source_puis_slug_et_enregistrer_correspondance"
"1776e609-7691-5b0d-9632-c4537a885cf8","RCIA-C-000069","1776e609-7691-5b0d-9632-c4537a885cf8","1776e609-7691-5b0d-9632-c4537a885cf8","raccourcia/materialportrait-encre-dans-eau","card:1776e609-7691-5b0d-9632-c4537a885cf8","materialportrait-encre-dans-eau","6839ce2a-a31b-55e2-a16c-56182d9adba2","uuid_conserve","","rapprocher_id_source_puis_slug_et_enregistrer_correspondance"
"bc5068e2-1df1-51d8-9e97-91bc78a6a7b4","RCIA-C-000070","bc5068e2-1df1-51d8-9e97-91bc78a6a7b4","bc5068e2-1df1-51d8-9e97-91bc78a6a7b4","raccourcia/materialportrait-portrait-en-fil","card:bc5068e2-1df1-51d8-9e97-91bc78a6a7b4","materialportrait-portrait-en-fil","6839ce2a-a31b-55e2-a16c-56182d9adba2","uuid_conserve","","rapprocher_id_source_puis_slug_et_enregistrer_correspondance"
"324d4df1-6e6a-5140-861a-88c8742c8083","RCIA-C-000071","324d4df1-6e6a-5140-861a-88c8742c8083","324d4df1-6e6a-5140-861a-88c8742c8083","raccourcia/materialportrait-verre-dichroique","card:324d4df1-6e6a-5140-861a-88c8742c8083","materialportrait-verre-dichroique","6839ce2a-a31b-55e2-a16c-56182d9adba2","uuid_conserve","","rapprocher_id_source_puis_slug_et_enregistrer_correspondance"
"425efc7c-f9ad-5d20-ab7f-a611d39c3e40","RCIA-C-000072","425efc7c-f9ad-5d20-ab7f-a611d39c3e40","425efc7c-f9ad-5d20-ab7f-a611d39c3e40","raccourcia/petalburst-epaule-en-petales","card:425efc7c-f9ad-5d20-ab7f-a611d39c3e40","petalburst-epaule-en-petales","92b2175d-e10b-5521-b509-314d51b4adae","uuid_conserve","","rapprocher_id_source_puis_slug_et_enregistrer_correspondance"
"d9059d32-cc6b-5a61-bbb7-896675f39c69","RCIA-C-000073","d9059d32-cc6b-5a61-bbb7-896675f39c69","d9059d32-cc6b-5a61-bbb7-896675f39c69","raccourcia/ribbonform-rubans-metalliques","card:d9059d32-cc6b-5a61-bbb7-896675f39c69","ribbonform-rubans-metalliques","bfc4a909-2cd5-5078-a0e3-42a60081ee21","uuid_conserve","","rapprocher_id_source_puis_slug_et_enregistrer_correspondance"
"7de84610-3847-5ef7-8592-0f690c7662b1","RCIA-C-000074","7de84610-3847-5ef7-8592-0f690c7662b1","7de84610-3847-5ef7-8592-0f690c7662b1","raccourcia/sandfade-manteau-en-sable","card:7de84610-3847-5ef7-8592-0f690c7662b1","sandfade-manteau-en-sable","88cd2456-489d-5be7-93fa-e4a9c66d94a5","uuid_conserve","","rapprocher_id_source_puis_slug_et_enregistrer_correspondance"
"4f076d13-6c5c-529a-a2f7-ea55ac930cde","RCIA-C-000075","4f076d13-6c5c-529a-a2f7-ea55ac930cde","4f076d13-6c5c-529a-a2f7-ea55ac930cde","raccourcia/sandfade-statue-et-poussiere","card:4f076d13-6c5c-529a-a2f7-ea55ac930cde","sandfade-statue-et-poussiere","88cd2456-489d-5be7-93fa-e4a9c66d94a5","uuid_conserve","","rapprocher_id_source_puis_slug_et_enregistrer_correspondance"
"07859d4e-6058-559a-bf0f-d14216cb0c2f","RCIA-C-000076","07859d4e-6058-559a-bf0f-d14216cb0c2f","07859d4e-6058-559a-bf0f-d14216cb0c2f","raccourcia/satireline-l-affiche-de-caricature","card:07859d4e-6058-559a-bf0f-d14216cb0c2f","satireline-l-affiche-de-caricature","caea2863-a537-5749-86e9-4882488fe755","uuid_conserve","","rapprocher_id_source_puis_slug_et_enregistrer_correspondance"
"ef6effb5-8fc7-537d-9e27-cb7aa69b2e08","RCIA-C-000077","ef6effb5-8fc7-537d-9e27-cb7aa69b2e08","ef6effb5-8fc7-537d-9e27-cb7aa69b2e08","raccourcia/smoketail-pas-de-brume","card:ef6effb5-8fc7-537d-9e27-cb7aa69b2e08","smoketail-pas-de-brume","a9c3a93a-388e-54c4-a010-48a1a3800527","uuid_conserve","","rapprocher_id_source_puis_slug_et_enregistrer_correspondance"
"cb0bd04f-c4c4-5f3e-8ef7-4101b8487090","RCIA-C-000078","cb0bd04f-c4c4-5f3e-8ef7-4101b8487090","cb0bd04f-c4c4-5f3e-8ef7-4101b8487090","raccourcia/streetart-affiches-collees","card:cb0bd04f-c4c4-5f3e-8ef7-4101b8487090","streetart-affiches-collees","079b32a3-e373-5bae-90e2-019824117cdf","uuid_conserve","","rapprocher_id_source_puis_slug_et_enregistrer_correspondance"
"0e874b2c-1b75-5897-8bba-f676f4c07b8e","RCIA-C-000079","0e874b2c-1b75-5897-8bba-f676f4c07b8e","0e874b2c-1b75-5897-8bba-f676f4c07b8e","raccourcia/streetart-fresque-coloree","card:0e874b2c-1b75-5897-8bba-f676f4c07b8e","streetart-fresque-coloree","079b32a3-e373-5bae-90e2-019824117cdf","uuid_conserve","","rapprocher_id_source_puis_slug_et_enregistrer_correspondance"
"7c2b1f9d-1d96-5e8c-b262-15f714c89445","RCIA-C-000080","7c2b1f9d-1d96-5e8c-b262-15f714c89445","7c2b1f9d-1d96-5e8c-b262-15f714c89445","raccourcia/streetart-pochoir","card:7c2b1f9d-1d96-5e8c-b262-15f714c89445","streetart-pochoir","079b32a3-e373-5bae-90e2-019824117cdf","uuid_conserve","","rapprocher_id_source_puis_slug_et_enregistrer_correspondance"
"24e3efe8-586f-52cc-8d84-22df4d5ffd52","RCIA-C-000081","24e3efe8-586f-52cc-8d84-22df4d5ffd52","24e3efe8-586f-52cc-8d84-22df4d5ffd52","raccourcia/surfacepoetry-la-veste-en-papier-mouille","card:24e3efe8-586f-52cc-8d84-22df4d5ffd52","surfacepoetry-la-veste-en-papier-mouille","b041f253-fb09-5952-8f9f-fc5e89e41554","uuid_conserve","","rapprocher_id_source_puis_slug_et_enregistrer_correspondance"
"6570a0d7-c365-505b-a6d3-4b0772e6778e","RCIA-C-000082","6570a0d7-c365-505b-a6d3-4b0772e6778e","6570a0d7-c365-505b-a6d3-4b0772e6778e","raccourcia/surfacepoetry-le-costume-de-verre-fume","card:6570a0d7-c365-505b-a6d3-4b0772e6778e","surfacepoetry-le-costume-de-verre-fume","b041f253-fb09-5952-8f9f-fc5e89e41554","uuid_conserve","","rapprocher_id_source_puis_slug_et_enregistrer_correspondance"
"bb7a624b-e281-53a7-a93b-21c706053c6a","RCIA-C-000083","bb7a624b-e281-53a7-a93b-21c706053c6a","bb7a624b-e281-53a7-a93b-21c706053c6a","raccourcia/surfacepoetry-le-manteau-de-ceramique","card:bb7a624b-e281-53a7-a93b-21c706053c6a","surfacepoetry-le-manteau-de-ceramique","b041f253-fb09-5952-8f9f-fc5e89e41554","uuid_conserve","","rapprocher_id_source_puis_slug_et_enregistrer_correspondance"
"2455625d-cb18-5d0e-8900-d6e279481c78","RCIA-C-000084","2455625d-cb18-5d0e-8900-d6e279481c78","2455625d-cb18-5d0e-8900-d6e279481c78","raccourcia/waterbody-double-aquatique","card:2455625d-cb18-5d0e-8900-d6e279481c78","waterbody-double-aquatique","8ee86770-0f3e-56c6-b5df-da9e9b650c81","uuid_conserve","","rapprocher_id_source_puis_slug_et_enregistrer_correspondance"
"510e483c-8f27-55d0-a155-10483f2f506b","RCIA-C-000085","510e483c-8f27-55d0-a155-10483f2f506b","510e483c-8f27-55d0-a155-10483f2f506b","raccourcia/waterbody-silhouette-aqueuse","card:510e483c-8f27-55d0-a155-10483f2f506b","waterbody-silhouette-aqueuse","8ee86770-0f3e-56c6-b5df-da9e9b650c81","uuid_conserve","","rapprocher_id_source_puis_slug_et_enregistrer_correspondance"
"b6a60dcf-5626-5e41-9f3d-b064e5cfadc5","RCIA-C-000086","","","raccourcia/clay","card:b6a60dcf-5626-5e41-9f3d-b064e5cfadc5","clay","10a3fbe5-89c1-53b7-8532-39f284f98b5a","uuid5_depuis_cle_source","","rapprocher_id_source_puis_slug_et_enregistrer_correspondance"
"5944a344-cc55-587e-9990-bc77e8eaad10","RCIA-C-000087","","","raccourcia/claymation","card:5944a344-cc55-587e-9990-bc77e8eaad10","claymation","6b7f5eef-23fc-5658-8fb5-4671f2aa3db1","uuid5_depuis_cle_source","","rapprocher_id_source_puis_slug_et_enregistrer_correspondance"
"837b2cf6-12a0-58a5-bc86-4048cf173494","RCIA-C-000088","","","raccourcia/crochet","card:837b2cf6-12a0-58a5-bc86-4048cf173494","crochet","a6dbf7c9-fbd9-5a78-bb1e-01ba621e3755","uuid5_depuis_cle_source","","rapprocher_id_source_puis_slug_et_enregistrer_correspondance"
"7ca7dca0-4c01-5b95-a7d0-13cda4c2c5d6","RCIA-C-000089","","","raccourcia/etching","card:7ca7dca0-4c01-5b95-a7d0-13cda4c2c5d6","etching","077c189e-6dae-5b75-86bf-92dad1d4668c","uuid5_depuis_cle_source","","rapprocher_id_source_puis_slug_et_enregistrer_correspondance"
"104812e1-c692-50d4-a82a-2081c7bbc2c7","RCIA-C-000090","","","raccourcia/halftonepress","card:104812e1-c692-50d4-a82a-2081c7bbc2c7","halftonepress","bb6a08af-093e-5ee2-ac5d-dd9e1c936e2e","uuid5_depuis_cle_source","","rapprocher_id_source_puis_slug_et_enregistrer_correspondance"
"fb78c56b-d889-5175-9800-277ddd096d31","RCIA-C-000091","","","raccourcia/origami","card:fb78c56b-d889-5175-9800-277ddd096d31","origami","bbbf19e5-f790-5cd5-b2cd-5b5f02a99164","uuid5_depuis_cle_source","","rapprocher_id_source_puis_slug_et_enregistrer_correspondance"
"d9d55763-71da-54f7-8c15-5035c52ff9ae","RCIA-C-000092","","","raccourcia/scanography","card:d9d55763-71da-54f7-8c15-5035c52ff9ae","scanography","e57150c8-93d0-5def-aa4b-0ecc70bec803","uuid5_depuis_cle_source","","rapprocher_id_source_puis_slug_et_enregistrer_correspondance"
"ba9f8589-97f8-521e-8831-5b934939cfb0","RCIA-C-000093","ba9f8589-97f8-521e-8831-5b934939cfb0","ba9f8589-97f8-521e-8831-5b934939cfb0","raccourcia/sketch-carnet-architectural","card:ba9f8589-97f8-521e-8831-5b934939cfb0","sketch-carnet-architectural","89eaf187-a5dc-5953-997f-eb63ee59cb51","uuid_conserve","","rapprocher_id_source_puis_slug_et_enregistrer_correspondance"
"7dc54f68-7519-581a-8378-a647ec4d618f","RCIA-C-000094","","","raccourcia/watercolor","card:7dc54f68-7519-581a-8378-a647ec4d618f","watercolor","5dcd293b-bd7b-54f9-8bdb-3de426cf9eeb","uuid5_depuis_cle_source","","rapprocher_id_source_puis_slug_et_enregistrer_correspondance"
"7377f602-f58f-50f7-baf3-6a04a8a96243","RCIA-C-000095","","","raccourcia/woodcarve","card:7377f602-f58f-50f7-baf3-6a04a8a96243","woodcarve","50fd7d5c-13ca-5b5c-bbcb-5204a89cd2d6","uuid5_depuis_cle_source","","rapprocher_id_source_puis_slug_et_enregistrer_correspondance"
"289c2f00-bae7-5ee1-8cf0-abe699c834cf","RCIA-C-000096","","","raccourcia/xeroxzine","card:289c2f00-bae7-5ee1-8cf0-abe699c834cf","xeroxzine","dd3bffe2-cd5d-5145-8c50-14c07bf0438a","uuid5_depuis_cle_source","","rapprocher_id_source_puis_slug_et_enregistrer_correspondance"
"2d3d8b8d-9ef8-58e2-80cf-3e93c22bb86b","RCIA-C-000097","2d3d8b8d-9ef8-58e2-80cf-3e93c22bb86b","2d3d8b8d-9ef8-58e2-80cf-3e93c22bb86b","raccourcia/afterimage-flash-lent","card:2d3d8b8d-9ef8-58e2-80cf-3e93c22bb86b","afterimage-flash-lent","38b961f6-a139-54e4-9830-4aa288f3357e","uuid_conserve","","rapprocher_id_source_puis_slug_et_enregistrer_correspondance"
"25b71527-4d3d-5ece-ac75-b4aa4b3036b1","RCIA-C-000098","25b71527-4d3d-5ece-ac75-b4aa4b3036b1","25b71527-4d3d-5ece-ac75-b4aa4b3036b1","raccourcia/afterimage-echo-de-course","card:25b71527-4d3d-5ece-ac75-b4aa4b3036b1","afterimage-echo-de-course","38b961f6-a139-54e4-9830-4aa288f3357e","uuid_conserve","","rapprocher_id_source_puis_slug_et_enregistrer_correspondance"
"b72b8017-a8cf-550e-b85a-4a536457e2e1","RCIA-C-000099","b72b8017-a8cf-550e-b85a-4a536457e2e1","b72b8017-a8cf-550e-b85a-4a536457e2e1","raccourcia/bulletmoment-objets-figes","card:b72b8017-a8cf-550e-b85a-4a536457e2e1","bulletmoment-objets-figes","f75cbc6c-d90f-5a34-a5f6-7dbcbb2ecaf0","uuid_conserve","","rapprocher_id_source_puis_slug_et_enregistrer_correspondance"
"61acb187-0e6f-5bca-9720-84cbfd544238","RCIA-C-000100","61acb187-0e6f-5bca-9720-84cbfd544238","61acb187-0e6f-5bca-9720-84cbfd544238","raccourcia/bulletmoment-pluie-arretee","card:61acb187-0e6f-5bca-9720-84cbfd544238","bulletmoment-pluie-arretee","f75cbc6c-d90f-5a34-a5f6-7dbcbb2ecaf0","uuid_conserve","","rapprocher_id_source_puis_slug_et_enregistrer_correspondance"
"67e0b329-82a0-589d-ade9-9cea20ddbccf","RCIA-C-000101","67e0b329-82a0-589d-ade9-9cea20ddbccf","67e0b329-82a0-589d-ade9-9cea20ddbccf","raccourcia/causticportrait-eau-reflechie","card:67e0b329-82a0-589d-ade9-9cea20ddbccf","causticportrait-eau-reflechie","1dacf6a2-bbe4-503d-ad88-545c9518806d","uuid_conserve","","rapprocher_id_source_puis_slug_et_enregistrer_correspondance"
"fe5ed32a-8967-5241-8022-4f6768f77c06","RCIA-C-000102","fe5ed32a-8967-5241-8022-4f6768f77c06","fe5ed32a-8967-5241-8022-4f6768f77c06","raccourcia/digitalglitch-prisme-glitch","card:fe5ed32a-8967-5241-8022-4f6768f77c06","digitalglitch-prisme-glitch","e2fd3e4a-cc0c-5ccc-bf9b-3e24beacde93","uuid_conserve","","rapprocher_id_source_puis_slug_et_enregistrer_correspondance"
"b019a321-9eb6-5ee6-8d86-cc6f0ed0d9ec","RCIA-C-000103","b019a321-9eb6-5ee6-8d86-cc6f0ed0d9ec","b019a321-9eb6-5ee6-8d86-cc6f0ed0d9ec","raccourcia/digitalglitch-signal-analogique","card:b019a321-9eb6-5ee6-8d86-cc6f0ed0d9ec","digitalglitch-signal-analogique","e2fd3e4a-cc0c-5ccc-bf9b-3e24beacde93","uuid_conserve","","rapprocher_id_source_puis_slug_et_enregistrer_correspondance"
"e8a7406f-446a-5be4-919b-1be4b0b2733f","RCIA-C-000104","e8a7406f-446a-5be4-919b-1be4b0b2733f","e8a7406f-446a-5be4-919b-1be4b0b2733f","raccourcia/eclipseportrait-disque-solaire","card:e8a7406f-446a-5be4-919b-1be4b0b2733f","eclipseportrait-disque-solaire","74a4558a-beb4-5a6e-a7e8-54ffc92b9fe0","uuid_conserve","","rapprocher_id_source_puis_slug_et_enregistrer_correspondance"
"5c080706-d2f0-5d4a-ab74-59bb65056c88","RCIA-C-000105","5c080706-d2f0-5d4a-ab74-59bb65056c88","5c080706-d2f0-5d4a-ab74-59bb65056c88","raccourcia/frozenimpact-impact-de-poudre","card:5c080706-d2f0-5d4a-ab74-59bb65056c88","frozenimpact-impact-de-poudre","2c9371cb-3446-544a-84d6-9f0c8e144c41","uuid_conserve","","rapprocher_id_source_puis_slug_et_enregistrer_correspondance"
"2032435f-c890-5f8b-9850-5212297b14b6","RCIA-C-000106","2032435f-c890-5f8b-9850-5212297b14b6","2032435f-c890-5f8b-9850-5212297b14b6","raccourcia/hologlass-panneaux-de-verre","card:2032435f-c890-5f8b-9850-5212297b14b6","hologlass-panneaux-de-verre","984076c3-b5f0-548f-90bc-e6c7004f6bb2","uuid_conserve","","rapprocher_id_source_puis_slug_et_enregistrer_correspondance"
"bf9248b1-05c8-5b3f-ab76-fcc15cb12f51","RCIA-C-000107","bf9248b1-05c8-5b3f-ab76-fcc15cb12f51","bf9248b1-05c8-5b3f-ab76-fcc15cb12f51","raccourcia/lensdream-anamorphique","card:bf9248b1-05c8-5b3f-ab76-fcc15cb12f51","lensdream-anamorphique","ccad1aa1-a036-58b5-bcb6-8c54579b90ea","uuid_conserve","","rapprocher_id_source_puis_slug_et_enregistrer_correspondance"
"8a36b9a1-50ce-54dd-ba7e-e62aa3673563","RCIA-C-000108","8a36b9a1-50ce-54dd-ba7e-e62aa3673563","8a36b9a1-50ce-54dd-ba7e-e62aa3673563","raccourcia/lensdream-split-diopter","card:8a36b9a1-50ce-54dd-ba7e-e62aa3673563","lensdream-split-diopter","ccad1aa1-a036-58b5-bcb6-8c54579b90ea","uuid_conserve","","rapprocher_id_source_puis_slug_et_enregistrer_correspondance"
"1d2f97e6-5ef0-5eb6-9b97-44735e83cc8c","RCIA-C-000109","1d2f97e6-5ef0-5eb6-9b97-44735e83cc8c","1d2f97e6-5ef0-5eb6-9b97-44735e83cc8c","raccourcia/lightpainting-calligraphie-lumineuse","card:1d2f97e6-5ef0-5eb6-9b97-44735e83cc8c","lightpainting-calligraphie-lumineuse","35e60262-1884-5c20-99cd-06ac2015d926","uuid_conserve","","rapprocher_id_source_puis_slug_et_enregistrer_correspondance"
"633a7560-8b76-5bef-a62b-e90ca1fdc0d3","RCIA-C-000110","633a7560-8b76-5bef-a62b-e90ca1fdc0d3","633a7560-8b76-5bef-a62b-e90ca1fdc0d3","raccourcia/lightpainting-ruban-lumineux","card:633a7560-8b76-5bef-a62b-e90ca1fdc0d3","lightpainting-ruban-lumineux","35e60262-1884-5c20-99cd-06ac2015d926","uuid_conserve","","rapprocher_id_source_puis_slug_et_enregistrer_correspondance"
"95d5b2a3-b82f-5d8f-914a-51b1596ef281","RCIA-C-000111","95d5b2a3-b82f-5d8f-914a-51b1596ef281","95d5b2a3-b82f-5d8f-914a-51b1596ef281","raccourcia/motionblurportrait-tete-nette","card:95d5b2a3-b82f-5d8f-914a-51b1596ef281","motionblurportrait-tete-nette","11fdc556-aba3-5e05-b730-7b998025788f","uuid_conserve","","rapprocher_id_source_puis_slug_et_enregistrer_correspondance"
"44939fed-de83-584c-9236-131c63a8a285","RCIA-C-000112","44939fed-de83-584c-9236-131c63a8a285","44939fed-de83-584c-9236-131c63a8a285","raccourcia/motionblurportrait-zoom-optique","card:44939fed-de83-584c-9236-131c63a8a285","motionblurportrait-zoom-optique","11fdc556-aba3-5e05-b730-7b998025788f","uuid_conserve","","rapprocher_id_source_puis_slug_et_enregistrer_correspondance"
"25dd2ef7-7dd2-5a7a-a523-37b21c77e2b4","RCIA-C-000113","25dd2ef7-7dd2-5a7a-a523-37b21c77e2b4","25dd2ef7-7dd2-5a7a-a523-37b21c77e2b4","raccourcia/orbitmotion-orbite-d-accessoires","card:25dd2ef7-7dd2-5a7a-a523-37b21c77e2b4","orbitmotion-orbite-d-accessoires","eb1e409c-3574-50fe-a670-c079d9cfa5a5","uuid_conserve","","rapprocher_id_source_puis_slug_et_enregistrer_correspondance"
"496f6f86-edba-5ecb-aab1-22c5647def66","RCIA-C-000114","496f6f86-edba-5ecb-aab1-22c5647def66","496f6f86-edba-5ecb-aab1-22c5647def66","raccourcia/orbitmotion-orbite-de-tissu","card:496f6f86-edba-5ecb-aab1-22c5647def66","orbitmotion-orbite-de-tissu","eb1e409c-3574-50fe-a670-c079d9cfa5a5","uuid_conserve","","rapprocher_id_source_puis_slug_et_enregistrer_correspondance"
"0ec2b615-20c1-5a66-b235-7777032dc5bc","RCIA-C-000115","0ec2b615-20c1-5a66-b235-7777032dc5bc","0ec2b615-20c1-5a66-b235-7777032dc5bc","raccourcia/prismtrail-prisme-frontal","card:0ec2b615-20c1-5a66-b235-7777032dc5bc","prismtrail-prisme-frontal","24076a5b-f52f-590f-aef9-435415bcea7d","uuid_conserve","","rapprocher_id_source_puis_slug_et_enregistrer_correspondance"
"8bb4dd03-0ffc-545b-8f98-e7935c4c32d9","RCIA-C-000116","8bb4dd03-0ffc-545b-8f98-e7935c4c32d9","8bb4dd03-0ffc-545b-8f98-e7935c4c32d9","raccourcia/projectedworld-architecture-projetee","card:8bb4dd03-0ffc-545b-8f98-e7935c4c32d9","projectedworld-architecture-projetee","24701d31-c36f-5020-8e83-c97c6a17a5b3","uuid_conserve","","rapprocher_id_source_puis_slug_et_enregistrer_correspondance"
"f77169cc-ddf0-5135-bf80-e6b35d345af1","RCIA-C-000117","f77169cc-ddf0-5135-bf80-e6b35d345af1","f77169cc-ddf0-5135-bf80-e6b35d345af1","raccourcia/projectedworld-ocean-projete","card:f77169cc-ddf0-5135-bf80-e6b35d345af1","projectedworld-ocean-projete","24701d31-c36f-5020-8e83-c97c6a17a5b3","uuid_conserve","","rapprocher_id_source_puis_slug_et_enregistrer_correspondance"
"d82458d6-eb24-5b48-9e0d-855f44b3d752","RCIA-C-000118","d82458d6-eb24-5b48-9e0d-855f44b3d752","d82458d6-eb24-5b48-9e0d-855f44b3d752","raccourcia/rainbowshadow-ombre-irisee","card:d82458d6-eb24-5b48-9e0d-855f44b3d752","rainbowshadow-ombre-irisee","a7e6a47a-57a5-50c9-b4eb-dd109ad52504","uuid_conserve","","rapprocher_id_source_puis_slug_et_enregistrer_correspondance"
"4ec21f9f-421d-5f25-b778-40c0c4837078","RCIA-C-000119","4ec21f9f-421d-5f25-b778-40c0c4837078","4ec21f9f-421d-5f25-b778-40c0c4837078","raccourcia/scanwave-scan-environnement","card:4ec21f9f-421d-5f25-b778-40c0c4837078","scanwave-scan-environnement","faffc047-c8b7-58fa-8e4d-cb80578ea08d","uuid_conserve","","rapprocher_id_source_puis_slug_et_enregistrer_correspondance"
"d173c91d-a41f-53d1-9d11-0584e1826dcc","RCIA-C-000120","d173c91d-a41f-53d1-9d11-0584e1826dcc","d173c91d-a41f-53d1-9d11-0584e1826dcc","raccourcia/scanwave-scanner-lumineux","card:d173c91d-a41f-53d1-9d11-0584e1826dcc","scanwave-scanner-lumineux","faffc047-c8b7-58fa-8e4d-cb80578ea08d","uuid_conserve","","rapprocher_id_source_puis_slug_et_enregistrer_correspondance"
"17187f54-61d5-50f7-b090-8ca0fddb7844","RCIA-C-000121","17187f54-61d5-50f7-b090-8ca0fddb7844","17187f54-61d5-50f7-b090-8ca0fddb7844","raccourcia/speedrampstill-couloir-accelere","card:17187f54-61d5-50f7-b090-8ca0fddb7844","speedrampstill-couloir-accelere","5a2ce67a-2a80-5a46-bb33-a6a0845e78de","uuid_conserve","","rapprocher_id_source_puis_slug_et_enregistrer_correspondance"
"e2123798-9ce8-5bb4-b299-d184a824257f","RCIA-C-000122","e2123798-9ce8-5bb4-b299-d184a824257f","e2123798-9ce8-5bb4-b299-d184a824257f","raccourcia/speedrampstill-virage-de-nuit","card:e2123798-9ce8-5bb4-b299-d184a824257f","speedrampstill-virage-de-nuit","5a2ce67a-2a80-5a46-bb33-a6a0845e78de","uuid_conserve","","rapprocher_id_source_puis_slug_et_enregistrer_correspondance"
"7616a862-048c-54b6-bcd9-c250a4d27dd9","RCIA-C-000123","7616a862-048c-54b6-bcd9-c250a4d27dd9","7616a862-048c-54b6-bcd9-c250a4d27dd9","raccourcia/timeslice-temps-fragmente","card:7616a862-048c-54b6-bcd9-c250a4d27dd9","timeslice-temps-fragmente","3e4f3720-f7be-5c6f-b34a-0f6977b96572","uuid_conserve","","rapprocher_id_source_puis_slug_et_enregistrer_correspondance"
"f2c5d456-498f-5a48-872e-dfa4a9a35f0d","RCIA-C-000124","f2c5d456-498f-5a48-872e-dfa4a9a35f0d","f2c5d456-498f-5a48-872e-dfa4a9a35f0d","raccourcia/timeslice-trois-gestes","card:f2c5d456-498f-5a48-872e-dfa4a9a35f0d","timeslice-trois-gestes","3e4f3720-f7be-5c6f-b34a-0f6977b96572","uuid_conserve","","rapprocher_id_source_puis_slug_et_enregistrer_correspondance"
"2a661948-5cdc-5648-b23d-a1fdec96e98f","RCIA-C-000125","2a661948-5cdc-5648-b23d-a1fdec96e98f","2a661948-5cdc-5648-b23d-a1fdec96e98f","raccourcia/volumetriclight-fenetre-poussiereuse","card:2a661948-5cdc-5648-b23d-a1fdec96e98f","volumetriclight-fenetre-poussiereuse","64c92e2f-b5e8-5842-9780-3cfb54914d63","uuid_conserve","","rapprocher_id_source_puis_slug_et_enregistrer_correspondance"
"d6829b03-c3fa-55b8-adb5-20bde7814dd3","RCIA-C-000126","d6829b03-c3fa-55b8-adb5-20bde7814dd3","d6829b03-c3fa-55b8-adb5-20bde7814dd3","raccourcia/volumetriclight-foret-en-faisceaux","card:d6829b03-c3fa-55b8-adb5-20bde7814dd3","volumetriclight-foret-en-faisceaux","64c92e2f-b5e8-5842-9780-3cfb54914d63","uuid_conserve","","rapprocher_id_source_puis_slug_et_enregistrer_correspondance"
"14c95081-d96d-5405-bcde-6ebffede64ff","RCIA-C-000127","","","raccourcia/datamosh","card:14c95081-d96d-5405-bcde-6ebffede64ff","datamosh","4cdb84c7-76b5-52bb-8402-d0aaf32a8b11","uuid5_depuis_cle_source","","rapprocher_id_source_puis_slug_et_enregistrer_correspondance"
"b9f3e599-55b1-5dd0-8d75-ce167256ec50","RCIA-C-000128","","","raccourcia/doubleexposure","card:b9f3e599-55b1-5dd0-8d75-ce167256ec50","doubleexposure","5d5f1bb4-0377-5645-89a2-62f8165405c9","uuid5_depuis_cle_source","","rapprocher_id_source_puis_slug_et_enregistrer_correspondance"
"971f92c1-71cb-5f7e-ae86-91b1a8b06e78","RCIA-C-000129","","","raccourcia/fisheyeflash","card:971f92c1-71cb-5f7e-ae86-91b1a8b06e78","fisheyeflash","237fa501-046a-505b-8673-f2b3359eb570","uuid5_depuis_cle_source","","rapprocher_id_source_puis_slug_et_enregistrer_correspondance"
"d0ac422b-be2a-5a3a-af06-634fea3479b8","RCIA-C-000130","","","raccourcia/lenticularshift","card:d0ac422b-be2a-5a3a-af06-634fea3479b8","lenticularshift","ad4b1c4e-7828-563c-bea0-691fff8e5fe0","uuid5_depuis_cle_source","","rapprocher_id_source_puis_slug_et_enregistrer_correspondance"
"9e810b39-31d3-53d4-8da5-82499a32b9e8","RCIA-C-000131","","","raccourcia/lightleakfilm","card:9e810b39-31d3-53d4-8da5-82499a32b9e8","lightleakfilm","3037d60e-7d76-5b58-8dce-02a92f4fd29b","uuid5_depuis_cle_source","","rapprocher_id_source_puis_slug_et_enregistrer_correspondance"
"3dc3f734-d028-57c5-a018-222776f0ebbe","RCIA-C-000132","img-liquidmetal","img-liquidmetal","raccourcia/liquidmetal","card:3dc3f734-d028-57c5-a018-222776f0ebbe","liquidmetal","616cd131-d82a-5150-ac4a-dc6be40c5b2a","uuid5_depuis_id_source","","rapprocher_id_source_puis_slug_et_enregistrer_correspondance"
"daf9dbcc-f154-5a8d-af89-8ac278e70b3b","RCIA-C-000133","","","raccourcia/longexposuretrail","card:daf9dbcc-f154-5a8d-af89-8ac278e70b3b","longexposuretrail","7b1a207a-d15f-5f1d-9a3a-d6b9e4ee5e7c","uuid5_depuis_cle_source","","rapprocher_id_source_puis_slug_et_enregistrer_correspondance"
"25c639f4-5a09-519d-9eae-672c19799c20","RCIA-C-000134","","","raccourcia/tiltshift","card:25c639f4-5a09-519d-9eae-672c19799c20","tiltshift","dbaadea3-3e61-5dcb-8c55-ab716e2c0a8a","uuid5_depuis_cle_source","","rapprocher_id_source_puis_slug_et_enregistrer_correspondance"
"6e8ebc67-8a16-5fcf-8305-7e6af71d51f5","RCIA-C-000135","6e8ebc67-8a16-5fcf-8305-7e6af71d51f5","6e8ebc67-8a16-5fcf-8305-7e6af71d51f5","raccourcia/urbanstillness-foule-bokeh","card:6e8ebc67-8a16-5fcf-8305-7e6af71d51f5","urbanstillness-foule-bokeh","445f616a-0bd5-5ef0-9139-7c85b461e1cd","uuid_conserve","","rapprocher_id_source_puis_slug_et_enregistrer_correspondance"
"3212b4b7-f7b6-57b7-a16c-f50502d0d68c","RCIA-C-000136","img-bigheadcaricature","img-bigheadcaricature","raccourcia/bigheadcaricature","card:3212b4b7-f7b6-57b7-a16c-f50502d0d68c","bigheadcaricature","0bb004cf-dbc6-5721-b8d0-5c7b28559beb","uuid5_depuis_id_source","","rapprocher_id_source_puis_slug_et_enregistrer_correspondance"
"8e9191f0-ea7f-56f7-a2af-f295f89ec2cb","RCIA-C-000137","img-editorialcaricature","img-editorialcaricature","raccourcia/editorialcaricature","card:8e9191f0-ea7f-56f7-a2af-f295f89ec2cb","editorialcaricature","c20f34f0-b493-5b63-a235-78058883011e","uuid5_depuis_id_source","","rapprocher_id_source_puis_slug_et_enregistrer_correspondance"
"3ad6a7a9-8ba1-58ac-8349-e590bc5ee58a","RCIA-C-000138","img-friendlycaricature","img-friendlycaricature","raccourcia/friendlycaricature","card:3ad6a7a9-8ba1-58ac-8349-e590bc5ee58a","friendlycaricature","17d00612-f017-54d0-af64-1945621b1112","uuid5_depuis_id_source","","rapprocher_id_source_puis_slug_et_enregistrer_correspondance"
"13b77725-0454-5ca8-b7d6-822daa916af4","RCIA-C-000139","img-miniceo","img-miniceo","raccourcia/miniceo","card:13b77725-0454-5ca8-b7d6-822daa916af4","miniceo","e1ec57b0-e98c-598e-8ab8-45f3d35ec82f","uuid5_depuis_id_source","","rapprocher_id_source_puis_slug_et_enregistrer_correspondance"
"cc6f3c56-afa0-5003-89f0-c19d83a63574","RCIA-C-000140","img-actionfigure","img-actionfigure","raccourcia/actionfigure","card:cc6f3c56-afa0-5003-89f0-c19d83a63574","actionfigure","a262c692-e5b7-5c18-b4e5-e1a8e5fc43f0","uuid5_depuis_id_source","","rapprocher_id_source_puis_slug_et_enregistrer_correspondance"
"fc04c5dd-1fc0-5bfa-a890-57ccabbcd582","RCIA-C-000141","img-balloonart","img-balloonart","raccourcia/balloonart","card:fc04c5dd-1fc0-5bfa-a890-57ccabbcd582","balloonart","1716ae14-81d8-513c-99c6-b19386b6e83f","uuid5_depuis_id_source","","rapprocher_id_source_puis_slug_et_enregistrer_correspondance"
"09333268-9d52-58a8-b388-3d34b3f40ccd","RCIA-C-000142","img-brickfigure","img-brickfigure","raccourcia/brickfigure","card:09333268-9d52-58a8-b388-3d34b3f40ccd","brickfigure","dadbd741-11c8-52d8-bbbc-e3565febb526","uuid5_depuis_id_source","","rapprocher_id_source_puis_slug_et_enregistrer_correspondance"
"fddd5a57-9d89-56ff-ad36-278f0294bd1e","RCIA-C-000143","","","raccourcia/tinyworkers","card:fddd5a57-9d89-56ff-ad36-278f0294bd1e","tinyworkers","be0eadcd-c8a8-5f42-a9ca-74ff5bd83a32","uuid5_depuis_cle_source","","rapprocher_id_source_puis_slug_et_enregistrer_correspondance"
"cf3d1ce9-8097-5bd6-baf7-d43af9ffa929","RCIA-C-000144","img-toybox","img-toybox","raccourcia/toybox","card:cf3d1ce9-8097-5bd6-baf7-d43af9ffa929","toybox","6e3cd2e9-d019-52c3-bda5-783b1c1cc54c","uuid5_depuis_id_source","","rapprocher_id_source_puis_slug_et_enregistrer_correspondance"
"1bae00a0-d9cb-530d-a537-aaa8d0b7fe0f","RCIA-C-000145","img-1920sportrait","img-1920sportrait","raccourcia/1920sportrait","card:1bae00a0-d9cb-530d-a537-aaa8d0b7fe0f","1920sportrait","ec38510b-2b61-568c-9fb5-0bfa0a351d5d","uuid5_depuis_id_source","","rapprocher_id_source_puis_slug_et_enregistrer_correspondance"
"a21212aa-f6e5-536e-a5bd-b1bec8a0fe92","RCIA-C-000146","a21212aa-f6e5-536e-a5bd-b1bec8a0fe92","a21212aa-f6e5-536e-a5bd-b1bec8a0fe92","raccourcia/ancientportrait-grece-heroique","card:a21212aa-f6e5-536e-a5bd-b1bec8a0fe92","ancientportrait-grece-heroique","8452686f-86c9-5122-ac78-a4eaa76ae447","uuid_conserve","","rapprocher_id_source_puis_slug_et_enregistrer_correspondance"
"ce832e5f-71ea-507f-abe4-46917aec1dda","RCIA-C-000147","ce832e5f-71ea-507f-abe4-46917aec1dda","ce832e5f-71ea-507f-abe4-46917aec1dda","raccourcia/ancientportrait-rome-en-marbre-vivant","card:ce832e5f-71ea-507f-abe4-46917aec1dda","ancientportrait-rome-en-marbre-vivant","8452686f-86c9-5122-ac78-a4eaa76ae447","uuid_conserve","","rapprocher_id_source_puis_slug_et_enregistrer_correspondance"
"89c6c830-cb08-5cf6-91a6-e140974e1ae2","RCIA-C-000148","89c6c830-cb08-5cf6-91a6-e140974e1ae2","89c6c830-cb08-5cf6-91a6-e140974e1ae2","raccourcia/ancientportrait-egypte-solaire","card:89c6c830-cb08-5cf6-91a6-e140974e1ae2","ancientportrait-egypte-solaire","8452686f-86c9-5122-ac78-a4eaa76ae447","uuid_conserve","","rapprocher_id_source_puis_slug_et_enregistrer_correspondance"
"7a19179c-6d14-5930-be35-53671f2b5676","RCIA-C-000149","7a19179c-6d14-5930-be35-53671f2b5676","7a19179c-6d14-5930-be35-53671f2b5676","raccourcia/chromagelportrait-or-violet","card:7a19179c-6d14-5930-be35-53671f2b5676","chromagelportrait-or-violet","5a269336-2bac-5d45-8137-da30e693b370","uuid_conserve","","rapprocher_id_source_puis_slug_et_enregistrer_correspondance"
"c057dd4b-37af-5fb3-b631-4d1ed4bdf1f0","RCIA-C-000150","c057dd4b-37af-5fb3-b631-4d1ed4bdf1f0","c057dd4b-37af-5fb3-b631-4d1ed4bdf1f0","raccourcia/decadeportrait-annuaire-80","card:c057dd4b-37af-5fb3-b631-4d1ed4bdf1f0","decadeportrait-annuaire-80","5641ed47-8f72-5089-87c5-c627d6d0a9bb","uuid_conserve","","rapprocher_id_source_puis_slug_et_enregistrer_correspondance"
"703fabea-6bda-55f6-810d-2b41b2628de8","RCIA-C-000151","703fabea-6bda-55f6-810d-2b41b2628de8","703fabea-6bda-55f6-810d-2b41b2628de8","raccourcia/decadeportrait-disco-70","card:703fabea-6bda-55f6-810d-2b41b2628de8","decadeportrait-disco-70","5641ed47-8f72-5089-87c5-c627d6d0a9bb","uuid_conserve","","rapprocher_id_source_puis_slug_et_enregistrer_correspondance"
"9bc7ed33-5842-5229-bc10-1d055406043c","RCIA-C-000152","9bc7ed33-5842-5229-bc10-1d055406043c","9bc7ed33-5842-5229-bc10-1d055406043c","raccourcia/decadeportrait-street-90","card:9bc7ed33-5842-5229-bc10-1d055406043c","decadeportrait-street-90","5641ed47-8f72-5089-87c5-c627d6d0a9bb","uuid_conserve","","rapprocher_id_source_puis_slug_et_enregistrer_correspondance"
"ccfcbf30-b270-54d6-b78a-0d363d0c7a8d","RCIA-C-000153","ccfcbf30-b270-54d6-b78a-0d363d0c7a8d","ccfcbf30-b270-54d6-b78a-0d363d0c7a8d","raccourcia/festivaleditorial-backstage-festival","card:ccfcbf30-b270-54d6-b78a-0d363d0c7a8d","festivaleditorial-backstage-festival","cfaedbb7-7d37-5330-870c-4bd01ebe4071","uuid_conserve","","rapprocher_id_source_puis_slug_et_enregistrer_correspondance"
"026b633b-2467-5f1e-a972-7086cd684266","RCIA-C-000154","026b633b-2467-5f1e-a972-7086cd684266","026b633b-2467-5f1e-a972-7086cd684266","raccourcia/futureportrait-2050-solaire","card:026b633b-2467-5f1e-a972-7086cd684266","futureportrait-2050-solaire","fb1ab1c4-635a-5a4e-a8b1-5965d731a01c","uuid_conserve","","rapprocher_id_source_puis_slug_et_enregistrer_correspondance"
"aac93a57-5ebc-51b3-a6a6-fb9233f3857b","RCIA-C-000155","aac93a57-5ebc-51b3-a6a6-fb9233f3857b","aac93a57-5ebc-51b3-a6a6-fb9233f3857b","raccourcia/futureportrait-2100-orbital","card:aac93a57-5ebc-51b3-a6a6-fb9233f3857b","futureportrait-2100-orbital","fb1ab1c4-635a-5a4e-a8b1-5965d731a01c","uuid_conserve","","rapprocher_id_source_puis_slug_et_enregistrer_correspondance"
"0cd59aaf-b737-5ac3-829f-1bcf552fb57e","RCIA-C-000156","0cd59aaf-b737-5ac3-829f-1bcf552fb57e","0cd59aaf-b737-5ac3-829f-1bcf552fb57e","raccourcia/futureportrait-afrofuturisme","card:0cd59aaf-b737-5ac3-829f-1bcf552fb57e","futureportrait-afrofuturisme","fb1ab1c4-635a-5a4e-a8b1-5965d731a01c","uuid_conserve","","rapprocher_id_source_puis_slug_et_enregistrer_correspondance"
"192403fe-9e4a-5803-8eb8-79a2d430f7c8","RCIA-C-000157","192403fe-9e4a-5803-8eb8-79a2d430f7c8","192403fe-9e4a-5803-8eb8-79a2d430f7c8","raccourcia/glasslayerportrait-verre-buee","card:192403fe-9e4a-5803-8eb8-79a2d430f7c8","glasslayerportrait-verre-buee","6badae82-6a4a-5c0a-871b-de014dba46aa","uuid_conserve","","rapprocher_id_source_puis_slug_et_enregistrer_correspondance"
"8143e961-9490-5ec3-8077-5b105e162159","RCIA-C-000158","8143e961-9490-5ec3-8077-5b105e162159","8143e961-9490-5ec3-8077-5b105e162159","raccourcia/glasslayerportrait-vitre-coloree","card:8143e961-9490-5ec3-8077-5b105e162159","glasslayerportrait-vitre-coloree","6badae82-6a4a-5c0a-871b-de014dba46aa","uuid_conserve","","rapprocher_id_source_puis_slug_et_enregistrer_correspondance"
"072c427d-40a4-574a-8178-27aa0c82662e","RCIA-C-000159","072c427d-40a4-574a-8178-27aa0c82662e","072c427d-40a4-574a-8178-27aa0c82662e","raccourcia/haloeditorial-anneau-blanc","card:072c427d-40a4-574a-8178-27aa0c82662e","haloeditorial-anneau-blanc","37d81c49-5f29-52bb-bb12-a2d12b8a68ad","uuid_conserve","","rapprocher_id_source_puis_slug_et_enregistrer_correspondance"
"968541aa-8c2c-5836-ab82-365c4c40615e","RCIA-C-000160","968541aa-8c2c-5836-ab82-365c4c40615e","968541aa-8c2c-5836-ab82-365c4c40615e","raccourcia/haloeditorial-fenetre-ambre","card:968541aa-8c2c-5836-ab82-365c4c40615e","haloeditorial-fenetre-ambre","37d81c49-5f29-52bb-bb12-a2d12b8a68ad","uuid_conserve","","rapprocher_id_source_puis_slug_et_enregistrer_correspondance"
"de10b7a1-880a-579f-81f3-3e9927b0f7cc","RCIA-C-000161","de10b7a1-880a-579f-81f3-3e9927b0f7cc","de10b7a1-880a-579f-81f3-3e9927b0f7cc","raccourcia/haloeditorial-triangle-bleu","card:de10b7a1-880a-579f-81f3-3e9927b0f7cc","haloeditorial-triangle-bleu","37d81c49-5f29-52bb-bb12-a2d12b8a68ad","uuid_conserve","","rapprocher_id_source_puis_slug_et_enregistrer_correspondance"
"afb1a1cf-4a6a-5cba-9398-2d26794f04d8","RCIA-C-000162","afb1a1cf-4a6a-5cba-9398-2d26794f04d8","afb1a1cf-4a6a-5cba-9398-2d26794f04d8","raccourcia/luxeloungeportrait-hotel-art","card:afb1a1cf-4a6a-5cba-9398-2d26794f04d8","luxeloungeportrait-hotel-art","c0a56c64-36fe-5fbc-b689-5a0735c775e0","uuid_conserve","","rapprocher_id_source_puis_slug_et_enregistrer_correspondance"
"814e38ea-b507-52fd-a928-9ac363bb4f50","RCIA-C-000163","814e38ea-b507-52fd-a928-9ac363bb4f50","814e38ea-b507-52fd-a928-9ac363bb4f50","raccourcia/luxeloungeportrait-rooftop-crepuscule","card:814e38ea-b507-52fd-a928-9ac363bb4f50","luxeloungeportrait-rooftop-crepuscule","c0a56c64-36fe-5fbc-b689-5a0735c775e0","uuid_conserve","","rapprocher_id_source_puis_slug_et_enregistrer_correspondance"
"11095eaf-6899-5a43-82f2-e7d359b7aff1","RCIA-C-000164","11095eaf-6899-5a43-82f2-e7d359b7aff1","11095eaf-6899-5a43-82f2-e7d359b7aff1","raccourcia/luxeloungeportrait-velours-emeraude","card:11095eaf-6899-5a43-82f2-e7d359b7aff1","luxeloungeportrait-velours-emeraude","c0a56c64-36fe-5fbc-b689-5a0735c775e0","uuid_conserve","","rapprocher_id_source_puis_slug_et_enregistrer_correspondance"
"c060825b-fda1-51db-9bcb-bc2fa7be1bcb","RCIA-C-000165","c060825b-fda1-51db-9bcb-bc2fa7be1bcb","c060825b-fda1-51db-9bcb-bc2fa7be1bcb","raccourcia/medievalportrait-cour-de-chateau","card:c060825b-fda1-51db-9bcb-bc2fa7be1bcb","medievalportrait-cour-de-chateau","6def9a1b-eb77-5290-8fdb-cbb6f69ecf46","uuid_conserve","","rapprocher_id_source_puis_slug_et_enregistrer_correspondance"
"21745d50-afe1-5fbb-b7b0-74482e3e73e1","RCIA-C-000166","21745d50-afe1-5fbb-b7b0-74482e3e73e1","21745d50-afe1-5fbb-b7b0-74482e3e73e1","raccourcia/radiantspotlight-halo-bleu","card:21745d50-afe1-5fbb-b7b0-74482e3e73e1","radiantspotlight-halo-bleu","d14a2ec7-bfec-5138-b346-dd85760ffd38","uuid_conserve","","rapprocher_id_source_puis_slug_et_enregistrer_correspondance"
"b106326c-8dd6-5b39-a66d-e24951b8a45a","RCIA-C-000167","b106326c-8dd6-5b39-a66d-e24951b8a45a","b106326c-8dd6-5b39-a66d-e24951b8a45a","raccourcia/radiantspotlight-halo-or","card:b106326c-8dd6-5b39-a66d-e24951b8a45a","radiantspotlight-halo-or","d14a2ec7-bfec-5138-b346-dd85760ffd38","uuid_conserve","","rapprocher_id_source_puis_slug_et_enregistrer_correspondance"
"b425640e-eb07-50f3-b12b-5d508884f7f3","RCIA-C-000168","b425640e-eb07-50f3-b12b-5d508884f7f3","b425640e-eb07-50f3-b12b-5d508884f7f3","raccourcia/radiantspotlight-halo-rouge","card:b425640e-eb07-50f3-b12b-5d508884f7f3","radiantspotlight-halo-rouge","d14a2ec7-bfec-5138-b346-dd85760ffd38","uuid_conserve","","rapprocher_id_source_puis_slug_et_enregistrer_correspondance"
"b2244129-ab07-5543-a05d-32dde324dc25","RCIA-C-000169","b2244129-ab07-5543-a05d-32dde324dc25","b2244129-ab07-5543-a05d-32dde324dc25","raccourcia/raineditorial-apres-pluie","card:b2244129-ab07-5543-a05d-32dde324dc25","raineditorial-apres-pluie","912fb990-a857-5b3a-8297-626ae6b1afba","uuid_conserve","","rapprocher_id_source_puis_slug_et_enregistrer_correspondance"
"e5f94555-dcd7-504c-b904-4c7ede442a76","RCIA-C-000170","e5f94555-dcd7-504c-b904-4c7ede442a76","e5f94555-dcd7-504c-b904-4c7ede442a76","raccourcia/raineditorial-averse-ville","card:e5f94555-dcd7-504c-b904-4c7ede442a76","raineditorial-averse-ville","912fb990-a857-5b3a-8297-626ae6b1afba","uuid_conserve","","rapprocher_id_source_puis_slug_et_enregistrer_correspondance"
"d0a34182-20f5-5b61-a4db-f8854b38b7dc","RCIA-C-000171","d0a34182-20f5-5b61-a4db-f8854b38b7dc","d0a34182-20f5-5b61-a4db-f8854b38b7dc","raccourcia/raineditorial-parapluie-transparent","card:d0a34182-20f5-5b61-a4db-f8854b38b7dc","raineditorial-parapluie-transparent","912fb990-a857-5b3a-8297-626ae6b1afba","uuid_conserve","","rapprocher_id_source_puis_slug_et_enregistrer_correspondance"
"b50c6c66-9f06-5959-8fa7-8f3767ef509f","RCIA-C-000172","b50c6c66-9f06-5959-8fa7-8f3767ef509f","b50c6c66-9f06-5959-8fa7-8f3767ef509f","raccourcia/reflectioneditorial-miroir-pluie","card:b50c6c66-9f06-5959-8fa7-8f3767ef509f","reflectioneditorial-miroir-pluie","c8ab1f7b-ac5d-54c6-85ad-a673d77e91d2","uuid_conserve","","rapprocher_id_source_puis_slug_et_enregistrer_correspondance"
"bce102e4-1ad3-5ea5-8865-4dea6e73a422","RCIA-C-000173","bce102e4-1ad3-5ea5-8865-4dea6e73a422","bce102e4-1ad3-5ea5-8865-4dea6e73a422","raccourcia/rimlightprofile-liseret-bleu","card:bce102e4-1ad3-5ea5-8865-4dea6e73a422","rimlightprofile-liseret-bleu","3da3516b-d635-5237-a299-bfa28fad567d","uuid_conserve","","rapprocher_id_source_puis_slug_et_enregistrer_correspondance"
"54fe3301-3152-5733-b4b5-98c4e99ce316","RCIA-C-000174","54fe3301-3152-5733-b4b5-98c4e99ce316","54fe3301-3152-5733-b4b5-98c4e99ce316","raccourcia/rooftopeditorial-heure-bleue","card:54fe3301-3152-5733-b4b5-98c4e99ce316","rooftopeditorial-heure-bleue","c9410974-ef98-5457-abfe-7fc557d2a922","uuid_conserve","","rapprocher_id_source_puis_slug_et_enregistrer_correspondance"
"dc3631de-3cd6-5697-8282-eda989f14c71","RCIA-C-000175","dc3631de-3cd6-5697-8282-eda989f14c71","dc3631de-3cd6-5697-8282-eda989f14c71","raccourcia/rooftopeditorial-midi-brut","card:dc3631de-3cd6-5697-8282-eda989f14c71","rooftopeditorial-midi-brut","c9410974-ef98-5457-abfe-7fc557d2a922","uuid_conserve","","rapprocher_id_source_puis_slug_et_enregistrer_correspondance"
"f5d8af7b-3349-52cf-b27d-b144a9855d54","RCIA-C-000176","f5d8af7b-3349-52cf-b27d-b144a9855d54","f5d8af7b-3349-52cf-b27d-b144a9855d54","raccourcia/rooftopeditorial-vent-couture","card:f5d8af7b-3349-52cf-b27d-b144a9855d54","rooftopeditorial-vent-couture","c9410974-ef98-5457-abfe-7fc557d2a922","uuid_conserve","","rapprocher_id_source_puis_slug_et_enregistrer_correspondance"
"a8f802db-855d-54f3-a100-abcf6c556906","RCIA-C-000177","a8f802db-855d-54f3-a100-abcf6c556906","a8f802db-855d-54f3-a100-abcf6c556906","raccourcia/shadowsculpt-feuillage","card:a8f802db-855d-54f3-a100-abcf6c556906","shadowsculpt-feuillage","ce5d223b-be01-5ffe-bf50-663b65134e11","uuid_conserve","","rapprocher_id_source_puis_slug_et_enregistrer_correspondance"
"586d097d-d196-5e35-a395-6d99eb93fa0e","RCIA-C-000178","586d097d-d196-5e35-a395-6d99eb93fa0e","586d097d-d196-5e35-a395-6d99eb93fa0e","raccourcia/shadowsculpt-stores","card:586d097d-d196-5e35-a395-6d99eb93fa0e","shadowsculpt-stores","ce5d223b-be01-5ffe-bf50-663b65134e11","uuid_conserve","","rapprocher_id_source_puis_slug_et_enregistrer_correspondance"
"e9ad20d0-62ae-5dd8-b8f8-19f2ff30dd73","RCIA-C-000179","e9ad20d0-62ae-5dd8-b8f8-19f2ff30dd73","e9ad20d0-62ae-5dd8-b8f8-19f2ff30dd73","raccourcia/softwindowportrait-matin-calme","card:e9ad20d0-62ae-5dd8-b8f8-19f2ff30dd73","softwindowportrait-matin-calme","67ae98af-b0ac-55fb-9178-cc6beaea8806","uuid_conserve","","rapprocher_id_source_puis_slug_et_enregistrer_correspondance"
"51429743-2358-5739-8c25-30793c7fc75b","RCIA-C-000180","51429743-2358-5739-8c25-30793c7fc75b","51429743-2358-5739-8c25-30793c7fc75b","raccourcia/softwindowportrait-pluie-vitre","card:51429743-2358-5739-8c25-30793c7fc75b","softwindowportrait-pluie-vitre","67ae98af-b0ac-55fb-9178-cc6beaea8806","uuid_conserve","","rapprocher_id_source_puis_slug_et_enregistrer_correspondance"
"4b2a3e2e-fc4e-5ed4-ae4c-2529f3071caa","RCIA-C-000181","4b2a3e2e-fc4e-5ed4-ae4c-2529f3071caa","4b2a3e2e-fc4e-5ed4-ae4c-2529f3071caa","raccourcia/softwindowportrait-rideau-lin","card:4b2a3e2e-fc4e-5ed4-ae4c-2529f3071caa","softwindowportrait-rideau-lin","67ae98af-b0ac-55fb-9178-cc6beaea8806","uuid_conserve","","rapprocher_id_source_puis_slug_et_enregistrer_correspondance"
"9133b2d2-f3a6-5f84-abf5-d913ea03d6a3","RCIA-C-000182","9133b2d2-f3a6-5f84-abf5-d913ea03d6a3","9133b2d2-f3a6-5f84-abf5-d913ea03d6a3","raccourcia/streetflashlook-parking-mode","card:9133b2d2-f3a6-5f84-abf5-d913ea03d6a3","streetflashlook-parking-mode","a2d82b36-818b-51af-bd3b-46b538732380","uuid_conserve","","rapprocher_id_source_puis_slug_et_enregistrer_correspondance"
"ebd506ef-e2af-5807-b209-66862b94428f","RCIA-C-000183","ebd506ef-e2af-5807-b209-66862b94428f","ebd506ef-e2af-5807-b209-66862b94428f","raccourcia/streetflashlook-taxi-jaune","card:ebd506ef-e2af-5807-b209-66862b94428f","streetflashlook-taxi-jaune","a2d82b36-818b-51af-bd3b-46b538732380","uuid_conserve","","rapprocher_id_source_puis_slug_et_enregistrer_correspondance"
"89259550-cd25-59a0-a5b4-5996e93a7c79","RCIA-C-000184","89259550-cd25-59a0-a5b4-5996e93a7c79","89259550-cd25-59a0-a5b4-5996e93a7c79","raccourcia/vintageportrait-annees-folles","card:89259550-cd25-59a0-a5b4-5996e93a7c79","vintageportrait-annees-folles","1d88790e-2876-59e6-831c-8123865f83c3","uuid_conserve","","rapprocher_id_source_puis_slug_et_enregistrer_correspondance"
"dd7794aa-0590-5bf8-b8fb-58598f683bf5","RCIA-C-000185","dd7794aa-0590-5bf8-b8fb-58598f683bf5","dd7794aa-0590-5bf8-b8fb-58598f683bf5","raccourcia/vintageportrait-carte-postale-1900","card:dd7794aa-0590-5bf8-b8fb-58598f683bf5","vintageportrait-carte-postale-1900","1d88790e-2876-59e6-831c-8123865f83c3","uuid_conserve","","rapprocher_id_source_puis_slug_et_enregistrer_correspondance"
"d49da699-fccb-5fc6-a40b-e04137197e94","RCIA-C-000186","d49da699-fccb-5fc6-a40b-e04137197e94","d49da699-fccb-5fc6-a40b-e04137197e94","raccourcia/vintageportrait-studio-1940","card:d49da699-fccb-5fc6-a40b-e04137197e94","vintageportrait-studio-1940","1d88790e-2876-59e6-831c-8123865f83c3","uuid_conserve","","rapprocher_id_source_puis_slug_et_enregistrer_correspondance"
"b4146cbd-6c9a-565c-be00-832ae9087f5f","RCIA-C-000187","","","raccourcia/ccdnight","card:b4146cbd-6c9a-565c-be00-832ae9087f5f","ccdnight","722add26-d1b4-52cd-a5e9-24cb4828309e","uuid5_depuis_cle_source","","rapprocher_id_source_puis_slug_et_enregistrer_correspondance"
"dce13b4f-4c77-564d-b718-3d9774a1d4b2","RCIA-C-000188","dce13b4f-4c77-564d-b718-3d9774a1d4b2","dce13b4f-4c77-564d-b718-3d9774a1d4b2","raccourcia/centralafricanstyle-sape-editoriale","card:dce13b4f-4c77-564d-b718-3d9774a1d4b2","centralafricanstyle-sape-editoriale","bd72dfb9-077c-5696-bf99-90c761b54b39","uuid_conserve","","rapprocher_id_source_puis_slug_et_enregistrer_correspondance"
"a12dce56-69b3-5d76-ba04-2f3c75206a02","RCIA-C-000189","a12dce56-69b3-5d76-ba04-2f3c75206a02","a12dce56-69b3-5d76-ba04-2f3c75206a02","raccourcia/eastafricanstyle-cote-swahilie","card:a12dce56-69b3-5d76-ba04-2f3c75206a02","eastafricanstyle-cote-swahilie","38528e30-dcfa-5a8b-bfce-9d31a27912e9","uuid_conserve","","rapprocher_id_source_puis_slug_et_enregistrer_correspondance"
"59fd01c3-2ce0-5872-bd80-bf56c3caea1a","RCIA-C-000190","img-goldenhourportrait","img-goldenhourportrait","raccourcia/goldenhourportrait","card:59fd01c3-2ce0-5872-bd80-bf56c3caea1a","goldenhourportrait","b83506bf-acb9-5eb9-9e30-44127459c7aa","uuid5_depuis_id_source","","rapprocher_id_source_puis_slug_et_enregistrer_correspondance"
"35e975d0-5353-5891-8956-64006820131e","RCIA-C-000191","","","raccourcia/paparazziflash","card:35e975d0-5353-5891-8956-64006820131e","paparazziflash","b3425c56-5c2b-5b92-af0b-63b4ab6dfb2e","uuid5_depuis_cle_source","","rapprocher_id_source_puis_slug_et_enregistrer_correspondance"
"beb921d7-0d1c-57a6-92f2-d4f79fa37e3c","RCIA-C-000192","","","raccourcia/passporteras","card:beb921d7-0d1c-57a6-92f2-d4f79fa37e3c","passporteras","0c0ff95d-6e21-5c77-abae-4c5030b59499","uuid5_depuis_cle_source","","rapprocher_id_source_puis_slug_et_enregistrer_correspondance"
"1ccc128c-e25f-5cbd-afc9-23a12cc57b49","RCIA-C-000193","","","raccourcia/redcarpet","card:1ccc128c-e25f-5cbd-afc9-23a12cc57b49","redcarpet","70afa6b9-7654-506b-8371-13ee14052274","uuid5_depuis_cle_source","","rapprocher_id_source_puis_slug_et_enregistrer_correspondance"
"20dd7a2f-5570-5ffc-bd7d-b2e0a27e0010","RCIA-C-000194","img-silhouetteportrait","img-silhouetteportrait","raccourcia/silhouetteportrait","card:20dd7a2f-5570-5ffc-bd7d-b2e0a27e0010","silhouetteportrait","49607a46-f7ff-533b-9953-688f67a2fb64","uuid5_depuis_id_source","","rapprocher_id_source_puis_slug_et_enregistrer_correspondance"
"e1383e88-47de-59e5-93d3-674e7efbc061","RCIA-C-000195","e1383e88-47de-59e5-93d3-674e7efbc061","e1383e88-47de-59e5-93d3-674e7efbc061","raccourcia/southernafricanstyle-cape-town-contemporain","card:e1383e88-47de-59e5-93d3-674e7efbc061","southernafricanstyle-cape-town-contemporain","d294e4a8-9a86-5a4a-83ab-80c05b30c7aa","uuid_conserve","","rapprocher_id_source_puis_slug_et_enregistrer_correspondance"
"85421fda-6da0-51d4-9239-c2e08651ab8d","RCIA-C-000196","85421fda-6da0-51d4-9239-c2e08651ab8d","85421fda-6da0-51d4-9239-c2e08651ab8d","raccourcia/textileportrait-indigo-atelier","card:85421fda-6da0-51d4-9239-c2e08651ab8d","textileportrait-indigo-atelier","8df0d69d-b9ad-566c-9b83-8fee0b460c91","uuid_conserve","","rapprocher_id_source_puis_slug_et_enregistrer_correspondance"
"a9df58ee-e4aa-5483-a3f7-de799ec1ab12","RCIA-C-000197","","","raccourcia/throwback2016","card:a9df58ee-e4aa-5483-a3f7-de799ec1ab12","throwback2016","61fba1fe-227d-5667-8d65-3373fd5e0d2c","uuid5_depuis_cle_source","","rapprocher_id_source_puis_slug_et_enregistrer_correspondance"
"268f71d5-a19e-5233-925b-0c9e4a423c3e","RCIA-C-000198","268f71d5-a19e-5233-925b-0c9e4a423c3e","268f71d5-a19e-5233-925b-0c9e4a423c3e","raccourcia/westafricanstyle-bogolan-minimal","card:268f71d5-a19e-5233-925b-0c9e4a423c3e","westafricanstyle-bogolan-minimal","e217e3bf-1e8d-5d5b-9def-1d0c7c21fa45","uuid_conserve","","rapprocher_id_source_puis_slug_et_enregistrer_correspondance"
"ec0da91a-ee8e-58d5-8b26-4319302c71ae","RCIA-C-000199","","","raccourcia/y2kflash","card:ec0da91a-ee8e-58d5-8b26-4319302c71ae","y2kflash","30b5f9ab-c030-5e6d-a512-7f25a1328c73","uuid5_depuis_cle_source","","rapprocher_id_source_puis_slug_et_enregistrer_correspondance"
"6389d770-e89a-5e25-87c9-24921e22af15","RCIA-C-000200","","","raccourcia/yearbook90s","card:6389d770-e89a-5e25-87c9-24921e22af15","yearbook90s","c33f94f8-c138-55e2-94d5-db952f9bb6d0","uuid5_depuis_cle_source","","rapprocher_id_source_puis_slug_et_enregistrer_correspondance"
"14f64313-5c44-516a-a06f-119dabffbd14","RCIA-C-000201","14f64313-5c44-516a-a06f-119dabffbd14","14f64313-5c44-516a-a06f-119dabffbd14","raccourcia/denimcampaignportrait-studio-brut","card:14f64313-5c44-516a-a06f-119dabffbd14","denimcampaignportrait-studio-brut","700cb0ed-1b6a-58a9-a68c-e4770abed86b","uuid_conserve","","rapprocher_id_source_puis_slug_et_enregistrer_correspondance"
"89356151-1f0e-5506-bb4e-f4564b576917","RCIA-C-000202","89356151-1f0e-5506-bb4e-f4564b576917","89356151-1f0e-5506-bb4e-f4564b576917","raccourcia/denimcampaignportrait-double-denim","card:89356151-1f0e-5506-bb4e-f4564b576917","denimcampaignportrait-double-denim","700cb0ed-1b6a-58a9-a68c-e4770abed86b","uuid_conserve","","rapprocher_id_source_puis_slug_et_enregistrer_correspondance"
"90b5c36b-79ec-5916-a521-b70e02df0a37","RCIA-C-000203","90b5c36b-79ec-5916-a521-b70e02df0a37","90b5c36b-79ec-5916-a521-b70e02df0a37","raccourcia/silkcampaignportrait-ivoire","card:90b5c36b-79ec-5916-a521-b70e02df0a37","silkcampaignportrait-ivoire","ad0e2458-aa43-549c-92ea-3302399cb536","uuid_conserve","","rapprocher_id_source_puis_slug_et_enregistrer_correspondance"
"2a17d1a7-6f4c-554b-861c-f3045d5326cb","RCIA-C-000204","2a17d1a7-6f4c-554b-861c-f3045d5326cb","2a17d1a7-6f4c-554b-861c-f3045d5326cb","raccourcia/silkcampaignportrait-emeraude","card:2a17d1a7-6f4c-554b-861c-f3045d5326cb","silkcampaignportrait-emeraude","ad0e2458-aa43-549c-92ea-3302399cb536","uuid_conserve","","rapprocher_id_source_puis_slug_et_enregistrer_correspondance"
"bea2041c-0a24-5135-b120-46ea83f0891c","RCIA-C-000205","img-braidpreview","img-braidpreview","raccourcia/braidpreview","card:bea2041c-0a24-5135-b120-46ea83f0891c","braidpreview","c5eebdb5-0f63-585d-ab40-e80839c4414d","uuid5_depuis_id_source","","rapprocher_id_source_puis_slug_et_enregistrer_correspondance"
"8e9979d7-70c1-517d-a97d-627efc811ab3","RCIA-C-000206","","","raccourcia/btsfashion","card:8e9979d7-70c1-517d-a97d-627efc811ab3","btsfashion","66d19642-0ed4-5f6e-a028-5a60a03805bf","uuid5_depuis_cle_source","","rapprocher_id_source_puis_slug_et_enregistrer_correspondance"
"214613b7-b306-5a12-ab37-898efae5e15a","RCIA-C-000207","","","raccourcia/castingcard","card:214613b7-b306-5a12-ab37-898efae5e15a","castingcard","ede1c407-5fd2-5e7a-b252-36e756d692c4","uuid5_depuis_cle_source","","rapprocher_id_source_puis_slug_et_enregistrer_correspondance"
"1e8ea01d-bcb4-5526-8a8f-d2ceb159ee28","RCIA-C-000208","","","raccourcia/coloranalysis","card:1e8ea01d-bcb4-5526-8a8f-d2ceb159ee28","coloranalysis","34436c16-ffa1-5011-a15b-3add9af8f8a3","uuid5_depuis_cle_source","","rapprocher_id_source_puis_slug_et_enregistrer_correspondance"
"cdc8fce2-dddc-53e5-b1b9-1a217e7e0590","RCIA-C-000209","","","raccourcia/dreamcareergrid","card:cdc8fce2-dddc-53e5-b1b9-1a217e7e0590","dreamcareergrid","b267ac90-b475-55f7-8469-049a234cc1e2","uuid5_depuis_cle_source","","rapprocher_id_source_puis_slug_et_enregistrer_correspondance"
"e7a2184e-9262-5596-a6e9-d67263ab90a5","RCIA-C-000210","","","raccourcia/fashionpolaroid","card:e7a2184e-9262-5596-a6e9-d67263ab90a5","fashionpolaroid","b2eac5e1-220f-573c-b6fa-19309184c5e5","uuid5_depuis_cle_source","","rapprocher_id_source_puis_slug_et_enregistrer_correspondance"
"0247b454-bbb2-5d6a-9065-2a8ce615e70c","RCIA-C-000211","","","raccourcia/identitysheet","card:0247b454-bbb2-5d6a-9065-2a8ce615e70c","identitysheet","ce4030e0-93e2-55f2-8ed0-73e40b765dfc","uuid5_depuis_cle_source","","rapprocher_id_source_puis_slug_et_enregistrer_correspondance"
"10197034-4987-5a0f-9c6e-b53dbbf6e3b4","RCIA-C-000212","","","raccourcia/lookcontinuity","card:10197034-4987-5a0f-9c6e-b53dbbf6e3b4","lookcontinuity","4d79fdb5-e26c-55a9-b05a-7fab54a00149","uuid5_depuis_cle_source","","rapprocher_id_source_puis_slug_et_enregistrer_correspondance"
"daa4b187-7efd-5f4b-bebd-26f2d4eca70d","RCIA-C-000213","","","raccourcia/outfit","card:daa4b187-7efd-5f4b-bebd-26f2d4eca70d","outfit","49f868c9-768e-5ebc-a83c-96d1f580395e","uuid5_depuis_cle_source","","rapprocher_id_source_puis_slug_et_enregistrer_correspondance"
"7ff5303c-e5df-5e64-b8b9-387e8443570b","RCIA-C-000214","","","raccourcia/outfitbreakdown","card:7ff5303c-e5df-5e64-b8b9-387e8443570b","outfitbreakdown","8d77b1ae-4468-5144-bf9b-2663205e7174","uuid5_depuis_cle_source","","rapprocher_id_source_puis_slug_et_enregistrer_correspondance"
"c950540c-f35b-55d0-842a-bfe4a163bbe1","RCIA-C-000215","","","raccourcia/photoboothstory","card:c950540c-f35b-55d0-842a-bfe4a163bbe1","photoboothstory","dccbc859-f5e2-59ca-9758-e5e6be200f5d","uuid5_depuis_cle_source","","rapprocher_id_source_puis_slug_et_enregistrer_correspondance"
"6348282a-db61-5de7-ba16-2778d3571249","RCIA-C-000216","","","raccourcia/runwaydebut","card:6348282a-db61-5de7-ba16-2778d3571249","runwaydebut","2106450a-9d80-5fd2-aed1-7c2d5bf5cda6","uuid5_depuis_cle_source","","rapprocher_id_source_puis_slug_et_enregistrer_correspondance"
"1e2bbc92-60b3-5631-b3cd-516dc47c1da6","RCIA-C-000217","1e2bbc92-60b3-5631-b3cd-516dc47c1da6","1e2bbc92-60b3-5631-b3cd-516dc47c1da6","raccourcia/thenandnow-cabine-temporelle","card:1e2bbc92-60b3-5631-b3cd-516dc47c1da6","thenandnow-cabine-temporelle","26bee834-1468-517d-9bd0-3fe86f6195e5","uuid_conserve","","rapprocher_id_source_puis_slug_et_enregistrer_correspondance"
"b79a0918-c70c-5339-90d7-a1cd12128423","RCIA-C-000218","b79a0918-c70c-5339-90d7-a1cd12128423","b79a0918-c70c-5339-90d7-a1cd12128423","raccourcia/thenandnow-diptyque-1980-et-present","card:b79a0918-c70c-5339-90d7-a1cd12128423","thenandnow-diptyque-1980-et-present","26bee834-1468-517d-9bd0-3fe86f6195e5","uuid_conserve","","rapprocher_id_source_puis_slug_et_enregistrer_correspondance"
"0a06c646-960a-52b5-a144-0a516a7c9428","RCIA-C-000219","","","raccourcia/ageprogression","card:0a06c646-960a-52b5-a144-0a516a7c9428","ageprogression","a87f677d-ab46-579e-876f-8fe1da795dde","uuid5_depuis_cle_source","","rapprocher_id_source_puis_slug_et_enregistrer_correspondance"
"28e1b141-217e-583d-a2a2-8595b439e732","RCIA-C-000220","img-babyself","img-babyself","raccourcia/babyself","card:28e1b141-217e-583d-a2a2-8595b439e732","babyself","70a32609-2d19-555b-94a2-6719aedf44f6","uuid5_depuis_id_source","","rapprocher_id_source_puis_slug_et_enregistrer_correspondance"
"fb0780fc-2e94-5495-bad0-ad92ac71180f","RCIA-C-000221","img-birthdayportrait","img-birthdayportrait","raccourcia/birthdayportrait","card:fb0780fc-2e94-5495-bad0-ad92ac71180f","birthdayportrait","3f5fbed2-fbf5-51f4-b8ba-aff0708bfd69","uuid5_depuis_id_source","","rapprocher_id_source_puis_slug_et_enregistrer_correspondance"
"79a02205-e145-5943-b318-48dfe76bdac8","RCIA-C-000222","","","raccourcia/childmeet","card:79a02205-e145-5943-b318-48dfe76bdac8","childmeet","18c08e16-02bb-5380-ab21-aed911d018a6","uuid5_depuis_cle_source","","rapprocher_id_source_puis_slug_et_enregistrer_correspondance"
"a5c6d9ba-b7d8-57b1-99fe-0d8f1cfdadba","RCIA-C-000223","img-coupleportrait","img-coupleportrait","raccourcia/coupleportrait","card:a5c6d9ba-b7d8-57b1-99fe-0d8f1cfdadba","coupleportrait","11b04eac-ee04-5eb9-a3aa-5d76a41dc4fd","uuid5_depuis_id_source","","rapprocher_id_source_puis_slug_et_enregistrer_correspondance"
"d2c26f64-a0a5-5e4a-b355-f89dc2db731b","RCIA-C-000224","img-familyportrait","img-familyportrait","raccourcia/familyportrait","card:d2c26f64-a0a5-5e4a-b355-f89dc2db731b","familyportrait","0d8bbbe0-1f4d-5f4f-8b58-405c94c2d7a5","uuid5_depuis_id_source","","rapprocher_id_source_puis_slug_et_enregistrer_correspondance"
"0b98825c-cbbf-56e6-aef9-f675a57c85fb","RCIA-C-000225","","","raccourcia/futurechild","card:0b98825c-cbbf-56e6-aef9-f675a57c85fb","futurechild","e0c6c732-351c-5616-b3f4-cfe680baed1a","uuid5_depuis_cle_source","","rapprocher_id_source_puis_slug_et_enregistrer_correspondance"
"666d1332-1660-5a72-95d7-5a78b574fb4a","RCIA-C-000226","","","raccourcia/genderflip","card:666d1332-1660-5a72-95d7-5a78b574fb4a","genderflip","ba10dd8f-3b77-5aed-8b60-aad4d8f6399f","uuid5_depuis_cle_source","","rapprocher_id_source_puis_slug_et_enregistrer_correspondance"
"4d0e9969-f382-549a-b044-03de806b6b33","RCIA-C-000227","img-graduationportrait","img-graduationportrait","raccourcia/graduationportrait","card:4d0e9969-f382-549a-b044-03de806b6b33","graduationportrait","207a9731-5049-5dc3-b874-fe38d5d1cec7","uuid5_depuis_id_source","","rapprocher_id_source_puis_slug_et_enregistrer_correspondance"
"274ab024-1225-539c-89b4-4bf17d17aeef","RCIA-C-000228","img-maternityportrait","img-maternityportrait","raccourcia/maternityportrait","card:274ab024-1225-539c-89b4-4bf17d17aeef","maternityportrait","f34a4a98-b215-5df7-b441-86520b45ecba","uuid5_depuis_id_source","","rapprocher_id_source_puis_slug_et_enregistrer_correspondance"
"b5edd38a-ede6-565f-ab62-fc3e87efcf91","RCIA-C-000229","img-teamportrait","img-teamportrait","raccourcia/teamportrait","card:b5edd38a-ede6-565f-ab62-fc3e87efcf91","teamportrait","deceb8d8-8f05-5dd2-9692-f1cc12dff7c9","uuid5_depuis_id_source","","rapprocher_id_source_puis_slug_et_enregistrer_correspondance"
"c7ddd304-e9b0-501c-9ca9-20d40aa0869e","RCIA-C-000230","img-weddingportrait","img-weddingportrait","raccourcia/weddingportrait","card:c7ddd304-e9b0-501c-9ca9-20d40aa0869e","weddingportrait","3ecb377f-8925-5afb-a616-3c7bcc44c71f","uuid5_depuis_id_source","","rapprocher_id_source_puis_slug_et_enregistrer_correspondance"
"67da61b1-3dcc-5725-8897-4ae865ea7865","RCIA-C-000231","67da61b1-3dcc-5725-8897-4ae865ea7865","67da61b1-3dcc-5725-8897-4ae865ea7865","raccourcia/authorityseated-bureau-direction","card:67da61b1-3dcc-5725-8897-4ae865ea7865","authorityseated-bureau-direction","94716bfa-f628-5fa9-8609-854c8738a486","uuid_conserve","","rapprocher_id_source_puis_slug_et_enregistrer_correspondance"
"1b953fbf-5504-5b0a-8e51-71eb3603c35b","RCIA-C-000232","1b953fbf-5504-5b0a-8e51-71eb3603c35b","1b953fbf-5504-5b0a-8e51-71eb3603c35b","raccourcia/authorityseated-fauteuil-minimal","card:1b953fbf-5504-5b0a-8e51-71eb3603c35b","authorityseated-fauteuil-minimal","94716bfa-f628-5fa9-8609-854c8738a486","uuid_conserve","","rapprocher_id_source_puis_slug_et_enregistrer_correspondance"
"5e5ca752-5210-5a46-be75-7ff92bdca710","RCIA-C-000233","5e5ca752-5210-5a46-be75-7ff92bdca710","5e5ca752-5210-5a46-be75-7ff92bdca710","raccourcia/authorityseated-studio-pierre","card:5e5ca752-5210-5a46-be75-7ff92bdca710","authorityseated-studio-pierre","94716bfa-f628-5fa9-8609-854c8738a486","uuid_conserve","","rapprocher_id_source_puis_slug_et_enregistrer_correspondance"
"4003cfdf-6ec9-510b-94eb-f75450bc19dc","RCIA-C-000234","4003cfdf-6ec9-510b-94eb-f75450bc19dc","4003cfdf-6ec9-510b-94eb-f75450bc19dc","raccourcia/executivefullbody-lobby-confiance","card:4003cfdf-6ec9-510b-94eb-f75450bc19dc","executivefullbody-lobby-confiance","4954f21c-1ae8-5226-822c-c4b42f5afd9f","uuid_conserve","","rapprocher_id_source_puis_slug_et_enregistrer_correspondance"
"ced35e7e-2e10-5779-8cc8-479cf6c389b4","RCIA-C-000235","ced35e7e-2e10-5779-8cc8-479cf6c389b4","ced35e7e-2e10-5779-8cc8-479cf6c389b4","raccourcia/executivefullbody-costume-studio","card:ced35e7e-2e10-5779-8cc8-479cf6c389b4","executivefullbody-costume-studio","4954f21c-1ae8-5226-822c-c4b42f5afd9f","uuid_conserve","","rapprocher_id_source_puis_slug_et_enregistrer_correspondance"
"11ab1b4c-e94d-5ad8-a470-4cb5b5d4f34d","RCIA-C-000236","11ab1b4c-e94d-5ad8-a470-4cb5b5d4f34d","11ab1b4c-e94d-5ad8-a470-4cb5b5d4f34d","raccourcia/executivefullbody-salle-conseil","card:11ab1b4c-e94d-5ad8-a470-4cb5b5d4f34d","executivefullbody-salle-conseil","4954f21c-1ae8-5226-822c-c4b42f5afd9f","uuid_conserve","","rapprocher_id_source_puis_slug_et_enregistrer_correspondance"
"036971c4-cb6d-537c-850a-1d148297d512","RCIA-C-000237","036971c4-cb6d-537c-850a-1d148297d512","036971c4-cb6d-537c-850a-1d148297d512","raccourcia/freelanceicon-l-architecte-des-idees","card:036971c4-cb6d-537c-850a-1d148297d512","freelanceicon-l-architecte-des-idees","97e448ca-30c8-591d-8749-176bfc415e8d","uuid_conserve","","rapprocher_id_source_puis_slug_et_enregistrer_correspondance"
"06074999-7bf7-5880-9bdf-3a8618a2b137","RCIA-C-000238","06074999-7bf7-5880-9bdf-3a8618a2b137","06074999-7bf7-5880-9bdf-3a8618a2b137","raccourcia/freelanceicon-le-creatif-aux-pinces","card:06074999-7bf7-5880-9bdf-3a8618a2b137","freelanceicon-le-creatif-aux-pinces","97e448ca-30c8-591d-8749-176bfc415e8d","uuid_conserve","","rapprocher_id_source_puis_slug_et_enregistrer_correspondance"
"9d42c561-d5dd-555b-b5b2-2ef9e995e5e8","RCIA-C-000239","9d42c561-d5dd-555b-b5b2-2ef9e995e5e8","9d42c561-d5dd-555b-b5b2-2ef9e995e5e8","raccourcia/stagelegend-guitariste-repetition","card:9d42c561-d5dd-555b-b5b2-2ef9e995e5e8","stagelegend-guitariste-repetition","ddc1e203-78b6-56c9-8d67-4c061083f87a","uuid_conserve","","rapprocher_id_source_puis_slug_et_enregistrer_correspondance"
"db27579b-f0c0-5c4e-bf81-66982e1297e0","RCIA-C-000240","img-afrobeatsstar","img-afrobeatsstar","raccourcia/afrobeatsstar","card:db27579b-f0c0-5c4e-bf81-66982e1297e0","afrobeatsstar","bb5f4de4-db5d-5132-ae44-98c2549bb250","uuid5_depuis_id_source","","rapprocher_id_source_puis_slug_et_enregistrer_correspondance"
"16af2370-200d-57f3-a394-06b84aa0545d","RCIA-C-000241","img-artisanportrait","img-artisanportrait","raccourcia/artisanportrait","card:16af2370-200d-57f3-a394-06b84aa0545d","artisanportrait","a8222a31-9d8d-5459-9021-9986cb5e4ac3","uuid5_depuis_id_source","","rapprocher_id_source_puis_slug_et_enregistrer_correspondance"
"19028150-77ac-5447-ad3e-b6749f8ba3e7","RCIA-C-000242","","","raccourcia/avatarpro","card:19028150-77ac-5447-ad3e-b6749f8ba3e7","avatarpro","e2a14b6b-83ae-5028-bf7d-40fb464f7706","uuid5_depuis_cle_source","","rapprocher_id_source_puis_slug_et_enregistrer_correspondance"
"25257b86-d71b-5a60-bc21-736df9daf8aa","RCIA-C-000243","img-campaignportrait","img-campaignportrait","raccourcia/campaignportrait","card:25257b86-d71b-5a60-bc21-736df9daf8aa","campaignportrait","83af344e-b859-5cac-9666-624a6a544073","uuid5_depuis_id_source","","rapprocher_id_source_puis_slug_et_enregistrer_correspondance"
"75b7c40d-5cbe-56cb-8cf1-43dcd4c81da6","RCIA-C-000244","img-chefportrait","img-chefportrait","raccourcia/chefportrait","card:75b7c40d-5cbe-56cb-8cf1-43dcd4c81da6","chefportrait","df33c512-5ca9-5c1e-925a-ff8bfa03326a","uuid5_depuis_id_source","","rapprocher_id_source_puis_slug_et_enregistrer_correspondance"
"bcb94bda-0a73-564e-acf9-00b5eda85433","RCIA-C-000245","img-founderportrait","img-founderportrait","raccourcia/founderportrait","card:bcb94bda-0a73-564e-acf9-00b5eda85433","founderportrait","b9f5f6f5-8289-527a-8737-6da9aef10d0e","uuid5_depuis_id_source","","rapprocher_id_source_puis_slug_et_enregistrer_correspondance"
"3bac31e2-6def-531a-b714-f24de3807bba","RCIA-C-000246","img-headshot","img-headshot","raccourcia/headshot","card:3bac31e2-6def-531a-b714-f24de3807bba","headshot","cfcb1ef6-6700-5c7b-a5e0-eb636e5071f2","uuid5_depuis_id_source","","rapprocher_id_source_puis_slug_et_enregistrer_correspondance"
"01eafb1f-91cd-5eb2-8ae3-c49a3dad4ec8","RCIA-C-000247","","","raccourcia/presskitportrait","card:01eafb1f-91cd-5eb2-8ae3-c49a3dad4ec8","presskitportrait","cdc2e2a9-57d8-5009-add5-467c96af3693","uuid5_depuis_cle_source","","rapprocher_id_source_puis_slug_et_enregistrer_correspondance"
"80c6805a-0347-550d-9abd-0a47a637a075","RCIA-C-000248","img-speakerportrait","img-speakerportrait","raccourcia/speakerportrait","card:80c6805a-0347-550d-9abd-0a47a637a075","speakerportrait","39e8d599-395c-5d7c-acc1-52715b33125b","uuid5_depuis_id_source","","rapprocher_id_source_puis_slug_et_enregistrer_correspondance"
"2f7c9b30-7974-51d5-ac58-68aec1445ac0","RCIA-C-000249","","","raccourcia/streetcasting","card:2f7c9b30-7974-51d5-ac58-68aec1445ac0","streetcasting","b4b81bf1-634a-5f5b-9a73-f820a9abb62e","uuid5_depuis_cle_source","","rapprocher_id_source_puis_slug_et_enregistrer_correspondance"
"d13ab44c-7f77-5827-8268-6f95222a931f","RCIA-C-000250","img-colorrestore","img-colorrestore","raccourcia/colorrestore","card:d13ab44c-7f77-5827-8268-6f95222a931f","colorrestore","1235681b-0fc2-539e-8f13-5c2f2e1b50cd","uuid5_depuis_id_source","","rapprocher_id_source_puis_slug_et_enregistrer_correspondance"
"befc2269-e13e-5349-80eb-20f5edac9bc3","RCIA-C-000251","","","raccourcia/colorswap","card:befc2269-e13e-5349-80eb-20f5edac9bc3","colorswap","c675979b-4fe5-5736-aa56-37b60073006a","uuid5_depuis_cle_source","","rapprocher_id_source_puis_slug_et_enregistrer_correspondance"
"1adbedfe-22aa-5c1b-bb21-631928bdb2ea","RCIA-C-000252","","","raccourcia/faceswapduo","card:1adbedfe-22aa-5c1b-bb21-631928bdb2ea","faceswapduo","312babaa-9198-5317-8786-ed8cf14b0c9c","uuid5_depuis_cle_source","","rapprocher_id_source_puis_slug_et_enregistrer_correspondance"
"6a3e6e03-490e-536b-bb26-bb2441af15a0","RCIA-C-000253","6a3e6e03-490e-536b-bb26-bb2441af15a0","6a3e6e03-490e-536b-bb26-bb2441af15a0","raccourcia/ceilingsea-appartement-sous-ocean","card:6a3e6e03-490e-536b-bb26-bb2441af15a0","ceilingsea-appartement-sous-ocean","0806759c-0b7f-57de-8b31-9c0eda274c03","uuid_conserve","","rapprocher_id_source_puis_slug_et_enregistrer_correspondance"
"95b66e5a-17af-5f96-af61-d6c817374be5","RCIA-C-000254","95b66e5a-17af-5f96-af61-d6c817374be5","95b66e5a-17af-5f96-af61-d6c817374be5","raccourcia/ceilingsea-couloir-aquarium","card:95b66e5a-17af-5f96-af61-d6c817374be5","ceilingsea-couloir-aquarium","0806759c-0b7f-57de-8b31-9c0eda274c03","uuid_conserve","","rapprocher_id_source_puis_slug_et_enregistrer_correspondance"
"10b33540-1632-5ae6-8843-0e4dabc6139b","RCIA-C-000255","10b33540-1632-5ae6-8843-0e4dabc6139b","10b33540-1632-5ae6-8843-0e4dabc6139b","raccourcia/skyisland-jardin-flottant","card:10b33540-1632-5ae6-8843-0e4dabc6139b","skyisland-jardin-flottant","2423371d-c7ef-51a7-84be-942cb0b27d81","uuid_conserve","","rapprocher_id_source_puis_slug_et_enregistrer_correspondance"
"61befe91-57b0-5dc1-a08e-6d523d8513f0","RCIA-C-000256","61befe91-57b0-5dc1-a08e-6d523d8513f0","61befe91-57b0-5dc1-a08e-6d523d8513f0","raccourcia/snowinside-flocons-de-salon","card:61befe91-57b0-5dc1-a08e-6d523d8513f0","snowinside-flocons-de-salon","82075479-8b18-5b55-9a3b-6d72919215eb","uuid_conserve","","rapprocher_id_source_puis_slug_et_enregistrer_correspondance"
"d85801e0-d2f9-5c35-be97-5447bf5f2c9b","RCIA-C-000257","d85801e0-d2f9-5c35-be97-5447bf5f2c9b","d85801e0-d2f9-5c35-be97-5447bf5f2c9b","raccourcia/urbanjungle-metro-vegetal","card:d85801e0-d2f9-5c35-be97-5447bf5f2c9b","urbanjungle-metro-vegetal","00cfa7c4-ce34-5977-83f7-9c67ab12a75c","uuid_conserve","","rapprocher_id_source_puis_slug_et_enregistrer_correspondance"
"ebbe5a29-19e1-596d-bab8-7e5333667c40","RCIA-C-000258","ebbe5a29-19e1-596d-bab8-7e5333667c40","ebbe5a29-19e1-596d-bab8-7e5333667c40","raccourcia/waterroom-portrait-mi-eau","card:ebbe5a29-19e1-596d-bab8-7e5333667c40","waterroom-portrait-mi-eau","aa3b5b63-e52e-535f-87ec-4752e1edc0f8","uuid_conserve","","rapprocher_id_source_puis_slug_et_enregistrer_correspondance"
"9566f0fb-1d9b-5021-9e37-3dd61d80f72d","RCIA-C-000259","9566f0fb-1d9b-5021-9e37-3dd61d80f72d","9566f0fb-1d9b-5021-9e37-3dd61d80f72d","raccourcia/brandboard-identite-minimaliste","card:9566f0fb-1d9b-5021-9e37-3dd61d80f72d","brandboard-identite-minimaliste","fb8da503-925e-59eb-a150-875fddd1e378","uuid_conserve","","rapprocher_id_source_puis_slug_et_enregistrer_correspondance"
"d65c96b2-21e6-5c5b-b694-6f38dd1c1c34","RCIA-C-000260","d65c96b2-21e6-5c5b-b694-6f38dd1c1c34","d65c96b2-21e6-5c5b-b694-6f38dd1c1c34","raccourcia/logo-mascotte","card:d65c96b2-21e6-5c5b-b694-6f38dd1c1c34","logo-mascotte","4a6558e3-f70e-5671-a3e7-523c8d587f8e","uuid_conserve","","rapprocher_id_source_puis_slug_et_enregistrer_correspondance"
"fe2316bb-cdad-578c-ae80-a7252523a4a1","RCIA-C-000261","","","raccourcia/adsocial","card:fe2316bb-cdad-578c-ae80-a7252523a4a1","adsocial","59df95ad-cee6-5bf9-a086-3ff0cf0feb6f","uuid5_depuis_cle_source","","rapprocher_id_source_puis_slug_et_enregistrer_correspondance"
"2fe47c2b-6af0-51f7-b844-1e6d891a591d","RCIA-C-000262","2fe47c2b-6af0-51f7-b844-1e6d891a591d","2fe47c2b-6af0-51f7-b844-1e6d891a591d","raccourcia/albumcoverpersona-afro-urbain","card:2fe47c2b-6af0-51f7-b844-1e6d891a591d","albumcoverpersona-afro-urbain","e0963f13-4a29-5cda-8d90-85ee6d6816c0","uuid_conserve","","rapprocher_id_source_puis_slug_et_enregistrer_correspondance"
"e1858575-2c7e-57be-a028-698a3dde60e9","RCIA-C-000263","e1858575-2c7e-57be-a028-698a3dde60e9","e1858575-2c7e-57be-a028-698a3dde60e9","raccourcia/albumcoverpersona-soul-minimal","card:e1858575-2c7e-57be-a028-698a3dde60e9","albumcoverpersona-soul-minimal","e0963f13-4a29-5cda-8d90-85ee6d6816c0","uuid_conserve","","rapprocher_id_source_puis_slug_et_enregistrer_correspondance"
"18bbdb00-3733-52e7-bbfa-4d44abcd0a39","RCIA-C-000264","18bbdb00-3733-52e7-bbfa-4d44abcd0a39","18bbdb00-3733-52e7-bbfa-4d44abcd0a39","raccourcia/albumcoverpersona-electro-neon","card:18bbdb00-3733-52e7-bbfa-4d44abcd0a39","albumcoverpersona-electro-neon","e0963f13-4a29-5cda-8d90-85ee6d6816c0","uuid_conserve","","rapprocher_id_source_puis_slug_et_enregistrer_correspondance"
"15c182d4-dd36-5301-8738-761b39e077df","RCIA-C-000265","15c182d4-dd36-5301-8738-761b39e077df","15c182d4-dd36-5301-8738-761b39e077df","raccourcia/bookcover-fantasy-illustree","card:15c182d4-dd36-5301-8738-761b39e077df","bookcover-fantasy-illustree","c814dd20-cb27-55bd-b3e9-e6d52c171b0c","uuid_conserve","","rapprocher_id_source_puis_slug_et_enregistrer_correspondance"
"2c9026ed-b4bc-5952-b784-21876de4ac42","RCIA-C-000266","2c9026ed-b4bc-5952-b784-21876de4ac42","2c9026ed-b4bc-5952-b784-21876de4ac42","raccourcia/coverissue-le-numero-manifeste","card:2c9026ed-b4bc-5952-b784-21876de4ac42","coverissue-le-numero-manifeste","8345f134-7599-5488-a2c8-f1dbef2a1945","uuid_conserve","","rapprocher_id_source_puis_slug_et_enregistrer_correspondance"
"578331a0-692a-57b1-a6f1-0c44da95690c","RCIA-C-000267","578331a0-692a-57b1-a6f1-0c44da95690c","578331a0-692a-57b1-a6f1-0c44da95690c","raccourcia/coverissue-le-numero-musique","card:578331a0-692a-57b1-a6f1-0c44da95690c","coverissue-le-numero-musique","8345f134-7599-5488-a2c8-f1dbef2a1945","uuid_conserve","","rapprocher_id_source_puis_slug_et_enregistrer_correspondance"
"061d53a2-3acd-5409-a4c5-b40f7f828620","RCIA-C-000268","061d53a2-3acd-5409-a4c5-b40f7f828620","061d53a2-3acd-5409-a4c5-b40f7f828620","raccourcia/coverissue-sport-en-monochrome","card:061d53a2-3acd-5409-a4c5-b40f7f828620","coverissue-sport-en-monochrome","8345f134-7599-5488-a2c8-f1dbef2a1945","uuid_conserve","","rapprocher_id_source_puis_slug_et_enregistrer_correspondance"
"4cfc4307-9d89-5a8b-afb9-1945323ef43c","RCIA-C-000269","4cfc4307-9d89-5a8b-afb9-1945323ef43c","4cfc4307-9d89-5a8b-afb9-1945323ef43c","raccourcia/fashioncover-vogue-inspire","card:4cfc4307-9d89-5a8b-afb9-1945323ef43c","fashioncover-vogue-inspire","8a2fd427-3e06-5380-afec-ce5bd8df2dde","uuid_conserve","","rapprocher_id_source_puis_slug_et_enregistrer_correspondance"
"a4359ca8-95bf-5c5b-bd77-895f4bea0e3e","RCIA-C-000270","a4359ca8-95bf-5c5b-bd77-895f4bea0e3e","a4359ca8-95bf-5c5b-bd77-895f4bea0e3e","raccourcia/foundermag-la-une-personnelle","card:a4359ca8-95bf-5c5b-bd77-895f4bea0e3e","foundermag-la-une-personnelle","926704c5-444d-557b-9eeb-9bb31cd3e69b","uuid_conserve","","rapprocher_id_source_puis_slug_et_enregistrer_correspondance"
"035abb88-ec47-5ec6-97dc-ede95dbbbcc0","RCIA-C-000271","035abb88-ec47-5ec6-97dc-ede95dbbbcc0","035abb88-ec47-5ec6-97dc-ede95dbbbcc0","raccourcia/heroensembleposter-famille-heroique","card:035abb88-ec47-5ec6-97dc-ede95dbbbcc0","heroensembleposter-famille-heroique","e76da29f-afdb-546a-a9a7-4dc5fd96cbf4","uuid_conserve","","rapprocher_id_source_puis_slug_et_enregistrer_correspondance"
"0eebcfe0-4133-5c6d-b12e-b2a5b2c336d1","RCIA-C-000272","0eebcfe0-4133-5c6d-b12e-b2a5b2c336d1","0eebcfe0-4133-5c6d-b12e-b2a5b2c336d1","raccourcia/newsfeedcover-une-business","card:0eebcfe0-4133-5c6d-b12e-b2a5b2c336d1","newsfeedcover-une-business","3d976467-7ef9-57e5-8fed-d84a6dc1fb09","uuid_conserve","","rapprocher_id_source_puis_slug_et_enregistrer_correspondance"
"fad941ac-bd5b-5ac1-bbbf-ef712a9ed614","RCIA-C-000273","fad941ac-bd5b-5ac1-bbbf-ef712a9ed614","fad941ac-bd5b-5ac1-bbbf-ef712a9ed614","raccourcia/newsfeedcover-une-culture","card:fad941ac-bd5b-5ac1-bbbf-ef712a9ed614","newsfeedcover-une-culture","3d976467-7ef9-57e5-8fed-d84a6dc1fb09","uuid_conserve","","rapprocher_id_source_puis_slug_et_enregistrer_correspondance"
"c012fd52-4f4b-55ee-995b-7e344589ba90","RCIA-C-000274","c012fd52-4f4b-55ee-995b-7e344589ba90","c012fd52-4f4b-55ee-995b-7e344589ba90","raccourcia/newsfeedcover-une-sport","card:c012fd52-4f4b-55ee-995b-7e344589ba90","newsfeedcover-une-sport","3d976467-7ef9-57e5-8fed-d84a6dc1fb09","uuid_conserve","","rapprocher_id_source_puis_slug_et_enregistrer_correspondance"
"d649db25-c46c-557d-b557-4ab7339beff6","RCIA-C-000275","d649db25-c46c-557d-b557-4ab7339beff6","d649db25-c46c-557d-b557-4ab7339beff6","raccourcia/sportcover-champion-de-studio","card:d649db25-c46c-557d-b557-4ab7339beff6","sportcover-champion-de-studio","f2fbf973-bae9-52dd-ba02-bff67de96d44","uuid_conserve","","rapprocher_id_source_puis_slug_et_enregistrer_correspondance"
"f5146d8c-c841-591f-bfa7-3b76e5705cb5","RCIA-C-000276","","","raccourcia/podcastcover","card:f5146d8c-c841-591f-bfa7-3b76e5705cb5","podcastcover","ea8fc522-36ed-5ae8-8749-684afcdc20e6","uuid5_depuis_cle_source","","rapprocher_id_source_puis_slug_et_enregistrer_correspondance"
"d57c60de-6d53-56db-a842-de57baa8ba62","RCIA-C-000277","","","raccourcia/powercover","card:d57c60de-6d53-56db-a842-de57baa8ba62","powercover","05ae1941-39b0-509d-a159-80dd715fe178","uuid5_depuis_cle_source","","rapprocher_id_source_puis_slug_et_enregistrer_correspondance"
"af0fe578-af33-5757-8bfe-0c6f9000a12b","RCIA-C-000278","af0fe578-af33-5757-8bfe-0c6f9000a12b","af0fe578-af33-5757-8bfe-0c6f9000a12b","raccourcia/invitation-invitation-photo","card:af0fe578-af33-5757-8bfe-0c6f9000a12b","invitation-invitation-photo","b208adc9-726d-5a01-9796-62846c7e2a6c","uuid_conserve","","rapprocher_id_source_puis_slug_et_enregistrer_correspondance"
"83890cf0-1d77-5657-9cf4-809afa65df43","RCIA-C-000279","","","raccourcia/receiptposter","card:83890cf0-1d77-5657-9cf4-809afa65df43","receiptposter","665c6d7b-a55e-5cd4-bbe1-77a430320d17","uuid5_depuis_cle_source","","rapprocher_id_source_puis_slug_et_enregistrer_correspondance"
"93322cff-22d0-5bb6-99f3-40735eb15563","RCIA-C-000280","93322cff-22d0-5bb6-99f3-40735eb15563","93322cff-22d0-5bb6-99f3-40735eb15563","raccourcia/travelposter-affiche-aerienne","card:93322cff-22d0-5bb6-99f3-40735eb15563","travelposter-affiche-aerienne","ffccee7e-8168-5813-bfbc-b58ba7a7a95f","uuid_conserve","","rapprocher_id_source_puis_slug_et_enregistrer_correspondance"
"313c5fdc-2749-5016-9147-8f8d76b34903","RCIA-C-000281","","","raccourcia/vintageposter","card:313c5fdc-2749-5016-9147-8f8d76b34903","vintageposter","71c77196-bba7-5856-8572-1a189eaf3a88","uuid5_depuis_cle_source","","rapprocher_id_source_puis_slug_et_enregistrer_correspondance"
"34d46393-bdf0-5f4e-9aec-7af2b7ff06ba","RCIA-C-000282","img-circuittrace","img-circuittrace","raccourcia/circuittrace","card:34d46393-bdf0-5f4e-9aec-7af2b7ff06ba","circuittrace","09fa639c-f42f-58c1-a990-0d67cd9f5b67","uuid5_depuis_id_source","","rapprocher_id_source_puis_slug_et_enregistrer_correspondance"
"53a25fc2-170c-5b8d-bff7-cad2accdedd5","RCIA-C-000283","img-dimensionview","img-dimensionview","raccourcia/dimensionview","card:53a25fc2-170c-5b8d-bff7-cad2accdedd5","dimensionview","93170b91-512d-58f3-b443-a2a294eec020","uuid5_depuis_id_source","","rapprocher_id_source_puis_slug_et_enregistrer_correspondance"
"c072d47e-a713-5a7a-b6a9-6f10bf45e87d","RCIA-C-000284","img-patentdrawing","img-patentdrawing","raccourcia/patentdrawing","card:c072d47e-a713-5a7a-b6a9-6f10bf45e87d","patentdrawing","92918136-b473-504e-adc7-df56d00819e5","uuid5_depuis_id_source","","rapprocher_id_source_puis_slug_et_enregistrer_correspondance"
"d3843750-c236-52ef-bb1d-449bf6422a51","RCIA-C-000285","","","raccourcia/weldmap","card:d3843750-c236-52ef-bb1d-449bf6422a51","weldmap","6aea6408-8673-54df-a926-89c77a64e8b7","uuid5_depuis_cle_source","","rapprocher_id_source_puis_slug_et_enregistrer_correspondance"
"5239d03b-ff99-5864-ac66-2f7aed337a6f","RCIA-C-000286","img-anatomyview","img-anatomyview","raccourcia/anatomyview","card:5239d03b-ff99-5864-ac66-2f7aed337a6f","anatomyview","c2876f66-d332-55c5-93f3-c4cdfbd16eb3","uuid5_depuis_id_source","","rapprocher_id_source_puis_slug_et_enregistrer_correspondance"
"714e6929-7672-5c4d-83ce-73a64d01e15b","RCIA-C-000287","","","raccourcia/digitaltwin","card:714e6929-7672-5c4d-83ce-73a64d01e15b","digitaltwin","632a4e21-056b-515e-b2e4-65a2568ffc3e","uuid5_depuis_cle_source","","rapprocher_id_source_puis_slug_et_enregistrer_correspondance"
"1dec8a9f-8dea-58c0-b05c-5ddee9e29df6","RCIA-C-000288","img-explodeview","img-explodeview","raccourcia/explodeview","card:1dec8a9f-8dea-58c0-b05c-5ddee9e29df6","explodeview","eb665b54-33bd-5d60-9cff-cbd41ca6007e","uuid5_depuis_id_source","","rapprocher_id_source_puis_slug_et_enregistrer_correspondance"
"f6792704-e9aa-59d7-b8cf-d36caed87aa7","RCIA-C-000289","","","raccourcia/pointcloud","card:f6792704-e9aa-59d7-b8cf-d36caed87aa7","pointcloud","47b28c43-f75e-5252-89ff-e5d1bb0ab290","uuid5_depuis_cle_source","","rapprocher_id_source_puis_slug_et_enregistrer_correspondance"
"7bfb2971-1d9c-525c-a2a2-e65e2e8bb8db","RCIA-C-000290","","","raccourcia/reversecad","card:7bfb2971-1d9c-525c-a2a2-e65e2e8bb8db","reversecad","5dd77de2-8371-5bb0-b6e5-1bb95bf0b36f","uuid5_depuis_cle_source","","rapprocher_id_source_puis_slug_et_enregistrer_correspondance"
"d2d68c84-ae9b-582d-a71f-f55f695de94b","RCIA-C-000291","img-xray","img-xray","raccourcia/xray","card:d2d68c84-ae9b-582d-a71f-f55f695de94b","xray","83f69a68-7ab9-56cf-864e-8a3db7142a41","uuid5_depuis_id_source","","rapprocher_id_source_puis_slug_et_enregistrer_correspondance"
"192a147e-acb1-5ee8-a10c-37defd005669","RCIA-C-000292","img-comparisonvisual","img-comparisonvisual","raccourcia/comparisonvisual","card:192a147e-acb1-5ee8-a10c-37defd005669","comparisonvisual","33900d03-0cda-5c55-a4e3-b4cefc8668ae","uuid5_depuis_id_source","","rapprocher_id_source_puis_slug_et_enregistrer_correspondance"
"311596b0-2eac-5e44-9c64-435b228d0594","RCIA-C-000293","","","raccourcia/energypath","card:311596b0-2eac-5e44-9c64-435b228d0594","energypath","3657eaf2-c1b3-5ebe-b88f-5ae59c70fd53","uuid5_depuis_cle_source","","rapprocher_id_source_puis_slug_et_enregistrer_correspondance"
"408b450f-dd2a-5635-8fa8-26e1c3b68dd6","RCIA-C-000294","","","raccourcia/lightsetup","card:408b450f-dd2a-5635-8fa8-26e1c3b68dd6","lightsetup","e306cc7a-6401-503b-a67a-bd640b701251","uuid5_depuis_cle_source","","rapprocher_id_source_puis_slug_et_enregistrer_correspondance"
"0f5efe91-249d-5d08-96e0-ea1ad5464a42","RCIA-C-000295","","","raccourcia/servicepoints","card:0f5efe91-249d-5d08-96e0-ea1ad5464a42","servicepoints","ab8565fc-4991-5b0a-9339-28589a673d95","uuid5_depuis_cle_source","","rapprocher_id_source_puis_slug_et_enregistrer_correspondance"
"d3ee1527-93de-53f4-aede-555b50c187e8","RCIA-C-000296","img-thermalmap","img-thermalmap","raccourcia/thermalmap","card:d3ee1527-93de-53f4-aede-555b50c187e8","thermalmap","9551ddb6-177a-5147-aaaa-2281cf79738a","uuid5_depuis_id_source","","rapprocher_id_source_puis_slug_et_enregistrer_correspondance"
"c994bca5-5b7e-5777-8b3f-953c8c199e36","RCIA-C-000297","img-isometric","img-isometric","raccourcia/isometric","card:c994bca5-5b7e-5777-8b3f-953c8c199e36","isometric","8171218d-f9d9-5593-88ab-3f0c9cea5f2d","uuid5_depuis_id_source","","rapprocher_id_source_puis_slug_et_enregistrer_correspondance"
"4cbdcedf-75ed-53c7-be5f-6f919d5accde","RCIA-C-000298","img-luxmockup","img-luxmockup","raccourcia/luxmockup","card:4cbdcedf-75ed-53c7-be5f-6f919d5accde","luxmockup","690ec9bd-55bc-5b5d-8431-27dcfe7b32bd","uuid5_depuis_id_source","","rapprocher_id_source_puis_slug_et_enregistrer_correspondance"
"813eb82c-e91f-5f3f-9e79-31aaf14a8c8d","RCIA-C-000299","813eb82c-e91f-5f3f-9e79-31aaf14a8c8d","813eb82c-e91f-5f3f-9e79-31aaf14a8c8d","raccourcia/promptbuilder-prompt-de-controle","card:813eb82c-e91f-5f3f-9e79-31aaf14a8c8d","promptbuilder-prompt-de-controle","c735c3c8-7246-5b79-90df-55fec20a7697","uuid_conserve","","rapprocher_id_source_puis_slug_et_enregistrer_correspondance"
"b6b34f04-d74a-52b9-821c-90862136d87e","RCIA-C-000300","b6b34f04-d74a-52b9-821c-90862136d87e","b6b34f04-d74a-52b9-821c-90862136d87e","raccourcia/audienceadapt-client-debutant","card:b6b34f04-d74a-52b9-821c-90862136d87e","audienceadapt-client-debutant","e258969c-eb38-5876-bfc8-a64edf8001bb","uuid_conserve","","rapprocher_id_source_puis_slug_et_enregistrer_correspondance"
"b1312d83-0599-509a-bc18-64fe4bdb0be1","RCIA-C-000301","b1312d83-0599-509a-bc18-64fe4bdb0be1","b1312d83-0599-509a-bc18-64fe4bdb0be1","raccourcia/ivorianvoice-annonce-de-maquis","card:b1312d83-0599-509a-bc18-64fe4bdb0be1","ivorianvoice-annonce-de-maquis","e7910026-34ff-5ad6-88b4-051e9b929aad","uuid_conserve","","rapprocher_id_source_puis_slug_et_enregistrer_correspondance"
"7371a273-53c9-5196-a45d-4472055f2cdc","RCIA-C-000302","7371a273-53c9-5196-a45d-4472055f2cdc","7371a273-53c9-5196-a45d-4472055f2cdc","raccourcia/brandstory-manifeste","card:7371a273-53c9-5196-a45d-4472055f2cdc","brandstory-manifeste","201fbd10-47ed-52e8-b6c8-b5018155fd1c","uuid_conserve","","rapprocher_id_source_puis_slug_et_enregistrer_correspondance"
"899ae210-bed8-50be-96b1-dcf1bb0d5015","RCIA-C-000303","899ae210-bed8-50be-96b1-dcf1bb0d5015","899ae210-bed8-50be-96b1-dcf1bb0d5015","raccourcia/carouseltext-carrousel-commercial","card:899ae210-bed8-50be-96b1-dcf1bb0d5015","carouseltext-carrousel-commercial","3a1ff1da-9edd-5647-a25a-8162e65c2d7a","uuid_conserve","","rapprocher_id_source_puis_slug_et_enregistrer_correspondance"
"7adc2883-34e5-5128-9ef4-143bd4e54357","RCIA-C-000304","7adc2883-34e5-5128-9ef4-143bd4e54357","7adc2883-34e5-5128-9ef4-143bd4e54357","raccourcia/email-e-mail-professionnel","card:7adc2883-34e5-5128-9ef4-143bd4e54357","email-e-mail-professionnel","35046839-69b1-5500-8ad7-942b2e492131","uuid_conserve","","rapprocher_id_source_puis_slug_et_enregistrer_correspondance"
"a264fcc4-4f37-5d67-9760-47bf653128a4","RCIA-C-000305","a264fcc4-4f37-5d67-9760-47bf653128a4","a264fcc4-4f37-5d67-9760-47bf653128a4","raccourcia/launchmicrocopy-le-formulaire-rassurant","card:a264fcc4-4f37-5d67-9760-47bf653128a4","launchmicrocopy-le-formulaire-rassurant","e1a68bd4-1f3c-50c7-8013-1baaf2c6bf47","uuid_conserve","","rapprocher_id_source_puis_slug_et_enregistrer_correspondance"
"aec72798-b9b5-5608-8ae3-5570d3df9ac4","RCIA-C-000306","aec72798-b9b5-5608-8ae3-5570d3df9ac4","aec72798-b9b5-5608-8ae3-5570d3df9ac4","raccourcia/adscript-ugc-demonstration","card:aec72798-b9b5-5608-8ae3-5570d3df9ac4","adscript-ugc-demonstration","353f748e-dee4-55d9-a0a8-629327f881a6","uuid_conserve","","rapprocher_id_source_puis_slug_et_enregistrer_correspondance"
"0438ddba-29cc-55e7-9993-50efd666a698","RCIA-C-000307","0438ddba-29cc-55e7-9993-50efd666a698","0438ddba-29cc-55e7-9993-50efd666a698","raccourcia/dmcommerce-de-la-demande-au-devis","card:0438ddba-29cc-55e7-9993-50efd666a698","dmcommerce-de-la-demande-au-devis","a4efeddd-7aaa-5271-b4b8-c84e2ef574c3","uuid_conserve","","rapprocher_id_source_puis_slug_et_enregistrer_correspondance"
"23430f81-8f33-5583-93cc-2dff2dfef86c","RCIA-C-000308","23430f81-8f33-5583-93cc-2dff2dfef86c","23430f81-8f33-5583-93cc-2dff2dfef86c","raccourcia/businessplan-lean-canvas","card:23430f81-8f33-5583-93cc-2dff2dfef86c","businessplan-lean-canvas","c727529f-ffa8-5707-9125-b0fed6542de4","uuid_conserve","","rapprocher_id_source_puis_slug_et_enregistrer_correspondance"
"a2e7cbb4-50b7-5c82-b6d9-4eb62ffada8e","RCIA-C-000309","a2e7cbb4-50b7-5c82-b6d9-4eb62ffada8e","a2e7cbb4-50b7-5c82-b6d9-4eb62ffada8e","raccourcia/dataaudit-analyse-exploratoire","card:a2e7cbb4-50b7-5c82-b6d9-4eb62ffada8e","dataaudit-analyse-exploratoire","5130ff92-057b-5190-8c9e-e27df38980c0","uuid_conserve","","rapprocher_id_source_puis_slug_et_enregistrer_correspondance"
"b8433603-7661-5b34-8a5c-0dca09f1f746","RCIA-C-000310","b8433603-7661-5b34-8a5c-0dca09f1f746","b8433603-7661-5b34-8a5c-0dca09f1f746","raccourcia/recallkit-le-plan-de-revision-espace","card:b8433603-7661-5b34-8a5c-0dca09f1f746","recallkit-le-plan-de-revision-espace","3325fabd-35fe-5c79-8395-fc7f77e2af61","uuid_conserve","","rapprocher_id_source_puis_slug_et_enregistrer_correspondance"
"ad70558f-78a7-55cd-85cd-e7ba2b0ce295","RCIA-C-000311","ad70558f-78a7-55cd-85cd-e7ba2b0ce295","ad70558f-78a7-55cd-85cd-e7ba2b0ce295","raccourcia/marketstudy-carte-concurrentielle","card:ad70558f-78a7-55cd-85cd-e7ba2b0ce295","marketstudy-carte-concurrentielle","90a63677-f918-5762-b793-6746b5d3fe45","uuid_conserve","","rapprocher_id_source_puis_slug_et_enregistrer_correspondance"
"d54b5246-01eb-510c-86f8-2d1679985a68","RCIA-C-000312","d54b5246-01eb-510c-86f8-2d1679985a68","d54b5246-01eb-510c-86f8-2d1679985a68","raccourcia/executivebrief-brief-oral-90-secondes","card:d54b5246-01eb-510c-86f8-2d1679985a68","executivebrief-brief-oral-90-secondes","1d0c23cd-2efe-599f-ba9f-978ec9751855","uuid_conserve","","rapprocher_id_source_puis_slug_et_enregistrer_correspondance"
"1c34cab8-5712-510c-b43b-374c235bb446","RCIA-C-000313","1c34cab8-5712-510c-b43b-374c235bb446","1c34cab8-5712-510c-b43b-374c235bb446","raccourcia/cv-cv-ats","card:1c34cab8-5712-510c-b43b-374c235bb446","cv-cv-ats","74818b7d-6889-52a4-b328-281a8a11da02","uuid_conserve","","rapprocher_id_source_puis_slug_et_enregistrer_correspondance"
"2649e6c5-6c17-5301-b67b-e4d1d44472fb","RCIA-C-000314","2649e6c5-6c17-5301-b67b-e4d1d44472fb","2649e6c5-6c17-5301-b67b-e4d1d44472fb","raccourcia/pitchdeck-pitch-investisseur","card:2649e6c5-6c17-5301-b67b-e4d1d44472fb","pitchdeck-pitch-investisseur","5bad4966-84b4-574c-944b-11f2ef527718","uuid_conserve","","rapprocher_id_source_puis_slug_et_enregistrer_correspondance"
"ccd652dc-0f37-5ec1-9071-0b2bef930bc3","RCIA-C-000315","ccd652dc-0f37-5ec1-9071-0b2bef930bc3","ccd652dc-0f37-5ec1-9071-0b2bef930bc3","raccourcia/projectplan-cahier-des-charges","card:ccd652dc-0f37-5ec1-9071-0b2bef930bc3","projectplan-cahier-des-charges","c787ac38-9bc5-58f4-b8f7-620141c64ebe","uuid_conserve","","rapprocher_id_source_puis_slug_et_enregistrer_correspondance"
"fdb98b41-c4b1-5768-bb27-e4ce9e1a0fd2","RCIA-C-000316","fdb98b41-c4b1-5768-bb27-e4ce9e1a0fd2","fdb98b41-c4b1-5768-bb27-e4ce9e1a0fd2","raccourcia/localdeliverable-devis-structure","card:fdb98b41-c4b1-5768-bb27-e4ce9e1a0fd2","localdeliverable-devis-structure","4f3d9e2a-23dd-5418-9d48-3816afb08572","uuid_conserve","","rapprocher_id_source_puis_slug_et_enregistrer_correspondance"
"ab6ab9fd-6415-56c5-96fa-cfe1f43eed6a","RCIA-C-000317","ab6ab9fd-6415-56c5-96fa-cfe1f43eed6a","ab6ab9fd-6415-56c5-96fa-cfe1f43eed6a","raccourcia/meetingnotes-decisions-et-actions","card:ab6ab9fd-6415-56c5-96fa-cfe1f43eed6a","meetingnotes-decisions-et-actions","639d5fd6-0b1c-567c-8e03-bd2a5098e5cb","uuid_conserve","","rapprocher_id_source_puis_slug_et_enregistrer_correspondance"
"2f29dc54-7880-5df7-96ef-74cfb458f3dc","RCIA-C-000318","2f29dc54-7880-5df7-96ef-74cfb458f3dc","2f29dc54-7880-5df7-96ef-74cfb458f3dc","raccourcia/historydialogue-conseil-d-epoque","card:2f29dc54-7880-5df7-96ef-74cfb458f3dc","historydialogue-conseil-d-epoque","21c9aab5-bbe0-53c5-a85c-9b1ddce5a265","uuid_conserve","","rapprocher_id_source_puis_slug_et_enregistrer_correspondance"
"c95cbe55-59fa-5784-ba50-97f0f3dd2a5c","RCIA-C-000319","c95cbe55-59fa-5784-ba50-97f0f3dd2a5c","c95cbe55-59fa-5784-ba50-97f0f3dd2a5c","raccourcia/batmandialogue-debrief-de-crise","card:c95cbe55-59fa-5784-ba50-97f0f3dd2a5c","batmandialogue-debrief-de-crise","9b7534b9-3819-5a52-961a-0f974a48b27d","uuid_conserve","","rapprocher_id_source_puis_slug_et_enregistrer_correspondance"
"2ddb9e74-445c-5e2e-a4a3-bb1f2c49b3cc","RCIA-C-000320","2ddb9e74-445c-5e2e-a4a3-bb1f2c49b3cc","2ddb9e74-445c-5e2e-a4a3-bb1f2c49b3cc","raccourcia/scientistdialogue-einstein-inspire","card:2ddb9e74-445c-5e2e-a4a3-bb1f2c49b3cc","scientistdialogue-einstein-inspire","7dcb30b2-46ab-51b4-b294-d1f4b9611c52","uuid_conserve","","rapprocher_id_source_puis_slug_et_enregistrer_correspondance"
"ba2d7c6a-8ce3-5aa6-892c-a5bcc7cb98aa","RCIA-C-000321","ba2d7c6a-8ce3-5aa6-892c-a5bcc7cb98aa","ba2d7c6a-8ce3-5aa6-892c-a5bcc7cb98aa","raccourcia/africanvoices-griot-original","card:ba2d7c6a-8ce3-5aa6-892c-a5bcc7cb98aa","africanvoices-griot-original","34a83aad-a8b5-5d9b-9fc4-346484949901","uuid_conserve","","rapprocher_id_source_puis_slug_et_enregistrer_correspondance"
"88d0f910-0989-5360-810a-390352af3a79","RCIA-C-000322","88d0f910-0989-5360-810a-390352af3a79","88d0f910-0989-5360-810a-390352af3a79","raccourcia/wednesdaydialogue-critique-sans-detour","card:88d0f910-0989-5360-810a-390352af3a79","wednesdaydialogue-critique-sans-detour","61884905-72e5-5320-bdcd-e64c91864a40","uuid_conserve","","rapprocher_id_source_puis_slug_et_enregistrer_correspondance"
"70f68ac5-f5d3-5151-9290-0d190dd534d0","RCIA-C-000323","70f68ac5-f5d3-5151-9290-0d190dd534d0","70f68ac5-f5d3-5151-9290-0d190dd534d0","raccourcia/homerdialogue-idee-absurde-utile","card:70f68ac5-f5d3-5151-9290-0d190dd534d0","homerdialogue-idee-absurde-utile","dafe3b77-7583-5839-896a-823d9c31524a","uuid_conserve","","rapprocher_id_source_puis_slug_et_enregistrer_correspondance"
"bd10ffe9-c190-5096-997c-0ed88088dd5c","RCIA-C-000324","bd10ffe9-c190-5096-997c-0ed88088dd5c","bd10ffe9-c190-5096-997c-0ed88088dd5c","raccourcia/detectivedialogue-inspecteur-methodique","card:bd10ffe9-c190-5096-997c-0ed88088dd5c","detectivedialogue-inspecteur-methodique","7ef77e5f-8dad-5f46-be2b-942b23cebcd2","uuid_conserve","","rapprocher_id_source_puis_slug_et_enregistrer_correspondance"
"af0f3b2d-08ce-5ae5-bb2b-3a81406a5e79","RCIA-C-000325","af0f3b2d-08ce-5ae5-bb2b-3a81406a5e79","af0f3b2d-08ce-5ae5-bb2b-3a81406a5e79","raccourcia/socratic-clarifier-les-premisses","card:af0f3b2d-08ce-5ae5-bb2b-3a81406a5e79","socratic-clarifier-les-premisses","bb1ab581-2c60-598d-a98b-6f140b456274","uuid_conserve","","rapprocher_id_source_puis_slug_et_enregistrer_correspondance"
"4aef331e-f1f1-55b4-a228-7c09f5e2f20e","RCIA-C-000326","4aef331e-f1f1-55b4-a228-7c09f5e2f20e","4aef331e-f1f1-55b4-a228-7c09f5e2f20e","raccourcia/spockdialogue-decision-rationnelle","card:4aef331e-f1f1-55b4-a228-7c09f5e2f20e","spockdialogue-decision-rationnelle","4a493a33-d5a5-51b3-8b1f-91dd7c649c31","uuid_conserve","","rapprocher_id_source_puis_slug_et_enregistrer_correspondance"
"b4e8f4b0-ac02-51e5-a502-9d263a7edf1b","RCIA-C-000327","b4e8f4b0-ac02-51e5-a502-9d263a7edf1b","b4e8f4b0-ac02-51e5-a502-9d263a7edf1b","raccourcia/ideation-combinaisons-inattendues","card:b4e8f4b0-ac02-51e5-a502-9d263a7edf1b","ideation-combinaisons-inattendues","0e878a32-e0d6-5bea-997b-c3259b44da85","uuid_conserve","","rapprocher_id_source_puis_slug_et_enregistrer_correspondance"
"f20b7cfb-a206-539d-875a-4be5e3bbca53","RCIA-C-000328","f20b7cfb-a206-539d-875a-4be5e3bbca53","f20b7cfb-a206-539d-875a-4be5e3bbca53","raccourcia/criticalfriend-roast-utile","card:f20b7cfb-a206-539d-875a-4be5e3bbca53","criticalfriend-roast-utile","27289638-ac25-546d-8408-52ddd65f9c39","uuid_conserve","","rapprocher_id_source_puis_slug_et_enregistrer_correspondance"
"d38c1892-4d15-5346-8516-79a5f56891f7","RCIA-C-000329","d38c1892-4d15-5346-8516-79a5f56891f7","d38c1892-4d15-5346-8516-79a5f56891f7","raccourcia/decisionmatrix-matrice-guidee","card:d38c1892-4d15-5346-8516-79a5f56891f7","decisionmatrix-matrice-guidee","7d45a5d6-08ad-5076-9da8-d96801195237","uuid_conserve","","rapprocher_id_source_puis_slug_et_enregistrer_correspondance"
"d9e6c602-85c0-5aab-8450-0c6ede347506","RCIA-C-000330","d9e6c602-85c0-5aab-8450-0c6ede347506","d9e6c602-85c0-5aab-8450-0c6ede347506","raccourcia/designcritic-critique-visuelle","card:d9e6c602-85c0-5aab-8450-0c6ede347506","designcritic-critique-visuelle","ba4600b8-640b-5d23-ba82-3d3abc95a382","uuid_conserve","","rapprocher_id_source_puis_slug_et_enregistrer_correspondance"
"08cbcc26-a0c0-542f-99fb-4d33e92749bf","RCIA-C-000331","08cbcc26-a0c0-542f-99fb-4d33e92749bf","08cbcc26-a0c0-542f-99fb-4d33e92749bf","raccourcia/adventuregame-conte-participatif","card:08cbcc26-a0c0-542f-99fb-4d33e92749bf","adventuregame-conte-participatif","876edbc7-215c-590d-8b73-ae6c259e7f51","uuid_conserve","","rapprocher_id_source_puis_slug_et_enregistrer_correspondance"
"4f8ff271-391d-5d58-a82b-8e106237eb5b","RCIA-C-000332","4f8ff271-391d-5d58-a82b-8e106237eb5b","4f8ff271-391d-5d58-a82b-8e106237eb5b","raccourcia/lagoonmystery-le-billet-du-bateau","card:4f8ff271-391d-5d58-a82b-8e106237eb5b","lagoonmystery-le-billet-du-bateau","b4ea857e-a642-5e45-ba2c-5bacca0c6bc9","uuid_conserve","","rapprocher_id_source_puis_slug_et_enregistrer_correspondance"
"dc64a29a-8f16-55f6-9a2c-de64d03633cc","RCIA-C-000333","dc64a29a-8f16-55f6-9a2c-de64d03633cc","dc64a29a-8f16-55f6-9a2c-de64d03633cc","raccourcia/campusescape-la-salle-sans-reseau","card:dc64a29a-8f16-55f6-9a2c-de64d03633cc","campusescape-la-salle-sans-reseau","00b695e3-c3cd-5a06-979b-0bbb2e5d89bf","uuid_conserve","","rapprocher_id_source_puis_slug_et_enregistrer_correspondance"
"2eec1aef-7433-5751-8be1-15b1a5322e58","RCIA-C-000334","2eec1aef-7433-5751-8be1-15b1a5322e58","2eec1aef-7433-5751-8be1-15b1a5322e58","raccourcia/althistory-conseil-de-crise-historique","card:2eec1aef-7433-5751-8be1-15b1a5322e58","althistory-conseil-de-crise-historique","2822247b-5d91-5516-b094-2576ff92fc8a","uuid_conserve","","rapprocher_id_source_puis_slug_et_enregistrer_correspondance"
"b912354f-ef82-5b83-81bc-24393273403b","RCIA-C-000335","b912354f-ef82-5b83-81bc-24393273403b","b912354f-ef82-5b83-81bc-24393273403b","raccourcia/riddlegame-logique","card:b912354f-ef82-5b83-81bc-24393273403b","riddlegame-logique","c425a90d-76e2-5064-bd3c-d12c29d8e441","uuid_conserve","","rapprocher_id_source_puis_slug_et_enregistrer_correspondance"
"5ed36340-3109-5239-a4cc-fa4d08264b2a","RCIA-C-000336","5ed36340-3109-5239-a4cc-fa4d08264b2a","5ed36340-3109-5239-a4cc-fa4d08264b2a","raccourcia/microbusinessgame-la-campagne-a-petit-budget","card:5ed36340-3109-5239-a4cc-fa4d08264b2a","microbusinessgame-la-campagne-a-petit-budget","f0fe60bf-ea3c-5574-9690-c4fe11f526da","uuid_conserve","","rapprocher_id_source_puis_slug_et_enregistrer_correspondance"
"a0e207c8-1838-544e-96d8-63e27cec87f3","RCIA-C-000337","a0e207c8-1838-544e-96d8-63e27cec87f3","a0e207c8-1838-544e-96d8-63e27cec87f3","raccourcia/feedbackdojo-demander-une-precision","card:a0e207c8-1838-544e-96d8-63e27cec87f3","feedbackdojo-demander-une-precision","59550df6-0b82-51a7-8c1b-f4633544d6d5","uuid_conserve","","rapprocher_id_source_puis_slug_et_enregistrer_correspondance"
"3eadc5c9-7c44-581b-86a4-a616257aaf3e","RCIA-C-000338","3eadc5c9-7c44-581b-86a4-a616257aaf3e","3eadc5c9-7c44-581b-86a4-a616257aaf3e","raccourcia/negotiationgame-client-difficile","card:3eadc5c9-7c44-581b-86a4-a616257aaf3e","negotiationgame-client-difficile","a6df52d8-efb5-5a8c-b500-283c87964ca7","uuid_conserve","","rapprocher_id_source_puis_slug_et_enregistrer_correspondance"
"16e830c9-3235-559d-86cb-9fb4cda2d989","RCIA-C-000339","16e830c9-3235-559d-86cb-9fb4cda2d989","16e830c9-3235-559d-86cb-9fb4cda2d989","raccourcia/pitcharena-le-client-compare","card:16e830c9-3235-559d-86cb-9fb4cda2d989","pitcharena-le-client-compare","53daf235-c35a-54c7-9beb-bb2910515137","uuid_conserve","","rapprocher_id_source_puis_slug_et_enregistrer_correspondance"
"63ca3c7a-c919-5841-88a1-28c8fa475bb9","RCIA-C-000340","63ca3c7a-c919-5841-88a1-28c8fa475bb9","63ca3c7a-c919-5841-88a1-28c8fa475bb9","raccourcia/tutor-cours-socratique","card:63ca3c7a-c919-5841-88a1-28c8fa475bb9","tutor-cours-socratique","74f92779-e3c8-57db-826f-2d2bd5437f2a","uuid_conserve","","rapprocher_id_source_puis_slug_et_enregistrer_correspondance"
"bd8de7b4-10e4-513c-b9f6-462a1944c9fb","RCIA-C-000341","bd8de7b4-10e4-513c-b9f6-462a1944c9fb","bd8de7b4-10e4-513c-b9f6-462a1944c9fb","raccourcia/hrcoach-entretien-manager","card:bd8de7b4-10e4-513c-b9f6-462a1944c9fb","hrcoach-entretien-manager","a72cff2a-9938-5cb8-b7d8-a553c85bf538","uuid_conserve","","rapprocher_id_source_puis_slug_et_enregistrer_correspondance"
"69dd56a6-75d9-591d-9659-55b388a8296c","RCIA-C-000342","69dd56a6-75d9-591d-9659-55b388a8296c","69dd56a6-75d9-591d-9659-55b388a8296c","raccourcia/organizer-deblocage","card:69dd56a6-75d9-591d-9659-55b388a8296c","organizer-deblocage","c362044e-e8ed-5d80-b10d-d1d15872322e","uuid_conserve","","rapprocher_id_source_puis_slug_et_enregistrer_correspondance"
"86e1710c-54b8-55c7-aad3-017b069c8a2d","RCIA-C-000343","86e1710c-54b8-55c7-aad3-017b069c8a2d","86e1710c-54b8-55c7-aad3-017b069c8a2d","raccourcia/businessmentor-choix-de-modele","card:86e1710c-54b8-55c7-aad3-017b069c8a2d","businessmentor-choix-de-modele","21a550ad-049f-51ac-8235-7a07fe1dcbf2","uuid_conserve","","rapprocher_id_source_puis_slug_et_enregistrer_correspondance"
"dd1ad449-d5cf-56ce-b503-a6632b351974","RCIA-C-000344","dd1ad449-d5cf-56ce-b503-a6632b351974","dd1ad449-d5cf-56ce-b503-a6632b351974","raccourcia/devcoach-apprentissage-code","card:dd1ad449-d5cf-56ce-b503-a6632b351974","devcoach-apprentissage-code","f5ce260e-a57b-58bc-a995-ee4c998607dd","uuid_conserve","","rapprocher_id_source_puis_slug_et_enregistrer_correspondance"
"735b71bf-7b99-5bca-b263-8233f6b4a2cb","RCIA-C-000345","735b71bf-7b99-5bca-b263-8233f6b4a2cb","735b71bf-7b99-5bca-b263-8233f6b4a2cb","raccourcia/legalassistant-lecture-guidee","card:735b71bf-7b99-5bca-b263-8233f6b4a2cb","legalassistant-lecture-guidee","0c7cdec6-605e-54ac-96b7-923fd5619d52","uuid_conserve","","rapprocher_id_source_puis_slug_et_enregistrer_correspondance"
"97b07192-88c7-5898-8ce3-b2d47d17e67e","RCIA-C-000346","97b07192-88c7-5898-8ce3-b2d47d17e67e","97b07192-88c7-5898-8ce3-b2d47d17e67e","raccourcia/visualdetective-l-objet-intrus","card:97b07192-88c7-5898-8ce3-b2d47d17e67e","visualdetective-l-objet-intrus","49e9b336-c126-5480-85b3-e8e1f43f2a05","uuid_conserve","","rapprocher_id_source_puis_slug_et_enregistrer_correspondance"
"e7687335-e42f-5402-b1be-05fcb4e69f77","RCIA-C-000347","e7687335-e42f-5402-b1be-05fcb4e69f77","e7687335-e42f-5402-b1be-05fcb4e69f77","raccourcia/projectmanager-cadrage-projet","card:e7687335-e42f-5402-b1be-05fcb4e69f77","projectmanager-cadrage-projet","0e17e03b-05df-5401-a356-79dc34b9235c","uuid_conserve","","rapprocher_id_source_puis_slug_et_enregistrer_correspondance"
"a9f60c05-2242-5025-83c3-b0860bfa0672","RCIA-C-000348","a9f60c05-2242-5025-83c3-b0860bfa0672","a9f60c05-2242-5025-83c3-b0860bfa0672","raccourcia/researchassistant-protocole","card:a9f60c05-2242-5025-83c3-b0860bfa0672","researchassistant-protocole","2857e3a0-7675-5d14-9934-1c9cc9f14191","uuid_conserve","","rapprocher_id_source_puis_slug_et_enregistrer_correspondance"
"ee7de373-b149-59ab-9aa8-eeafda62d74b","RCIA-C-000349","ee7de373-b149-59ab-9aa8-eeafda62d74b","ee7de373-b149-59ab-9aa8-eeafda62d74b","raccourcia/accountingcoach-cloture-accompagnee","card:ee7de373-b149-59ab-9aa8-eeafda62d74b","accountingcoach-cloture-accompagnee","839ea3af-c557-5740-93b9-4db1629926c1","uuid_conserve","","rapprocher_id_source_puis_slug_et_enregistrer_correspondance"
"0db5673c-0056-56f3-9e57-85a25613dc61","RCIA-C-000350","0db5673c-0056-56f3-9e57-85a25613dc61","","raccourcia/heritageportrait-baoule-elegance-de-cour","card:0db5673c-0056-56f3-9e57-85a25613dc61","heritageportrait-baoule-elegance-de-cour","51afc2d2-7d7d-556a-b4d8-1938467157f7","uuid_conserve","","upsert_par_card_id_du_catalogue"
"bb228f81-9074-5633-9242-2d85b306d848","RCIA-C-000351","bb228f81-9074-5633-9242-2d85b306d848","","raccourcia/heritageportrait-gouro-rencontre-a-l-atelier","card:bb228f81-9074-5633-9242-2d85b306d848","heritageportrait-gouro-rencontre-a-l-atelier","51afc2d2-7d7d-556a-b4d8-1938467157f7","uuid_conserve","","upsert_par_card_id_du_catalogue"
"a055694b-5358-5977-9272-29e7c7e42121","RCIA-C-000352","a055694b-5358-5977-9272-29e7c7e42121","","raccourcia/heritageportrait-senoufo-coton-et-terre-claire","card:a055694b-5358-5977-9272-29e7c7e42121","heritageportrait-senoufo-coton-et-terre-claire","51afc2d2-7d7d-556a-b4d8-1938467157f7","uuid_conserve","","upsert_par_card_id_du_catalogue"
"da3964fd-cc1d-52d6-a8c2-3e2f601d84f4","RCIA-C-000353","da3964fd-cc1d-52d6-a8c2-3e2f601d84f4","","raccourcia/heritageportrait-malinke-etoffe-de-fete","card:da3964fd-cc1d-52d6-a8c2-3e2f601d84f4","heritageportrait-malinke-etoffe-de-fete","51afc2d2-7d7d-556a-b4d8-1938467157f7","uuid_conserve","","upsert_par_card_id_du_catalogue"
"d50a422f-2d97-5fa8-826b-1eeb54cda028","RCIA-C-000354","d50a422f-2d97-5fa8-826b-1eeb54cda028","","raccourcia/heritageportrait-faso-dan-fani-atelier-de-ouagadougou","card:d50a422f-2d97-5fa8-826b-1eeb54cda028","heritageportrait-faso-dan-fani-atelier-de-ouagadougou","51afc2d2-7d7d-556a-b4d8-1938467157f7","uuid_conserve","","upsert_par_card_id_du_catalogue"
"0b3d39fc-5770-53cc-8c9f-6cce74b1dfa3","RCIA-C-000355","0b3d39fc-5770-53cc-8c9f-6cce74b1dfa3","","raccourcia/heritageportrait-bobo-portrait-de-transmission","card:0b3d39fc-5770-53cc-8c9f-6cce74b1dfa3","heritageportrait-bobo-portrait-de-transmission","51afc2d2-7d7d-556a-b4d8-1938467157f7","uuid_conserve","","upsert_par_card_id_du_catalogue"
"cf2ab047-716c-53e3-841e-55c830e48299","RCIA-C-000356","cf2ab047-716c-53e3-841e-55c830e48299","","raccourcia/heritageportrait-touareg-halte-dans-les-dunes","card:cf2ab047-716c-53e3-841e-55c830e48299","heritageportrait-touareg-halte-dans-les-dunes","51afc2d2-7d7d-556a-b4d8-1938467157f7","uuid_conserve","","upsert_par_card_id_du_catalogue"
"b4f9c102-8474-5365-9bc0-eee380732770","RCIA-C-000357","b4f9c102-8474-5365-9bc0-eee380732770","","raccourcia/heritageportrait-wolof-boubou-dans-le-patio","card:b4f9c102-8474-5365-9bc0-eee380732770","heritageportrait-wolof-boubou-dans-le-patio","51afc2d2-7d7d-556a-b4d8-1938467157f7","uuid_conserve","","upsert_par_card_id_du_catalogue"
"48171d6f-ad93-53d9-9622-aa2231d7a842","RCIA-C-000358","48171d6f-ad93-53d9-9622-aa2231d7a842","","raccourcia/heritageportrait-yoruba-elegance-de-ceremonie","card:48171d6f-ad93-53d9-9622-aa2231d7a842","heritageportrait-yoruba-elegance-de-ceremonie","51afc2d2-7d7d-556a-b4d8-1938467157f7","uuid_conserve","","upsert_par_card_id_du_catalogue"
"23dcf0c0-f76c-5f24-a160-472ec92240fc","RCIA-C-000359","23dcf0c0-f76c-5f24-a160-472ec92240fc","","raccourcia/heritageportrait-igbo-portrait-de-celebration","card:23dcf0c0-f76c-5f24-a160-472ec92240fc","heritageportrait-igbo-portrait-de-celebration","51afc2d2-7d7d-556a-b4d8-1938467157f7","uuid_conserve","","upsert_par_card_id_du_catalogue"
"a0ae24a5-2c87-5b16-9e45-83bf243c268b","RCIA-C-000360","a0ae24a5-2c87-5b16-9e45-83bf243c268b","","raccourcia/heritageportrait-amazigh-argent-et-lumiere-d-atlas","card:a0ae24a5-2c87-5b16-9e45-83bf243c268b","heritageportrait-amazigh-argent-et-lumiere-d-atlas","51afc2d2-7d7d-556a-b4d8-1938467157f7","uuid_conserve","","upsert_par_card_id_du_catalogue"
"68b91deb-4151-5db8-9950-91cef6b5d80f","RCIA-C-000361","68b91deb-4151-5db8-9950-91cef6b5d80f","","raccourcia/heritageportrait-kabyle-broderies-en-terrasse","card:68b91deb-4151-5db8-9950-91cef6b5d80f","heritageportrait-kabyle-broderies-en-terrasse","51afc2d2-7d7d-556a-b4d8-1938467157f7","uuid_conserve","","upsert_par_card_id_du_catalogue"
"ce87b12e-2a1f-575a-93ed-9eb5e0c20ef9","RCIA-C-000362","ce87b12e-2a1f-575a-93ed-9eb5e0c20ef9","","raccourcia/heritageportrait-habesha-lumiere-blanche-de-fete","card:ce87b12e-2a1f-575a-93ed-9eb5e0c20ef9","heritageportrait-habesha-lumiere-blanche-de-fete","51afc2d2-7d7d-556a-b4d8-1938467157f7","uuid_conserve","","upsert_par_card_id_du_catalogue"
"cf48844b-dfa0-543b-99e7-f946daa5dbe2","RCIA-C-000363","cf48844b-dfa0-543b-99e7-f946daa5dbe2","","raccourcia/heritageportrait-russe-costume-de-fete-au-jardin","card:cf48844b-dfa0-543b-99e7-f946daa5dbe2","heritageportrait-russe-costume-de-fete-au-jardin","51afc2d2-7d7d-556a-b4d8-1938467157f7","uuid_conserve","","upsert_par_card_id_du_catalogue"
"53abe8f0-92aa-586b-a7a2-135ad0be1d24","RCIA-C-000364","53abe8f0-92aa-586b-a7a2-135ad0be1d24","","raccourcia/heritageportrait-chinois-hanfu-au-pavillon","card:53abe8f0-92aa-586b-a7a2-135ad0be1d24","heritageportrait-chinois-hanfu-au-pavillon","51afc2d2-7d7d-556a-b4d8-1938467157f7","uuid_conserve","","upsert_par_card_id_du_catalogue"
"d2028e4e-7ad1-5924-a7a3-f1262ec8f5e3","RCIA-C-000365","d2028e4e-7ad1-5924-a7a3-f1262ec8f5e3","","raccourcia/heritageportrait-japonais-kimono-au-jardin-de-pierre","card:d2028e4e-7ad1-5924-a7a3-f1262ec8f5e3","heritageportrait-japonais-kimono-au-jardin-de-pierre","51afc2d2-7d7d-556a-b4d8-1938467157f7","uuid_conserve","","upsert_par_card_id_du_catalogue"
"c9e0a9c1-114e-5184-80dd-323fd53cebe1","RCIA-C-000366","c9e0a9c1-114e-5184-80dd-323fd53cebe1","","raccourcia/heritageportrait-coreen-hanbok-dans-une-cour","card:c9e0a9c1-114e-5184-80dd-323fd53cebe1","heritageportrait-coreen-hanbok-dans-une-cour","51afc2d2-7d7d-556a-b4d8-1938467157f7","uuid_conserve","","upsert_par_card_id_du_catalogue"
"a0b36229-9031-5312-bdf5-fe33d96b889d","RCIA-C-000367","a0b36229-9031-5312-bdf5-fe33d96b889d","","raccourcia/heritageportrait-vietnamien-ao-dai-au-bord-de-l-eau","card:a0b36229-9031-5312-bdf5-fe33d96b889d","heritageportrait-vietnamien-ao-dai-au-bord-de-l-eau","51afc2d2-7d7d-556a-b4d8-1938467157f7","uuid_conserve","","upsert_par_card_id_du_catalogue"
"ad6154d6-f8f6-55fe-8809-41ff25108201","RCIA-C-000368","ad6154d6-f8f6-55fe-8809-41ff25108201","","raccourcia/heritageportrait-indonesien-kebaya-et-jardin-humide","card:ad6154d6-f8f6-55fe-8809-41ff25108201","heritageportrait-indonesien-kebaya-et-jardin-humide","51afc2d2-7d7d-556a-b4d8-1938467157f7","uuid_conserve","","upsert_par_card_id_du_catalogue"
"2a137669-eab3-5f24-9e19-cdb707b98277","RCIA-C-000369","2a137669-eab3-5f24-9e19-cdb707b98277","","raccourcia/heritageportrait-indien-tenue-de-fete-dans-le-patio","card:2a137669-eab3-5f24-9e19-cdb707b98277","heritageportrait-indien-tenue-de-fete-dans-le-patio","51afc2d2-7d7d-556a-b4d8-1938467157f7","uuid_conserve","","upsert_par_card_id_du_catalogue"
"e576b1cc-928d-5c66-b69e-5d022bbd458d","RCIA-C-000370","e576b1cc-928d-5c66-b69e-5d022bbd458d","","raccourcia/alteregoculture-mon-alter-ego-de-shanghai-librairie-nocturne","card:e576b1cc-928d-5c66-b69e-5d022bbd458d","alteregoculture-mon-alter-ego-de-shanghai-librairie-nocturne","61b48d6a-7dc2-541a-a7f8-a8838162c9a4","uuid_conserve","","upsert_par_card_id_du_catalogue"
"8723a3b5-90ae-5ad6-9a5e-da210c303935","RCIA-C-000371","8723a3b5-90ae-5ad6-9a5e-da210c303935","","raccourcia/alteregoculture-mon-alter-ego-de-pekin-cinema-de-quartier","card:8723a3b5-90ae-5ad6-9a5e-da210c303935","alteregoculture-mon-alter-ego-de-pekin-cinema-de-quartier","61b48d6a-7dc2-541a-a7f8-a8838162c9a4","uuid_conserve","","upsert_par_card_id_du_catalogue"
"b2309961-f681-5656-be5e-a907b00dfe28","RCIA-C-000372","b2309961-f681-5656-be5e-a907b00dfe28","","raccourcia/alteregoculture-mon-alter-ego-de-tokyo-disquaire","card:b2309961-f681-5656-be5e-a907b00dfe28","alteregoculture-mon-alter-ego-de-tokyo-disquaire","61b48d6a-7dc2-541a-a7f8-a8838162c9a4","uuid_conserve","","upsert_par_card_id_du_catalogue"
"7cd394d2-7a58-5010-ac24-80cbc0010d73","RCIA-C-000373","7cd394d2-7a58-5010-ac24-80cbc0010d73","","raccourcia/alteregoculture-mon-alter-ego-de-seoul-studio-ceramique","card:7cd394d2-7a58-5010-ac24-80cbc0010d73","alteregoculture-mon-alter-ego-de-seoul-studio-ceramique","61b48d6a-7dc2-541a-a7f8-a8838162c9a4","uuid_conserve","","upsert_par_card_id_du_catalogue"
"79cb34bb-3748-5664-9cbf-ca7020a4e2cb","RCIA-C-000374","79cb34bb-3748-5664-9cbf-ca7020a4e2cb","","raccourcia/alteregoculture-mon-alter-ego-de-moscou-tram-d-hiver","card:79cb34bb-3748-5664-9cbf-ca7020a4e2cb","alteregoculture-mon-alter-ego-de-moscou-tram-d-hiver","61b48d6a-7dc2-541a-a7f8-a8838162c9a4","uuid_conserve","","upsert_par_card_id_du_catalogue"
"4646017f-2b55-5885-9b66-4b2ee4cc95a1","RCIA-C-000375","4646017f-2b55-5885-9b66-4b2ee4cc95a1","","raccourcia/alteregoculture-mon-alter-ego-de-lisbonne-imprimeur","card:4646017f-2b55-5885-9b66-4b2ee4cc95a1","alteregoculture-mon-alter-ego-de-lisbonne-imprimeur","61b48d6a-7dc2-541a-a7f8-a8838162c9a4","uuid_conserve","","upsert_par_card_id_du_catalogue"
"e91777a2-79d0-560c-931b-bc0aa287f3c0","RCIA-C-000376","e91777a2-79d0-560c-931b-bc0aa287f3c0","","raccourcia/alteregoculture-mon-alter-ego-d-abidjan-couturier-de-nuit","card:e91777a2-79d0-560c-931b-bc0aa287f3c0","alteregoculture-mon-alter-ego-d-abidjan-couturier-de-nuit","61b48d6a-7dc2-541a-a7f8-a8838162c9a4","uuid_conserve","","upsert_par_card_id_du_catalogue"
"5b602436-fce8-5a9a-8c97-76c2632ed14d","RCIA-C-000377","5b602436-fce8-5a9a-8c97-76c2632ed14d","","raccourcia/alteregoculture-mon-alter-ego-de-dakar-radio-du-matin","card:5b602436-fce8-5a9a-8c97-76c2632ed14d","alteregoculture-mon-alter-ego-de-dakar-radio-du-matin","61b48d6a-7dc2-541a-a7f8-a8838162c9a4","uuid_conserve","","upsert_par_card_id_du_catalogue"
"eb238ce8-1ab9-5c1d-9ffa-85f8ac0e0d4a","RCIA-C-000378","eb238ce8-1ab9-5c1d-9ffa-85f8ac0e0d4a","","raccourcia/alteregoculture-mon-alter-ego-de-ouagadougou-projection-en-plein-air","card:eb238ce8-1ab9-5c1d-9ffa-85f8ac0e0d4a","alteregoculture-mon-alter-ego-de-ouagadougou-projection-en-plein-air","61b48d6a-7dc2-541a-a7f8-a8838162c9a4","uuid_conserve","","upsert_par_card_id_du_catalogue"
"0e67bb00-abcf-54e9-9372-1788996bfd16","RCIA-C-000379","0e67bb00-abcf-54e9-9372-1788996bfd16","","raccourcia/alteregoculture-mon-alter-ego-de-marrakech-photographe-de-cour","card:0e67bb00-abcf-54e9-9372-1788996bfd16","alteregoculture-mon-alter-ego-de-marrakech-photographe-de-cour","61b48d6a-7dc2-541a-a7f8-a8838162c9a4","uuid_conserve","","upsert_par_card_id_du_catalogue"
"bdab33d5-78c8-5f12-9b3a-91cefee01818","RCIA-C-000380","bdab33d5-78c8-5f12-9b3a-91cefee01818","","raccourcia/alteregoculture-mon-alter-ego-d-istanbul-atelier-d-affiches","card:bdab33d5-78c8-5f12-9b3a-91cefee01818","alteregoculture-mon-alter-ego-d-istanbul-atelier-d-affiches","61b48d6a-7dc2-541a-a7f8-a8838162c9a4","uuid_conserve","","upsert_par_card_id_du_catalogue"
"b61cafdf-911b-5472-ae38-1babb677eae7","RCIA-C-000381","b61cafdf-911b-5472-ae38-1babb677eae7","","raccourcia/alteregoculture-mon-alter-ego-de-mexico-boulanger-a-l-aube","card:b61cafdf-911b-5472-ae38-1babb677eae7","alteregoculture-mon-alter-ego-de-mexico-boulanger-a-l-aube","61b48d6a-7dc2-541a-a7f8-a8838162c9a4","uuid_conserve","","upsert_par_card_id_du_catalogue"
"dfda1e97-bd7f-536b-bae6-cc4f2984ff12","RCIA-C-000382","dfda1e97-bd7f-536b-bae6-cc4f2984ff12","","raccourcia/alteregoculture-mon-alter-ego-de-buenos-aires-libraire","card:dfda1e97-bd7f-536b-bae6-cc4f2984ff12","alteregoculture-mon-alter-ego-de-buenos-aires-libraire","61b48d6a-7dc2-541a-a7f8-a8838162c9a4","uuid_conserve","","upsert_par_card_id_du_catalogue"
"f57588ee-1ac6-5557-9bec-6a29e46ba1cb","RCIA-C-000383","f57588ee-1ac6-5557-9bec-6a29e46ba1cb","","raccourcia/alteregoculture-mon-alter-ego-de-mumbai-decorateur-de-plateau","card:f57588ee-1ac6-5557-9bec-6a29e46ba1cb","alteregoculture-mon-alter-ego-de-mumbai-decorateur-de-plateau","61b48d6a-7dc2-541a-a7f8-a8838162c9a4","uuid_conserve","","upsert_par_card_id_du_catalogue"
"a3b850e2-7beb-5182-ab26-d8ab1aea17a4","RCIA-C-000384","a3b850e2-7beb-5182-ab26-d8ab1aea17a4","","raccourcia/alteregoculture-mon-alter-ego-de-hanoi-cafe-sous-la-pluie","card:a3b850e2-7beb-5182-ab26-d8ab1aea17a4","alteregoculture-mon-alter-ego-de-hanoi-cafe-sous-la-pluie","61b48d6a-7dc2-541a-a7f8-a8838162c9a4","uuid_conserve","","upsert_par_card_id_du_catalogue"
"e04db4e8-ff76-5c00-a07e-8b72c60d4f69","RCIA-C-000385","e04db4e8-ff76-5c00-a07e-8b72c60d4f69","","raccourcia/alteregoculture-mon-alter-ego-de-jakarta-designer-de-nuit","card:e04db4e8-ff76-5c00-a07e-8b72c60d4f69","alteregoculture-mon-alter-ego-de-jakarta-designer-de-nuit","61b48d6a-7dc2-541a-a7f8-a8838162c9a4","uuid_conserve","","upsert_par_card_id_du_catalogue"
"6c6c814c-82ab-58ce-a663-48a053cc9aee","RCIA-C-000386","6c6c814c-82ab-58ce-a663-48a053cc9aee","","raccourcia/alteregoculture-mon-alter-ego-de-nairobi-jardin-sur-le-toit","card:6c6c814c-82ab-58ce-a663-48a053cc9aee","alteregoculture-mon-alter-ego-de-nairobi-jardin-sur-le-toit","61b48d6a-7dc2-541a-a7f8-a8838162c9a4","uuid_conserve","","upsert_par_card_id_du_catalogue"
"28084726-fcb6-5850-b8f0-430f35a84af8","RCIA-C-000387","28084726-fcb6-5850-b8f0-430f35a84af8","","raccourcia/alteregoculture-mon-alter-ego-d-accra-studio-sonore","card:28084726-fcb6-5850-b8f0-430f35a84af8","alteregoculture-mon-alter-ego-d-accra-studio-sonore","61b48d6a-7dc2-541a-a7f8-a8838162c9a4","uuid_conserve","","upsert_par_card_id_du_catalogue"
"891b6b50-74b7-51cd-a982-885994154392","RCIA-C-000388","891b6b50-74b7-51cd-a982-885994154392","","raccourcia/alteregoculture-mon-alter-ego-d-oslo-atelier-de-bois","card:891b6b50-74b7-51cd-a982-885994154392","alteregoculture-mon-alter-ego-d-oslo-atelier-de-bois","61b48d6a-7dc2-541a-a7f8-a8838162c9a4","uuid_conserve","","upsert_par_card_id_du_catalogue"
"a6df3848-7c42-5099-8d4b-3d21cf3a4628","RCIA-C-000389","a6df3848-7c42-5099-8d4b-3d21cf3a4628","","raccourcia/alteregoculture-mon-alter-ego-de-la-havane-reparateur-de-velos","card:a6df3848-7c42-5099-8d4b-3d21cf3a4628","alteregoculture-mon-alter-ego-de-la-havane-reparateur-de-velos","61b48d6a-7dc2-541a-a7f8-a8838162c9a4","uuid_conserve","","upsert_par_card_id_du_catalogue"
"47676c0c-7c6c-5c18-98e9-25e0f773572f","RCIA-C-000390","47676c0c-7c6c-5c18-98e9-25e0f773572f","","raccourcia/capitalportrait-paris-matin-sur-le-trocadero","card:47676c0c-7c6c-5c18-98e9-25e0f773572f","capitalportrait-paris-matin-sur-le-trocadero","46e8f36c-7c56-5ead-a75c-e1aef69e3d18","uuid_conserve","","upsert_par_card_id_du_catalogue"
"8ee7cb7e-7bf9-51da-80f7-bf3936943b1b","RCIA-C-000391","8ee7cb7e-7bf9-51da-80f7-bf3936943b1b","","raccourcia/capitalportrait-londres-rive-de-westminster","card:8ee7cb7e-7bf9-51da-80f7-bf3936943b1b","capitalportrait-londres-rive-de-westminster","46e8f36c-7c56-5ead-a75c-e1aef69e3d18","uuid_conserve","","upsert_par_card_id_du_catalogue"
"4a35e67e-5050-5704-85c6-d50cf3a21dc5","RCIA-C-000392","4a35e67e-5050-5704-85c6-d50cf3a21dc5","","raccourcia/capitalportrait-rome-pierre-chaude-du-colisee","card:4a35e67e-5050-5704-85c6-d50cf3a21dc5","capitalportrait-rome-pierre-chaude-du-colisee","46e8f36c-7c56-5ead-a75c-e1aef69e3d18","uuid_conserve","","upsert_par_card_id_du_catalogue"
"132c75ab-32a9-5aad-b81c-42c00c3bf9d0","RCIA-C-000393","132c75ab-32a9-5aad-b81c-42c00c3bf9d0","","raccourcia/capitalportrait-madrid-promenade-devant-le-palais","card:132c75ab-32a9-5aad-b81c-42c00c3bf9d0","capitalportrait-madrid-promenade-devant-le-palais","46e8f36c-7c56-5ead-a75c-e1aef69e3d18","uuid_conserve","","upsert_par_card_id_du_catalogue"
"6a8f6fe2-fdce-5ac6-9c1e-aacd33da288a","RCIA-C-000394","6a8f6fe2-fdce-5ac6-9c1e-aacd33da288a","","raccourcia/capitalportrait-lisbonne-terrasse-face-a-belem","card:6a8f6fe2-fdce-5ac6-9c1e-aacd33da288a","capitalportrait-lisbonne-terrasse-face-a-belem","46e8f36c-7c56-5ead-a75c-e1aef69e3d18","uuid_conserve","","upsert_par_card_id_du_catalogue"
"b3352396-1888-50d7-96dc-99281ad2421e","RCIA-C-000395","b3352396-1888-50d7-96dc-99281ad2421e","","raccourcia/capitalportrait-berlin-passage-sous-la-porte","card:b3352396-1888-50d7-96dc-99281ad2421e","capitalportrait-berlin-passage-sous-la-porte","46e8f36c-7c56-5ead-a75c-e1aef69e3d18","uuid_conserve","","upsert_par_card_id_du_catalogue"
"8e5a7eed-7a6b-524b-a28d-bc5bbbba0115","RCIA-C-000396","8e5a7eed-7a6b-524b-a28d-bc5bbbba0115","","raccourcia/capitalportrait-prague-aube-sur-le-pont-charles","card:8e5a7eed-7a6b-524b-a28d-bc5bbbba0115","capitalportrait-prague-aube-sur-le-pont-charles","46e8f36c-7c56-5ead-a75c-e1aef69e3d18","uuid_conserve","","upsert_par_card_id_du_catalogue"
"937fd60e-d005-5d1c-a6bc-9a387c8a919b","RCIA-C-000397","937fd60e-d005-5d1c-a6bc-9a387c8a919b","","raccourcia/capitalportrait-athenes-regard-vers-l-acropole","card:937fd60e-d005-5d1c-a6bc-9a387c8a919b","capitalportrait-athenes-regard-vers-l-acropole","46e8f36c-7c56-5ead-a75c-e1aef69e3d18","uuid_conserve","","upsert_par_card_id_du_catalogue"
"29761f7d-a0d0-5ea2-be60-0e077af8966e","RCIA-C-000398","29761f7d-a0d0-5ea2-be60-0e077af8966e","","raccourcia/capitalportrait-le-caire-terrasse-sur-le-nil","card:29761f7d-a0d0-5ea2-be60-0e077af8966e","capitalportrait-le-caire-terrasse-sur-le-nil","46e8f36c-7c56-5ead-a75c-e1aef69e3d18","uuid_conserve","","upsert_par_card_id_du_catalogue"
"c085e5a8-4240-513b-a505-c43dd6b09151","RCIA-C-000399","c085e5a8-4240-513b-a505-c43dd6b09151","","raccourcia/capitalportrait-dakar-corniche-atlantique","card:c085e5a8-4240-513b-a505-c43dd6b09151","capitalportrait-dakar-corniche-atlantique","46e8f36c-7c56-5ead-a75c-e1aef69e3d18","uuid_conserve","","upsert_par_card_id_du_catalogue"
"3373bf6a-4c2a-54c6-b21f-19690df6ac4e","RCIA-C-000400","3373bf6a-4c2a-54c6-b21f-19690df6ac4e","","raccourcia/capitalportrait-yamoussoukro-perspective-de-la-basilique","card:3373bf6a-4c2a-54c6-b21f-19690df6ac4e","capitalportrait-yamoussoukro-perspective-de-la-basilique","46e8f36c-7c56-5ead-a75c-e1aef69e3d18","uuid_conserve","","upsert_par_card_id_du_catalogue"
"780a9981-c7b4-5a21-a6a6-a727125cdbb2","RCIA-C-000401","780a9981-c7b4-5a21-a6a6-a727125cdbb2","","raccourcia/capitalportrait-accra-place-de-l-independance","card:780a9981-c7b4-5a21-a6a6-a727125cdbb2","capitalportrait-accra-place-de-l-independance","46e8f36c-7c56-5ead-a75c-e1aef69e3d18","uuid_conserve","","upsert_par_card_id_du_catalogue"
"578ede25-5591-56aa-b7d4-2e95434dbaac","RCIA-C-000402","578ede25-5591-56aa-b7d4-2e95434dbaac","","raccourcia/capitalportrait-rabat-promenade-pres-de-la-tour-hassan","card:578ede25-5591-56aa-b7d4-2e95434dbaac","capitalportrait-rabat-promenade-pres-de-la-tour-hassan","46e8f36c-7c56-5ead-a75c-e1aef69e3d18","uuid_conserve","","upsert_par_card_id_du_catalogue"
"f315877f-56f0-52e6-bda6-1fd539be8e5e","RCIA-C-000403","f315877f-56f0-52e6-bda6-1fd539be8e5e","","raccourcia/capitalportrait-tokyo-soir-face-a-la-tour-de-tokyo","card:f315877f-56f0-52e6-bda6-1fd539be8e5e","capitalportrait-tokyo-soir-face-a-la-tour-de-tokyo","46e8f36c-7c56-5ead-a75c-e1aef69e3d18","uuid_conserve","","upsert_par_card_id_du_catalogue"
"e6f5abd4-f8e9-5494-a373-cfcfd8a2322c","RCIA-C-000404","e6f5abd4-f8e9-5494-a373-cfcfd8a2322c","","raccourcia/capitalportrait-pekin-promenade-au-temple-du-ciel","card:e6f5abd4-f8e9-5494-a373-cfcfd8a2322c","capitalportrait-pekin-promenade-au-temple-du-ciel","46e8f36c-7c56-5ead-a75c-e1aef69e3d18","uuid_conserve","","upsert_par_card_id_du_catalogue"
"c1438e8e-c00a-5149-83cc-f6b6e83e7d04","RCIA-C-000405","c1438e8e-c00a-5149-83cc-f6b6e83e7d04","","raccourcia/capitalportrait-seoul-cour-de-gyeongbokgung","card:c1438e8e-c00a-5149-83cc-f6b6e83e7d04","capitalportrait-seoul-cour-de-gyeongbokgung","46e8f36c-7c56-5ead-a75c-e1aef69e3d18","uuid_conserve","","upsert_par_card_id_du_catalogue"
"f1bf63fd-3295-58da-b63e-167d13ea8520","RCIA-C-000406","f1bf63fd-3295-58da-b63e-167d13ea8520","","raccourcia/capitalportrait-bangkok-rive-face-a-wat-arun","card:f1bf63fd-3295-58da-b63e-167d13ea8520","capitalportrait-bangkok-rive-face-a-wat-arun","46e8f36c-7c56-5ead-a75c-e1aef69e3d18","uuid_conserve","","upsert_par_card_id_du_catalogue"
"a85bd0c5-49e1-5a6a-8a6f-de9a3b32b66f","RCIA-C-000407","a85bd0c5-49e1-5a6a-8a6f-de9a3b32b66f","","raccourcia/capitalportrait-new-delhi-promenade-a-india-gate","card:a85bd0c5-49e1-5a6a-8a6f-de9a3b32b66f","capitalportrait-new-delhi-promenade-a-india-gate","46e8f36c-7c56-5ead-a75c-e1aef69e3d18","uuid_conserve","","upsert_par_card_id_du_catalogue"
"a5c3bae5-b08e-5463-9b97-dcee11df0c75","RCIA-C-000408","a5c3bae5-b08e-5463-9b97-dcee11df0c75","","raccourcia/capitalportrait-washington-bassin-du-lincoln-memorial","card:a5c3bae5-b08e-5463-9b97-dcee11df0c75","capitalportrait-washington-bassin-du-lincoln-memorial","46e8f36c-7c56-5ead-a75c-e1aef69e3d18","uuid_conserve","","upsert_par_card_id_du_catalogue"
"c0778453-3c00-5c41-afcb-b3a62ea20338","RCIA-C-000409","c0778453-3c00-5c41-afcb-b3a62ea20338","","raccourcia/capitalportrait-brasilia-esplanade-contemporaine","card:c0778453-3c00-5c41-afcb-b3a62ea20338","capitalportrait-brasilia-esplanade-contemporaine","46e8f36c-7c56-5ead-a75c-e1aef69e3d18","uuid_conserve","","upsert_par_card_id_du_catalogue"
"4af7c577-b3d8-58b3-9f1b-397b5aaf1c01","RCIA-C-000410","4af7c577-b3d8-58b3-9f1b-397b5aaf1c01","","raccourcia/escapeportrait-abidjan-lagune-depuis-le-plateau","card:4af7c577-b3d8-58b3-9f1b-397b5aaf1c01","escapeportrait-abidjan-lagune-depuis-le-plateau","00b6e77d-24a9-578a-ba3e-3a58eaa4cfb6","uuid_conserve","","upsert_par_card_id_du_catalogue"
"cfd104c3-7a2b-53a4-b1dd-2f67dafcadcf","RCIA-C-000411","cfd104c3-7a2b-53a4-b1dd-2f67dafcadcf","","raccourcia/escapeportrait-grand-bassam-facade-patinee","card:cfd104c3-7a2b-53a4-b1dd-2f67dafcadcf","escapeportrait-grand-bassam-facade-patinee","00b6e77d-24a9-578a-ba3e-3a58eaa4cfb6","uuid_conserve","","upsert_par_card_id_du_catalogue"
"cc9ab1de-0b83-5c02-ae95-7e6966c7018d","RCIA-C-000412","cc9ab1de-0b83-5c02-ae95-7e6966c7018d","","raccourcia/escapeportrait-assinie-bord-de-lagune-au-reveil","card:cc9ab1de-0b83-5c02-ae95-7e6966c7018d","escapeportrait-assinie-bord-de-lagune-au-reveil","00b6e77d-24a9-578a-ba3e-3a58eaa4cfb6","uuid_conserve","","upsert_par_card_id_du_catalogue"
"58fd3824-745b-5234-ad70-e1e418a88f85","RCIA-C-000413","58fd3824-745b-5234-ad70-e1e418a88f85","","raccourcia/escapeportrait-san-pedro-promenade-cotiere","card:58fd3824-745b-5234-ad70-e1e418a88f85","escapeportrait-san-pedro-promenade-cotiere","00b6e77d-24a9-578a-ba3e-3a58eaa4cfb6","uuid_conserve","","upsert_par_card_id_du_catalogue"
"a450ec4d-7576-5634-9a04-7d8293a78f81","RCIA-C-000414","a450ec4d-7576-5634-9a04-7d8293a78f81","","raccourcia/escapeportrait-korhogo-atelier-a-ciel-ouvert","card:a450ec4d-7576-5634-9a04-7d8293a78f81","escapeportrait-korhogo-atelier-a-ciel-ouvert","00b6e77d-24a9-578a-ba3e-3a58eaa4cfb6","uuid_conserve","","upsert_par_card_id_du_catalogue"
"4944d616-2e99-5730-911e-58f998004653","RCIA-C-000415","4944d616-2e99-5730-911e-58f998004653","","raccourcia/escapeportrait-bobo-dioulasso-rue-apres-la-pluie","card:4944d616-2e99-5730-911e-58f998004653","escapeportrait-bobo-dioulasso-rue-apres-la-pluie","00b6e77d-24a9-578a-ba3e-3a58eaa4cfb6","uuid_conserve","","upsert_par_card_id_du_catalogue"
"1f6cb841-5646-5e5c-ba03-55d2a4cbabb1","RCIA-C-000416","1f6cb841-5646-5e5c-ba03-55d2a4cbabb1","","raccourcia/escapeportrait-marrakech-toit-au-coucher-du-soleil","card:1f6cb841-5646-5e5c-ba03-55d2a4cbabb1","escapeportrait-marrakech-toit-au-coucher-du-soleil","00b6e77d-24a9-578a-ba3e-3a58eaa4cfb6","uuid_conserve","","upsert_par_card_id_du_catalogue"
"8ba66807-6cfc-54af-9478-e2600b05c8af","RCIA-C-000417","8ba66807-6cfc-54af-9478-e2600b05c8af","","raccourcia/escapeportrait-zanzibar-porte-sculptee-de-stone-town","card:8ba66807-6cfc-54af-9478-e2600b05c8af","escapeportrait-zanzibar-porte-sculptee-de-stone-town","00b6e77d-24a9-578a-ba3e-3a58eaa4cfb6","uuid_conserve","","upsert_par_card_id_du_catalogue"
"25af8cc3-41d8-5acc-bfc1-3bee2e7fdd80","RCIA-C-000418","25af8cc3-41d8-5acc-bfc1-3bee2e7fdd80","","raccourcia/escapeportrait-le-cap-vent-face-a-table-mountain","card:25af8cc3-41d8-5acc-bfc1-3bee2e7fdd80","escapeportrait-le-cap-vent-face-a-table-mountain","00b6e77d-24a9-578a-ba3e-3a58eaa4cfb6","uuid_conserve","","upsert_par_card_id_du_catalogue"
"f6c8b770-b9f3-5b43-a67c-057e618e14cd","RCIA-C-000419","f6c8b770-b9f3-5b43-a67c-057e618e14cd","","raccourcia/escapeportrait-louxor-colonnes-a-l-heure-bleue","card:f6c8b770-b9f3-5b43-a67c-057e618e14cd","escapeportrait-louxor-colonnes-a-l-heure-bleue","00b6e77d-24a9-578a-ba3e-3a58eaa4cfb6","uuid_conserve","","upsert_par_card_id_du_catalogue"
"09354ab3-9504-5223-8276-d8c2dcc20ff1","RCIA-C-000420","09354ab3-9504-5223-8276-d8c2dcc20ff1","","raccourcia/escapeportrait-kyoto-venelle-sous-la-pluie","card:09354ab3-9504-5223-8276-d8c2dcc20ff1","escapeportrait-kyoto-venelle-sous-la-pluie","00b6e77d-24a9-578a-ba3e-3a58eaa4cfb6","uuid_conserve","","upsert_par_card_id_du_catalogue"
"ce183e1a-9c41-5c2c-b540-a98cec8392a8","RCIA-C-000421","ce183e1a-9c41-5c2c-b540-a98cec8392a8","","raccourcia/escapeportrait-shanghai-promenade-sur-le-bund","card:ce183e1a-9c41-5c2c-b540-a98cec8392a8","escapeportrait-shanghai-promenade-sur-le-bund","00b6e77d-24a9-578a-ba3e-3a58eaa4cfb6","uuid_conserve","","upsert_par_card_id_du_catalogue"
"060fae95-13cf-58b2-b2a7-db4080735756","RCIA-C-000422","060fae95-13cf-58b2-b2a7-db4080735756","","raccourcia/escapeportrait-hong-kong-ferry-au-crepuscule","card:060fae95-13cf-58b2-b2a7-db4080735756","escapeportrait-hong-kong-ferry-au-crepuscule","00b6e77d-24a9-578a-ba3e-3a58eaa4cfb6","uuid_conserve","","upsert_par_card_id_du_catalogue"
"ed229251-6a28-5309-8ae3-198a379b9f37","RCIA-C-000423","ed229251-6a28-5309-8ae3-198a379b9f37","","raccourcia/escapeportrait-istanbul-quai-face-au-bosphore","card:ed229251-6a28-5309-8ae3-198a379b9f37","escapeportrait-istanbul-quai-face-au-bosphore","00b6e77d-24a9-578a-ba3e-3a58eaa4cfb6","uuid_conserve","","upsert_par_card_id_du_catalogue"
"62b81cee-c5bf-5f3a-b18b-9c5a07de9931","RCIA-C-000424","62b81cee-c5bf-5f3a-b18b-9c5a07de9931","","raccourcia/escapeportrait-new-york-brooklyn-bridge-au-matin","card:62b81cee-c5bf-5f3a-b18b-9c5a07de9931","escapeportrait-new-york-brooklyn-bridge-au-matin","00b6e77d-24a9-578a-ba3e-3a58eaa4cfb6","uuid_conserve","","upsert_par_card_id_du_catalogue"
"145a5f7b-0d10-5bed-a3fe-a36b9c01ec21","RCIA-C-000425","145a5f7b-0d10-5bed-a3fe-a36b9c01ec21","","raccourcia/escapeportrait-rio-baie-depuis-un-belvedere","card:145a5f7b-0d10-5bed-a3fe-a36b9c01ec21","escapeportrait-rio-baie-depuis-un-belvedere","00b6e77d-24a9-578a-ba3e-3a58eaa4cfb6","uuid_conserve","","upsert_par_card_id_du_catalogue"
"f8eb8059-58ac-5d8f-b1ff-7ae285777c9c","RCIA-C-000426","f8eb8059-58ac-5d8f-b1ff-7ae285777c9c","","raccourcia/escapeportrait-cusco-escalier-de-pierre","card:f8eb8059-58ac-5d8f-b1ff-7ae285777c9c","escapeportrait-cusco-escalier-de-pierre","00b6e77d-24a9-578a-ba3e-3a58eaa4cfb6","uuid_conserve","","upsert_par_card_id_du_catalogue"
"399791cc-bddc-5e3a-9bb3-a5ceba48cce3","RCIA-C-000427","399791cc-bddc-5e3a-9bb3-a5ceba48cce3","","raccourcia/escapeportrait-venise-quai-tranquille-avant-la-foule","card:399791cc-bddc-5e3a-9bb3-a5ceba48cce3","escapeportrait-venise-quai-tranquille-avant-la-foule","00b6e77d-24a9-578a-ba3e-3a58eaa4cfb6","uuid_conserve","","upsert_par_card_id_du_catalogue"
"bdd20801-4fb6-509f-85b5-e59778180af2","RCIA-C-000428","bdd20801-4fb6-509f-85b5-e59778180af2","","raccourcia/escapeportrait-sydney-promenade-face-a-l-opera","card:bdd20801-4fb6-509f-85b5-e59778180af2","escapeportrait-sydney-promenade-face-a-l-opera","00b6e77d-24a9-578a-ba3e-3a58eaa4cfb6","uuid_conserve","","upsert_par_card_id_du_catalogue"
"3fa59979-a6d9-55a6-a6f3-0e5456788e78","RCIA-C-000429","3fa59979-a6d9-55a6-a6f3-0e5456788e78","","raccourcia/escapeportrait-reykjavik-rue-coloree-vers-l-eglise","card:3fa59979-a6d9-55a6-a6f3-0e5456788e78","escapeportrait-reykjavik-rue-coloree-vers-l-eglise","00b6e77d-24a9-578a-ba3e-3a58eaa4cfb6","uuid_conserve","","upsert_par_card_id_du_catalogue"
"e114f97c-9f7c-58c2-b15d-4113a9656555","RCIA-C-000430","e114f97c-9f7c-58c2-b15d-4113a9656555","","raccourcia/masterportrait-picasso-atelier-aux-plans-croises","card:e114f97c-9f7c-58c2-b15d-4113a9656555","masterportrait-picasso-atelier-aux-plans-croises","3e8e6890-49b9-566c-90ad-332b047d82ec","uuid_conserve","","upsert_par_card_id_du_catalogue"
"dd2224db-13ec-59cd-a523-177c2ad4abb0","RCIA-C-000431","dd2224db-13ec-59cd-a523-177c2ad4abb0","","raccourcia/masterportrait-van-gogh-vent-dans-le-jardin","card:dd2224db-13ec-59cd-a523-177c2ad4abb0","masterportrait-van-gogh-vent-dans-le-jardin","3e8e6890-49b9-566c-90ad-332b047d82ec","uuid_conserve","","upsert_par_card_id_du_catalogue"
"2cf7a2a9-ac46-530f-8523-e0391d3964b0","RCIA-C-000432","2cf7a2a9-ac46-530f-8523-e0391d3964b0","","raccourcia/masterportrait-monet-lumiere-au-bord-du-bassin","card:2cf7a2a9-ac46-530f-8523-e0391d3964b0","masterportrait-monet-lumiere-au-bord-du-bassin","3e8e6890-49b9-566c-90ad-332b047d82ec","uuid_conserve","","upsert_par_card_id_du_catalogue"
"da61200d-0581-50cf-850c-a70c8b50dd84","RCIA-C-000433","da61200d-0581-50cf-850c-a70c8b50dd84","","raccourcia/masterportrait-klimt-manteau-d-or-et-jardin-noir","card:da61200d-0581-50cf-850c-a70c8b50dd84","masterportrait-klimt-manteau-d-or-et-jardin-noir","3e8e6890-49b9-566c-90ad-332b047d82ec","uuid_conserve","","upsert_par_card_id_du_catalogue"
"6f2686c7-1b72-5f36-ba5d-22a9a3f688a9","RCIA-C-000434","6f2686c7-1b72-5f36-ba5d-22a9a3f688a9","","raccourcia/masterportrait-vermeer-lettre-pres-de-la-fenetre","card:6f2686c7-1b72-5f36-ba5d-22a9a3f688a9","masterportrait-vermeer-lettre-pres-de-la-fenetre","3e8e6890-49b9-566c-90ad-332b047d82ec","uuid_conserve","","upsert_par_card_id_du_catalogue"
"a6f4cc91-10e1-5033-ad7d-b385c98ed5b1","RCIA-C-000435","a6f4cc91-10e1-5033-ad7d-b385c98ed5b1","","raccourcia/masterportrait-rembrandt-regard-dans-l-ombre-chaude","card:a6f4cc91-10e1-5033-ad7d-b385c98ed5b1","masterportrait-rembrandt-regard-dans-l-ombre-chaude","3e8e6890-49b9-566c-90ad-332b047d82ec","uuid_conserve","","upsert_par_card_id_du_catalogue"
"c2ba5c4a-913a-57e6-a1dc-fe6769e15008","RCIA-C-000436","c2ba5c4a-913a-57e6-a1dc-fe6769e15008","","raccourcia/masterportrait-matisse-chambre-aux-couleurs-franches","card:c2ba5c4a-913a-57e6-a1dc-fe6769e15008","masterportrait-matisse-chambre-aux-couleurs-franches","3e8e6890-49b9-566c-90ad-332b047d82ec","uuid_conserve","","upsert_par_card_id_du_catalogue"
"dc807b9a-5024-542b-b8f6-5993f3afc057","RCIA-C-000437","dc807b9a-5024-542b-b8f6-5993f3afc057","","raccourcia/masterportrait-cezanne-portrait-construit-par-volumes","card:dc807b9a-5024-542b-b8f6-5993f3afc057","masterportrait-cezanne-portrait-construit-par-volumes","3e8e6890-49b9-566c-90ad-332b047d82ec","uuid_conserve","","upsert_par_card_id_du_catalogue"
"0bd002fc-d30d-5fcc-96b5-3626f8ec8782","RCIA-C-000438","0bd002fc-d30d-5fcc-96b5-3626f8ec8782","","raccourcia/masterportrait-seurat-dimanche-en-points-de-couleur","card:0bd002fc-d30d-5fcc-96b5-3626f8ec8782","masterportrait-seurat-dimanche-en-points-de-couleur","3e8e6890-49b9-566c-90ad-332b047d82ec","uuid_conserve","","upsert_par_card_id_du_catalogue"
"341218c0-3ef7-55e9-a975-8b50963afadd","RCIA-C-000439","341218c0-3ef7-55e9-a975-8b50963afadd","","raccourcia/masterportrait-frida-kahlo-autoportrait-botanique-imaginaire","card:341218c0-3ef7-55e9-a975-8b50963afadd","masterportrait-frida-kahlo-autoportrait-botanique-imaginaire","3e8e6890-49b9-566c-90ad-332b047d82ec","uuid_conserve","","upsert_par_card_id_du_catalogue"
"6f628ccd-76f7-5988-91c4-77fa15a505da","RCIA-C-000440","6f628ccd-76f7-5988-91c4-77fa15a505da","","raccourcia/masterportrait-dali-rendez-vous-avec-une-ombre-impossible","card:6f628ccd-76f7-5988-91c4-77fa15a505da","masterportrait-dali-rendez-vous-avec-une-ombre-impossible","3e8e6890-49b9-566c-90ad-332b047d82ec","uuid_conserve","","upsert_par_card_id_du_catalogue"
"8ef290a7-a9b1-5694-a45e-1a7c78d51cea","RCIA-C-000441","8ef290a7-a9b1-5694-a45e-1a7c78d51cea","","raccourcia/masterportrait-rousseau-serre-de-nuit-naive","card:8ef290a7-a9b1-5694-a45e-1a7c78d51cea","masterportrait-rousseau-serre-de-nuit-naive","3e8e6890-49b9-566c-90ad-332b047d82ec","uuid_conserve","","upsert_par_card_id_du_catalogue"
"ca38ae26-b878-5c46-ac68-ad731d00cf20","RCIA-C-000442","ca38ae26-b878-5c46-ac68-ad731d00cf20","","raccourcia/masterportrait-hokusai-promenade-sous-le-vent","card:ca38ae26-b878-5c46-ac68-ad731d00cf20","masterportrait-hokusai-promenade-sous-le-vent","3e8e6890-49b9-566c-90ad-332b047d82ec","uuid_conserve","","upsert_par_card_id_du_catalogue"
"13bada65-587d-5abc-b782-8d4cc3861727","RCIA-C-000443","13bada65-587d-5abc-b782-8d4cc3861727","","raccourcia/masterportrait-toulouse-lautrec-loge-de-spectacle","card:13bada65-587d-5abc-b782-8d4cc3861727","masterportrait-toulouse-lautrec-loge-de-spectacle","3e8e6890-49b9-566c-90ad-332b047d82ec","uuid_conserve","","upsert_par_card_id_du_catalogue"
"8ddeca8f-295d-520d-9c9b-245098607e80","RCIA-C-000444","8ddeca8f-295d-520d-9c9b-245098607e80","","raccourcia/masterportrait-egon-schiele-mains-et-ligne-tendue","card:8ddeca8f-295d-520d-9c9b-245098607e80","masterportrait-egon-schiele-mains-et-ligne-tendue","3e8e6890-49b9-566c-90ad-332b047d82ec","uuid_conserve","","upsert_par_card_id_du_catalogue"
"d67f4647-2578-590c-ba41-275274f7e2f2","RCIA-C-000445","d67f4647-2578-590c-ba41-275274f7e2f2","","raccourcia/masterportrait-tamara-de-lempicka-automobile-et-geometrie","card:d67f4647-2578-590c-ba41-275274f7e2f2","masterportrait-tamara-de-lempicka-automobile-et-geometrie","3e8e6890-49b9-566c-90ad-332b047d82ec","uuid_conserve","","upsert_par_card_id_du_catalogue"
"b188a8fe-c3e9-5ab4-9794-1057f2abad45","RCIA-C-000446","b188a8fe-c3e9-5ab4-9794-1057f2abad45","","raccourcia/masterportrait-berthe-morisot-portrait-au-balcon","card:b188a8fe-c3e9-5ab4-9794-1057f2abad45","masterportrait-berthe-morisot-portrait-au-balcon","3e8e6890-49b9-566c-90ad-332b047d82ec","uuid_conserve","","upsert_par_card_id_du_catalogue"
"b36b59ee-8620-598f-bcf9-2106cd9196ce","RCIA-C-000447","b36b59ee-8620-598f-bcf9-2106cd9196ce","","raccourcia/masterportrait-gustave-courbet-portrait-au-manteau-sombre","card:b36b59ee-8620-598f-bcf9-2106cd9196ce","masterportrait-gustave-courbet-portrait-au-manteau-sombre","3e8e6890-49b9-566c-90ad-332b047d82ec","uuid_conserve","","upsert_par_card_id_du_catalogue"
"3e1cfaf2-293a-57f3-a9d0-ca879f4fe392","RCIA-C-000448","3e1cfaf2-293a-57f3-a9d0-ca879f4fe392","","raccourcia/masterportrait-paul-klee-visage-en-ville-de-signes","card:3e1cfaf2-293a-57f3-a9d0-ca879f4fe392","masterportrait-paul-klee-visage-en-ville-de-signes","3e8e6890-49b9-566c-90ad-332b047d82ec","uuid_conserve","","upsert_par_card_id_du_catalogue"
"08dad354-f394-5bf4-9fa3-e5a9d510d0ae","RCIA-C-000449","08dad354-f394-5bf4-9fa3-e5a9d510d0ae","","raccourcia/masterportrait-sonia-delaunay-portrait-en-rythmes-circulaires","card:08dad354-f394-5bf4-9fa3-e5a9d510d0ae","masterportrait-sonia-delaunay-portrait-en-rythmes-circulaires","3e8e6890-49b9-566c-90ad-332b047d82ec","uuid_conserve","","upsert_par_card_id_du_catalogue"
"da8d071f-0ab2-531c-99fe-e804cef5a9c0","RCIA-C-000450","da8d071f-0ab2-531c-99fe-e804cef5a9c0","","raccourcia/materialportrait-portrait-en-cyanotype-vegetal","card:da8d071f-0ab2-531c-99fe-e804cef5a9c0","materialportrait-portrait-en-cyanotype-vegetal","6839ce2a-a31b-55e2-a16c-56182d9adba2","uuid_conserve","","upsert_par_card_id_du_catalogue"
"70b50bb7-e97a-5af2-bc6f-b7a8208cd354","RCIA-C-000451","70b50bb7-e97a-5af2-bc6f-b7a8208cd354","","raccourcia/materialportrait-portrait-en-linogravure-bicolore","card:70b50bb7-e97a-5af2-bc6f-b7a8208cd354","materialportrait-portrait-en-linogravure-bicolore","6839ce2a-a31b-55e2-a16c-56182d9adba2","uuid_conserve","","upsert_par_card_id_du_catalogue"
"1c05efcb-0ba8-58b9-8cbf-cc06c0d78d33","RCIA-C-000452","1c05efcb-0ba8-58b9-8cbf-cc06c0d78d33","","raccourcia/materialportrait-portrait-en-monotype-fantome","card:1c05efcb-0ba8-58b9-8cbf-cc06c0d78d33","materialportrait-portrait-en-monotype-fantome","6839ce2a-a31b-55e2-a16c-56182d9adba2","uuid_conserve","","upsert_par_card_id_du_catalogue"
"b9d8623a-1f24-5764-978d-45db33133d66","RCIA-C-000453","b9d8623a-1f24-5764-978d-45db33133d66","","raccourcia/materialportrait-portrait-en-mosaique-de-galets","card:b9d8623a-1f24-5764-978d-45db33133d66","materialportrait-portrait-en-mosaique-de-galets","6839ce2a-a31b-55e2-a16c-56182d9adba2","uuid_conserve","","upsert_par_card_id_du_catalogue"
"9b7f4905-6be8-5440-805a-7bd88c6a0b47","RCIA-C-000454","9b7f4905-6be8-5440-805a-7bd88c6a0b47","","raccourcia/materialportrait-portrait-en-vitrail-de-nuit","card:9b7f4905-6be8-5440-805a-7bd88c6a0b47","materialportrait-portrait-en-vitrail-de-nuit","6839ce2a-a31b-55e2-a16c-56182d9adba2","uuid_conserve","","upsert_par_card_id_du_catalogue"
"a59e69bc-bf9c-5092-9c02-ee305c90eef0","RCIA-C-000455","a59e69bc-bf9c-5092-9c02-ee305c90eef0","","raccourcia/materialportrait-portrait-brode-sur-veste-de-travail","card:a59e69bc-bf9c-5092-9c02-ee305c90eef0","materialportrait-portrait-brode-sur-veste-de-travail","6839ce2a-a31b-55e2-a16c-56182d9adba2","uuid_conserve","","upsert_par_card_id_du_catalogue"
"9a88a599-c0ce-57ce-9939-2641d12ce1dc","RCIA-C-000456","9a88a599-c0ce-57ce-9939-2641d12ce1dc","","raccourcia/materialportrait-portrait-en-papier-marbre","card:9a88a599-c0ce-57ce-9939-2641d12ce1dc","materialportrait-portrait-en-papier-marbre","6839ce2a-a31b-55e2-a16c-56182d9adba2","uuid_conserve","","upsert_par_card_id_du_catalogue"
"f8f06453-e59e-54c2-9c60-f3aebc6d8c3b","RCIA-C-000457","f8f06453-e59e-54c2-9c60-f3aebc6d8c3b","","raccourcia/materialportrait-portrait-en-metal-repousse","card:f8f06453-e59e-54c2-9c60-f3aebc6d8c3b","materialportrait-portrait-en-metal-repousse","6839ce2a-a31b-55e2-a16c-56182d9adba2","uuid_conserve","","upsert_par_card_id_du_catalogue"
"fd9977c0-1981-58f3-9eb0-a41fc4822d06","RCIA-C-000458","fd9977c0-1981-58f3-9eb0-a41fc4822d06","","raccourcia/materialportrait-portrait-en-carton-ondule","card:fd9977c0-1981-58f3-9eb0-a41fc4822d06","materialportrait-portrait-en-carton-ondule","6839ce2a-a31b-55e2-a16c-56182d9adba2","uuid_conserve","","upsert_par_card_id_du_catalogue"
"fd401bf4-94bf-5ef9-9f5e-efe06f7e0eff","RCIA-C-000459","fd401bf4-94bf-5ef9-9f5e-efe06f7e0eff","","raccourcia/materialportrait-portrait-en-sel-cristallise","card:fd401bf4-94bf-5ef9-9f5e-efe06f7e0eff","materialportrait-portrait-en-sel-cristallise","6839ce2a-a31b-55e2-a16c-56182d9adba2","uuid_conserve","","upsert_par_card_id_du_catalogue"
"5fdba384-b25c-5b48-a61f-19559be419a6","RCIA-C-000460","5fdba384-b25c-5b48-a61f-19559be419a6","","raccourcia/materialportrait-portrait-en-faience-craquelee","card:5fdba384-b25c-5b48-a61f-19559be419a6","materialportrait-portrait-en-faience-craquelee","6839ce2a-a31b-55e2-a16c-56182d9adba2","uuid_conserve","","upsert_par_card_id_du_catalogue"
"f2941165-9ad1-5b71-a965-75bf8dea1350","RCIA-C-000461","f2941165-9ad1-5b71-a965-75bf8dea1350","","raccourcia/materialportrait-portrait-en-feutrine-decoupee","card:f2941165-9ad1-5b71-a965-75bf8dea1350","materialportrait-portrait-en-feutrine-decoupee","6839ce2a-a31b-55e2-a16c-56182d9adba2","uuid_conserve","","upsert_par_card_id_du_catalogue"
"58c12994-3592-5b8e-9053-a3dfb843fb15","RCIA-C-000462","58c12994-3592-5b8e-9053-a3dfb843fb15","","raccourcia/materialportrait-portrait-en-charbon-frotte","card:58c12994-3592-5b8e-9053-a3dfb843fb15","materialportrait-portrait-en-charbon-frotte","6839ce2a-a31b-55e2-a16c-56182d9adba2","uuid_conserve","","upsert_par_card_id_du_catalogue"
"fb3b190f-d4f0-5bb5-b3c7-46fe6e87912d","RCIA-C-000463","fb3b190f-d4f0-5bb5-b3c7-46fe6e87912d","","raccourcia/materialportrait-portrait-en-sanguine-sur-papier-bleu","card:fb3b190f-d4f0-5bb5-b3c7-46fe6e87912d","materialportrait-portrait-en-sanguine-sur-papier-bleu","6839ce2a-a31b-55e2-a16c-56182d9adba2","uuid_conserve","","upsert_par_card_id_du_catalogue"
"684e592d-5309-537d-af67-01ac0bcb4801","RCIA-C-000464","684e592d-5309-537d-af67-01ac0bcb4801","","raccourcia/materialportrait-portrait-en-ruban-adhesif-translucide","card:684e592d-5309-537d-af67-01ac0bcb4801","materialportrait-portrait-en-ruban-adhesif-translucide","6839ce2a-a31b-55e2-a16c-56182d9adba2","uuid_conserve","","upsert_par_card_id_du_catalogue"
"2d19ff47-dc36-5b66-b807-cfff13b6c551","RCIA-C-000465","2d19ff47-dc36-5b66-b807-cfff13b6c551","","raccourcia/materialportrait-portrait-en-perles-tissees","card:2d19ff47-dc36-5b66-b807-cfff13b6c551","materialportrait-portrait-en-perles-tissees","6839ce2a-a31b-55e2-a16c-56182d9adba2","uuid_conserve","","upsert_par_card_id_du_catalogue"
"42a3b063-1bef-594a-93ce-053c0d524943","RCIA-C-000466","42a3b063-1bef-594a-93ce-053c0d524943","","raccourcia/materialportrait-portrait-en-lettres-de-plomb","card:42a3b063-1bef-594a-93ce-053c0d524943","materialportrait-portrait-en-lettres-de-plomb","6839ce2a-a31b-55e2-a16c-56182d9adba2","uuid_conserve","","upsert_par_card_id_du_catalogue"
"027a26c0-6889-5887-a36b-e4f0c229f0ed","RCIA-C-000467","027a26c0-6889-5887-a36b-e4f0c229f0ed","","raccourcia/materialportrait-portrait-en-feuilles-pressees","card:027a26c0-6889-5887-a36b-e4f0c229f0ed","materialportrait-portrait-en-feuilles-pressees","6839ce2a-a31b-55e2-a16c-56182d9adba2","uuid_conserve","","upsert_par_card_id_du_catalogue"
"d60db9d4-64fd-5cd3-b4e6-c75c921732f2","RCIA-C-000468","d60db9d4-64fd-5cd3-b4e6-c75c921732f2","","raccourcia/materialportrait-portrait-en-cire-de-sceau","card:d60db9d4-64fd-5cd3-b4e6-c75c921732f2","materialportrait-portrait-en-cire-de-sceau","6839ce2a-a31b-55e2-a16c-56182d9adba2","uuid_conserve","","upsert_par_card_id_du_catalogue"
"94dbf674-fd45-5a61-a4f0-32220b40ceb8","RCIA-C-000469","94dbf674-fd45-5a61-a4f0-32220b40ceb8","","raccourcia/materialportrait-portrait-en-sable-colore-sous-verre","card:94dbf674-fd45-5a61-a4f0-32220b40ceb8","materialportrait-portrait-en-sable-colore-sous-verre","6839ce2a-a31b-55e2-a16c-56182d9adba2","uuid_conserve","","upsert_par_card_id_du_catalogue"
"3299bf9f-d329-5c85-9588-ad72ff1ad0b9","RCIA-C-000470","3299bf9f-d329-5c85-9588-ad72ff1ad0b9","","raccourcia/notebookstory-carnet-de-voyage-escale-dessinee","card:3299bf9f-d329-5c85-9588-ad72ff1ad0b9","notebookstory-carnet-de-voyage-escale-dessinee","087161fe-f795-5c3e-86c9-3dd6ba0c0c91","uuid_conserve","","upsert_par_card_id_du_catalogue"
"8841534c-0515-5f4a-80f3-963225a854f0","RCIA-C-000471","8841534c-0515-5f4a-80f3-963225a854f0","","raccourcia/notebookstory-carnet-de-couture-naissance-d-une-silhouette","card:8841534c-0515-5f4a-80f3-963225a854f0","notebookstory-carnet-de-couture-naissance-d-une-silhouette","087161fe-f795-5c3e-86c9-3dd6ba0c0c91","uuid_conserve","","upsert_par_card_id_du_catalogue"
"298b4176-358a-5a4d-8fb2-f86a7410f4f0","RCIA-C-000472","298b4176-358a-5a4d-8fb2-f86a7410f4f0","","raccourcia/notebookstory-carnet-botanique-plante-et-souvenirs","card:298b4176-358a-5a4d-8fb2-f86a7410f4f0","notebookstory-carnet-botanique-plante-et-souvenirs","087161fe-f795-5c3e-86c9-3dd6ba0c0c91","uuid_conserve","","upsert_par_card_id_du_catalogue"
"54c94236-b2b0-51c8-bce4-7cb251a6b5eb","RCIA-C-000473","54c94236-b2b0-51c8-bce4-7cb251a6b5eb","","raccourcia/notebookstory-carnet-de-recette-cuisine-de-famille","card:54c94236-b2b0-51c8-bce4-7cb251a6b5eb","notebookstory-carnet-de-recette-cuisine-de-famille","087161fe-f795-5c3e-86c9-3dd6ba0c0c91","uuid_conserve","","upsert_par_card_id_du_catalogue"
"fc8de327-ce31-56f8-9359-e4b6ab947e69","RCIA-C-000474","fc8de327-ce31-56f8-9359-e4b6ab947e69","","raccourcia/notebookstory-carnet-d-architecte-facade-annotee","card:fc8de327-ce31-56f8-9359-e4b6ab947e69","notebookstory-carnet-d-architecte-facade-annotee","087161fe-f795-5c3e-86c9-3dd6ba0c0c91","uuid_conserve","","upsert_par_card_id_du_catalogue"
"9a1e3e76-7b2e-5e2f-8656-0ef16036fa68","RCIA-C-000475","9a1e3e76-7b2e-5e2f-8656-0ef16036fa68","","raccourcia/notebookstory-carnet-de-createur-idee-de-produit","card:9a1e3e76-7b2e-5e2f-8656-0ef16036fa68","notebookstory-carnet-de-createur-idee-de-produit","087161fe-f795-5c3e-86c9-3dd6ba0c0c91","uuid_conserve","","upsert_par_card_id_du_catalogue"
"1a0fe641-b874-5120-87d6-698423ee6e29","RCIA-C-000476","1a0fe641-b874-5120-87d6-698423ee6e29","","raccourcia/notebookstory-carnet-intime-un-jour-precieux","card:1a0fe641-b874-5120-87d6-698423ee6e29","notebookstory-carnet-intime-un-jour-precieux","087161fe-f795-5c3e-86c9-3dd6ba0c0c91","uuid_conserve","","upsert_par_card_id_du_catalogue"
"ada753c3-24fb-5949-a05c-ca689cdbedf6","RCIA-C-000477","ada753c3-24fb-5949-a05c-ca689cdbedf6","","raccourcia/notebookstory-carnet-de-concert-setlist-imaginaire","card:ada753c3-24fb-5949-a05c-ca689cdbedf6","notebookstory-carnet-de-concert-setlist-imaginaire","087161fe-f795-5c3e-86c9-3dd6ba0c0c91","uuid_conserve","","upsert_par_card_id_du_catalogue"
"a9fa98c4-1f89-5bd4-9303-bb4893dbf816","RCIA-C-000478","a9fa98c4-1f89-5bd4-9303-bb4893dbf816","","raccourcia/notebookstory-carnet-d-enquete-mystere-du-cafe","card:a9fa98c4-1f89-5bd4-9303-bb4893dbf816","notebookstory-carnet-d-enquete-mystere-du-cafe","087161fe-f795-5c3e-86c9-3dd6ba0c0c91","uuid_conserve","","upsert_par_card_id_du_catalogue"
"af58d4c9-661c-5d57-9034-29749c465f71","RCIA-C-000479","af58d4c9-661c-5d57-9034-29749c465f71","","raccourcia/notebookstory-carnet-de-jardin-saisons-en-marge","card:af58d4c9-661c-5d57-9034-29749c465f71","notebookstory-carnet-de-jardin-saisons-en-marge","087161fe-f795-5c3e-86c9-3dd6ba0c0c91","uuid_conserve","","upsert_par_card_id_du_catalogue"
"f0cf6dc4-ca82-519b-8b3e-a0bffe744e8f","RCIA-C-000480","f0cf6dc4-ca82-519b-8b3e-a0bffe744e8f","","raccourcia/notebookstory-carnet-de-mariage-preparatifs-en-collage","card:f0cf6dc4-ca82-519b-8b3e-a0bffe744e8f","notebookstory-carnet-de-mariage-preparatifs-en-collage","087161fe-f795-5c3e-86c9-3dd6ba0c0c91","uuid_conserve","","upsert_par_card_id_du_catalogue"
"11ee641b-cc1b-5bc8-a909-280473b0816b","RCIA-C-000481","11ee641b-cc1b-5bc8-a909-280473b0816b","","raccourcia/notebookstory-carnet-de-film-plans-et-lumiere","card:11ee641b-cc1b-5bc8-a909-280473b0816b","notebookstory-carnet-de-film-plans-et-lumiere","087161fe-f795-5c3e-86c9-3dd6ba0c0c91","uuid_conserve","","upsert_par_card_id_du_catalogue"
"7eb264fe-8864-5e80-966b-28dbde7513a2","RCIA-C-000482","7eb264fe-8864-5e80-966b-28dbde7513a2","","raccourcia/notebookstory-carnet-sportif-geste-decompose","card:7eb264fe-8864-5e80-966b-28dbde7513a2","notebookstory-carnet-sportif-geste-decompose","087161fe-f795-5c3e-86c9-3dd6ba0c0c91","uuid_conserve","","upsert_par_card_id_du_catalogue"
"1f7c3e7b-06a4-5475-931a-7fab92364a57","RCIA-C-000483","1f7c3e7b-06a4-5475-931a-7fab92364a57","","raccourcia/notebookstory-carnet-de-parfum-accords-visuels","card:1f7c3e7b-06a4-5475-931a-7fab92364a57","notebookstory-carnet-de-parfum-accords-visuels","087161fe-f795-5c3e-86c9-3dd6ba0c0c91","uuid_conserve","","upsert_par_card_id_du_catalogue"
"c3c5512e-50aa-522d-b27e-5ecf9b126851","RCIA-C-000484","c3c5512e-50aa-522d-b27e-5ecf9b126851","","raccourcia/notebookstory-carnet-d-enfance-tresors-retrouves","card:c3c5512e-50aa-522d-b27e-5ecf9b126851","notebookstory-carnet-d-enfance-tresors-retrouves","087161fe-f795-5c3e-86c9-3dd6ba0c0c91","uuid_conserve","","upsert_par_card_id_du_catalogue"
"dd76a2f6-a892-5b41-8f74-6e853c208687","RCIA-C-000485","dd76a2f6-a892-5b41-8f74-6e853c208687","","raccourcia/notebookstory-carnet-de-manga-expressions-de-heros","card:dd76a2f6-a892-5b41-8f74-6e853c208687","notebookstory-carnet-de-manga-expressions-de-heros","087161fe-f795-5c3e-86c9-3dd6ba0c0c91","uuid_conserve","","upsert_par_card_id_du_catalogue"
"945fc29f-bb8f-5e2d-b321-5582d4c67393","RCIA-C-000486","945fc29f-bb8f-5e2d-b321-5582d4c67393","","raccourcia/notebookstory-carnet-d-ocean-journal-de-bord-fictif","card:945fc29f-bb8f-5e2d-b321-5582d4c67393","notebookstory-carnet-d-ocean-journal-de-bord-fictif","087161fe-f795-5c3e-86c9-3dd6ba0c0c91","uuid_conserve","","upsert_par_card_id_du_catalogue"
"823a9b22-e2d1-59ca-a9be-872a8b8c34be","RCIA-C-000487","823a9b22-e2d1-59ca-a9be-872a8b8c34be","","raccourcia/notebookstory-carnet-de-typographe-lettres-en-recherche","card:823a9b22-e2d1-59ca-a9be-872a8b8c34be","notebookstory-carnet-de-typographe-lettres-en-recherche","087161fe-f795-5c3e-86c9-3dd6ba0c0c91","uuid_conserve","","upsert_par_card_id_du_catalogue"
"9f9b7f27-3d53-5c35-8847-b460ad2707f7","RCIA-C-000488","9f9b7f27-3d53-5c35-8847-b460ad2707f7","","raccourcia/notebookstory-carnet-de-voyage-spatial-terrain-inconnu","card:9f9b7f27-3d53-5c35-8847-b460ad2707f7","notebookstory-carnet-de-voyage-spatial-terrain-inconnu","087161fe-f795-5c3e-86c9-3dd6ba0c0c91","uuid_conserve","","upsert_par_card_id_du_catalogue"
"e91abc5a-b3e3-5206-8fc7-12bc0227a1a4","RCIA-C-000489","e91abc5a-b3e3-5206-8fc7-12bc0227a1a4","","raccourcia/notebookstory-carnet-de-marque-du-logo-a-l-ambiance","card:e91abc5a-b3e3-5206-8fc7-12bc0227a1a4","notebookstory-carnet-de-marque-du-logo-a-l-ambiance","087161fe-f795-5c3e-86c9-3dd6ba0c0c91","uuid_conserve","","upsert_par_card_id_du_catalogue"
"066dc1f7-9697-5850-abfd-32c286aa8a29","RCIA-C-000490","066dc1f7-9697-5850-abfd-32c286aa8a29","","raccourcia/paletteportrait-rouge-tomate-et-ombre-petrole","card:066dc1f7-9697-5850-abfd-32c286aa8a29","paletteportrait-rouge-tomate-et-ombre-petrole","6c947beb-5a5a-556b-83b9-6a1c26cd7212","uuid_conserve","","upsert_par_card_id_du_catalogue"
"15fd179a-17a4-5b46-9d8a-b6d71f716b15","RCIA-C-000491","15fd179a-17a4-5b46-9d8a-b6d71f716b15","","raccourcia/paletteportrait-bleu-cobalt-sur-sable-chaud","card:15fd179a-17a4-5b46-9d8a-b6d71f716b15","paletteportrait-bleu-cobalt-sur-sable-chaud","6c947beb-5a5a-556b-83b9-6a1c26cd7212","uuid_conserve","","upsert_par_card_id_du_catalogue"
"49357351-effe-5f11-96ca-798691bea8e1","RCIA-C-000492","49357351-effe-5f11-96ca-798691bea8e1","","raccourcia/paletteportrait-vert-sauge-cuivre-et-peau-naturelle","card:49357351-effe-5f11-96ca-798691bea8e1","paletteportrait-vert-sauge-cuivre-et-peau-naturelle","6c947beb-5a5a-556b-83b9-6a1c26cd7212","uuid_conserve","","upsert_par_card_id_du_catalogue"
"9b41414f-c4f3-5827-a58e-1164ed003781","RCIA-C-000493","9b41414f-c4f3-5827-a58e-1164ed003781","","raccourcia/paletteportrait-rose-poudre-et-noir-graphique","card:9b41414f-c4f3-5827-a58e-1164ed003781","paletteportrait-rose-poudre-et-noir-graphique","6c947beb-5a5a-556b-83b9-6a1c26cd7212","uuid_conserve","","upsert_par_card_id_du_catalogue"
"81a2b5ec-b111-5051-89cb-957c0d637126","RCIA-C-000494","81a2b5ec-b111-5051-89cb-957c0d637126","","raccourcia/paletteportrait-jaune-citron-et-violet-en-aplats","card:81a2b5ec-b111-5051-89cb-957c0d637126","paletteportrait-jaune-citron-et-violet-en-aplats","6c947beb-5a5a-556b-83b9-6a1c26cd7212","uuid_conserve","","upsert_par_card_id_du_catalogue"
"ba688685-0d93-576b-ae67-907a1ec8fad3","RCIA-C-000495","ba688685-0d93-576b-ae67-907a1ec8fad3","","raccourcia/paletteportrait-creme-sur-creme-matiere-par-la-lumiere","card:ba688685-0d93-576b-ae67-907a1ec8fad3","paletteportrait-creme-sur-creme-matiere-par-la-lumiere","6c947beb-5a5a-556b-83b9-6a1c26cd7212","uuid_conserve","","upsert_par_card_id_du_catalogue"
"a924cd71-d213-5e3e-8bd4-a6e65dfbb304","RCIA-C-000496","a924cd71-d213-5e3e-8bd4-a6e65dfbb304","","raccourcia/paletteportrait-orange-brule-et-bleu-de-nuit","card:a924cd71-d213-5e3e-8bd4-a6e65dfbb304","paletteportrait-orange-brule-et-bleu-de-nuit","6c947beb-5a5a-556b-83b9-6a1c26cd7212","uuid_conserve","","upsert_par_card_id_du_catalogue"
"f0eeab79-6fac-52f3-9577-79321dc98598","RCIA-C-000497","f0eeab79-6fac-52f3-9577-79321dc98598","","raccourcia/paletteportrait-vert-acide-ombre-anthracite","card:f0eeab79-6fac-52f3-9577-79321dc98598","paletteportrait-vert-acide-ombre-anthracite","6c947beb-5a5a-556b-83b9-6a1c26cd7212","uuid_conserve","","upsert_par_card_id_du_catalogue"
"291b5d3b-b74a-511d-bdca-7640e46fe4d4","RCIA-C-000498","291b5d3b-b74a-511d-bdca-7640e46fe4d4","","raccourcia/paletteportrait-bordeaux-et-porcelaine","card:291b5d3b-b74a-511d-bdca-7640e46fe4d4","paletteportrait-bordeaux-et-porcelaine","6c947beb-5a5a-556b-83b9-6a1c26cd7212","uuid_conserve","","upsert_par_card_id_du_catalogue"
"8ff64637-a7b5-5e5b-b264-8773ebbe5564","RCIA-C-000499","8ff64637-a7b5-5e5b-b264-8773ebbe5564","","raccourcia/paletteportrait-turquoise-et-papaye-matin-tropical","card:8ff64637-a7b5-5e5b-b264-8773ebbe5564","paletteportrait-turquoise-et-papaye-matin-tropical","6c947beb-5a5a-556b-83b9-6a1c26cd7212","uuid_conserve","","upsert_par_card_id_du_catalogue"
"44a923e3-fc1c-5e17-9a6a-28cc5245bc7e","RCIA-C-000500","44a923e3-fc1c-5e17-9a6a-28cc5245bc7e","","raccourcia/paletteportrait-indigo-craie-et-texture-denim","card:44a923e3-fc1c-5e17-9a6a-28cc5245bc7e","paletteportrait-indigo-craie-et-texture-denim","6c947beb-5a5a-556b-83b9-6a1c26cd7212","uuid_conserve","","upsert_par_card_id_du_catalogue"
"b95fb8bb-558f-51a2-a9ae-154d4a1ca2e6","RCIA-C-000501","b95fb8bb-558f-51a2-a9ae-154d4a1ca2e6","","raccourcia/paletteportrait-prune-et-pistache-en-studio","card:b95fb8bb-558f-51a2-a9ae-154d4a1ca2e6","paletteportrait-prune-et-pistache-en-studio","6c947beb-5a5a-556b-83b9-6a1c26cd7212","uuid_conserve","","upsert_par_card_id_du_catalogue"
"9249c973-aff6-532c-ac75-34485b52918b","RCIA-C-000502","9249c973-aff6-532c-ac75-34485b52918b","","raccourcia/paletteportrait-ambre-monochrome-verre-et-ombres","card:9249c973-aff6-532c-ac75-34485b52918b","paletteportrait-ambre-monochrome-verre-et-ombres","6c947beb-5a5a-556b-83b9-6a1c26cd7212","uuid_conserve","","upsert_par_card_id_du_catalogue"
"484ac8da-7cc7-58da-bf34-a16587916c55","RCIA-C-000503","484ac8da-7cc7-58da-bf34-a16587916c55","","raccourcia/paletteportrait-noir-et-blanc-accent-vermillon","card:484ac8da-7cc7-58da-bf34-a16587916c55","paletteportrait-noir-et-blanc-accent-vermillon","6c947beb-5a5a-556b-83b9-6a1c26cd7212","uuid_conserve","","upsert_par_card_id_du_catalogue"
"8c385aa7-6d78-56fe-95b2-b66c8043830e","RCIA-C-000504","8c385aa7-6d78-56fe-95b2-b66c8043830e","","raccourcia/paletteportrait-pastels-poussiereux-atelier-calme","card:8c385aa7-6d78-56fe-95b2-b66c8043830e","paletteportrait-pastels-poussiereux-atelier-calme","6c947beb-5a5a-556b-83b9-6a1c26cd7212","uuid_conserve","","upsert_par_card_id_du_catalogue"
"4479e308-4e24-5266-b711-4455a7fef7a1","RCIA-C-000505","4479e308-4e24-5266-b711-4455a7fef7a1","","raccourcia/paletteportrait-bleu-glacier-et-metal-brosse","card:4479e308-4e24-5266-b711-4455a7fef7a1","paletteportrait-bleu-glacier-et-metal-brosse","6c947beb-5a5a-556b-83b9-6a1c26cd7212","uuid_conserve","","upsert_par_card_id_du_catalogue"
"d2fa246c-bf13-5ad4-941c-d88078575e23","RCIA-C-000506","d2fa246c-bf13-5ad4-941c-d88078575e23","","raccourcia/paletteportrait-terracotta-olive-et-papier-brut","card:d2fa246c-bf13-5ad4-941c-d88078575e23","paletteportrait-terracotta-olive-et-papier-brut","6c947beb-5a5a-556b-83b9-6a1c26cd7212","uuid_conserve","","upsert_par_card_id_du_catalogue"
"d9d75c58-2be2-5bf6-af5c-6101028d998d","RCIA-C-000507","d9d75c58-2be2-5bf6-af5c-6101028d998d","","raccourcia/paletteportrait-arc-en-ciel-en-blocs-architecturaux","card:d9d75c58-2be2-5bf6-af5c-6101028d998d","paletteportrait-arc-en-ciel-en-blocs-architecturaux","6c947beb-5a5a-556b-83b9-6a1c26cd7212","uuid_conserve","","upsert_par_card_id_du_catalogue"
"158676a0-3d0c-5070-858a-8f4af3d6d21b","RCIA-C-000508","158676a0-3d0c-5070-858a-8f4af3d6d21b","","raccourcia/paletteportrait-bleu-electrique-et-halo-blanc","card:158676a0-3d0c-5070-858a-8f4af3d6d21b","paletteportrait-bleu-electrique-et-halo-blanc","6c947beb-5a5a-556b-83b9-6a1c26cd7212","uuid_conserve","","upsert_par_card_id_du_catalogue"
"46c8031a-6979-542f-9638-a9b30e52d7eb","RCIA-C-000509","46c8031a-6979-542f-9638-a9b30e52d7eb","","raccourcia/paletteportrait-separation-cmjn-sur-papier","card:46c8031a-6979-542f-9638-a9b30e52d7eb","paletteportrait-separation-cmjn-sur-papier","6c947beb-5a5a-556b-83b9-6a1c26cd7212","uuid_conserve","","upsert_par_card_id_du_catalogue"
"bd9a75a5-455d-52e4-ab59-37fb46f9172a","RCIA-C-000510","bd9a75a5-455d-52e4-ab59-37fb46f9172a","","raccourcia/cosplayportrait-spider-man-pause-sur-une-corniche","card:bd9a75a5-455d-52e4-ab59-37fb46f9172a","cosplayportrait-spider-man-pause-sur-une-corniche","6fb322c1-2c4d-54ff-9190-b33c5efd20e9","uuid_conserve","","upsert_par_card_id_du_catalogue"
"b57b52d3-aa41-5576-a76f-bb334d129ea4","RCIA-C-000511","b57b52d3-aa41-5576-a76f-bb334d129ea4","","raccourcia/cosplayportrait-superman-arrivee-sur-le-toit","card:b57b52d3-aa41-5576-a76f-bb334d129ea4","cosplayportrait-superman-arrivee-sur-le-toit","6fb322c1-2c4d-54ff-9190-b33c5efd20e9","uuid_conserve","","upsert_par_card_id_du_catalogue"
"6d530274-c291-5c71-9266-fba351ccf80f","RCIA-C-000512","6d530274-c291-5c71-9266-fba351ccf80f","","raccourcia/cosplayportrait-batman-preparation-dans-l-atelier","card:6d530274-c291-5c71-9266-fba351ccf80f","cosplayportrait-batman-preparation-dans-l-atelier","6fb322c1-2c4d-54ff-9190-b33c5efd20e9","uuid_conserve","","upsert_par_card_id_du_catalogue"
"18ed2960-1ab6-55ea-97cf-6b8334b2bb1e","RCIA-C-000513","18ed2960-1ab6-55ea-97cf-6b8334b2bb1e","","raccourcia/cosplayportrait-wonder-woman-cour-d-entrainement","card:18ed2960-1ab6-55ea-97cf-6b8334b2bb1e","cosplayportrait-wonder-woman-cour-d-entrainement","6fb322c1-2c4d-54ff-9190-b33c5efd20e9","uuid_conserve","","upsert_par_card_id_du_catalogue"
"b34b6daf-0c4b-5f12-a770-cf013fd006cc","RCIA-C-000514","b34b6daf-0c4b-5f12-a770-cf013fd006cc","","raccourcia/cosplayportrait-black-panther-terrasse-vibranium","card:b34b6daf-0c4b-5f12-a770-cf013fd006cc","cosplayportrait-black-panther-terrasse-vibranium","6fb322c1-2c4d-54ff-9190-b33c5efd20e9","uuid_conserve","","upsert_par_card_id_du_catalogue"
"7aa93f70-42d5-5ef2-803a-00c5793a4782","RCIA-C-000515","7aa93f70-42d5-5ef2-803a-00c5793a4782","","raccourcia/cosplayportrait-iron-man-armure-ouverte-au-garage","card:7aa93f70-42d5-5ef2-803a-00c5793a4782","cosplayportrait-iron-man-armure-ouverte-au-garage","6fb322c1-2c4d-54ff-9190-b33c5efd20e9","uuid_conserve","","upsert_par_card_id_du_catalogue"
"a53a3cd8-927f-5deb-aeb7-d2ca581add24","RCIA-C-000516","a53a3cd8-927f-5deb-aeb7-d2ca581add24","","raccourcia/cosplayportrait-captain-america-vestiaire-apres-mission","card:a53a3cd8-927f-5deb-aeb7-d2ca581add24","cosplayportrait-captain-america-vestiaire-apres-mission","6fb322c1-2c4d-54ff-9190-b33c5efd20e9","uuid_conserve","","upsert_par_card_id_du_catalogue"
"b82a1618-964a-551c-965e-3108ce378d23","RCIA-C-000517","b82a1618-964a-551c-965e-3108ce378d23","","raccourcia/cosplayportrait-thor-orage-sur-la-falaise","card:b82a1618-964a-551c-965e-3108ce378d23","cosplayportrait-thor-orage-sur-la-falaise","6fb322c1-2c4d-54ff-9190-b33c5efd20e9","uuid_conserve","","upsert_par_card_id_du_catalogue"
"82649f7e-6cce-57ca-a465-7537467eb500","RCIA-C-000518","82649f7e-6cce-57ca-a465-7537467eb500","","raccourcia/cosplayportrait-loki-bibliotheque-aux-portes-vertes","card:82649f7e-6cce-57ca-a465-7537467eb500","cosplayportrait-loki-bibliotheque-aux-portes-vertes","6fb322c1-2c4d-54ff-9190-b33c5efd20e9","uuid_conserve","","upsert_par_card_id_du_catalogue"
"26514c38-b25d-50c5-91a9-cdf81ef9cd92","RCIA-C-000519","26514c38-b25d-50c5-91a9-cdf81ef9cd92","","raccourcia/cosplayportrait-doctor-strange-atelier-des-portails","card:26514c38-b25d-50c5-91a9-cdf81ef9cd92","cosplayportrait-doctor-strange-atelier-des-portails","6fb322c1-2c4d-54ff-9190-b33c5efd20e9","uuid_conserve","","upsert_par_card_id_du_catalogue"
"f61eed69-e787-51ed-9648-6b880a5d1d0d","RCIA-C-000520","f61eed69-e787-51ed-9648-6b880a5d1d0d","","raccourcia/cosplayportrait-harley-quinn-studio-de-fete","card:f61eed69-e787-51ed-9648-6b880a5d1d0d","cosplayportrait-harley-quinn-studio-de-fete","6fb322c1-2c4d-54ff-9190-b33c5efd20e9","uuid_conserve","","upsert_par_card_id_du_catalogue"
"c84ce837-5ae4-5b5a-a1b4-97f5a3b4ab8e","RCIA-C-000521","c84ce837-5ae4-5b5a-a1b4-97f5a3b4ab8e","","raccourcia/cosplayportrait-catwoman-toit-apres-la-pluie","card:c84ce837-5ae4-5b5a-a1b4-97f5a3b4ab8e","cosplayportrait-catwoman-toit-apres-la-pluie","6fb322c1-2c4d-54ff-9190-b33c5efd20e9","uuid_conserve","","upsert_par_card_id_du_catalogue"
"7417be17-0c6a-55a0-921e-82fcdfbc67fd","RCIA-C-000522","7417be17-0c6a-55a0-921e-82fcdfbc67fd","","raccourcia/cosplayportrait-jedi-hangar-avant-le-depart","card:7417be17-0c6a-55a0-921e-82fcdfbc67fd","cosplayportrait-jedi-hangar-avant-le-depart","6fb322c1-2c4d-54ff-9190-b33c5efd20e9","uuid_conserve","","upsert_par_card_id_du_catalogue"
"e63d4118-89ee-563d-af63-e6039beef3d6","RCIA-C-000523","e63d4118-89ee-563d-af63-e6039beef3d6","","raccourcia/cosplayportrait-mandalorien-casque-sous-le-bras","card:e63d4118-89ee-563d-af63-e6039beef3d6","cosplayportrait-mandalorien-casque-sous-le-bras","6fb322c1-2c4d-54ff-9190-b33c5efd20e9","uuid_conserve","","upsert_par_card_id_du_catalogue"
"795ff8d0-d140-5db6-bccc-cee430d5f41a","RCIA-C-000524","795ff8d0-d140-5db6-bccc-cee430d5f41a","","raccourcia/cosplayportrait-tron-pilote-sur-grille-lumineuse","card:795ff8d0-d140-5db6-bccc-cee430d5f41a","cosplayportrait-tron-pilote-sur-grille-lumineuse","6fb322c1-2c4d-54ff-9190-b33c5efd20e9","uuid_conserve","","upsert_par_card_id_du_catalogue"
"6047f5b0-fafb-52ca-8b5d-58c44a4c9b65","RCIA-C-000525","6047f5b0-fafb-52ca-8b5d-58c44a4c9b65","","raccourcia/cosplayportrait-lara-croft-carte-dans-les-ruines","card:6047f5b0-fafb-52ca-8b5d-58c44a4c9b65","cosplayportrait-lara-croft-carte-dans-les-ruines","6fb322c1-2c4d-54ff-9190-b33c5efd20e9","uuid_conserve","","upsert_par_card_id_du_catalogue"
"234c28ec-a557-52f1-9e57-b73048e55a27","RCIA-C-000526","234c28ec-a557-52f1-9e57-b73048e55a27","","raccourcia/cosplayportrait-link-halte-pres-du-sanctuaire","card:234c28ec-a557-52f1-9e57-b73048e55a27","cosplayportrait-link-halte-pres-du-sanctuaire","6fb322c1-2c4d-54ff-9190-b33c5efd20e9","uuid_conserve","","upsert_par_card_id_du_catalogue"
"c3021b91-ad0e-51d8-8261-a346716e31bc","RCIA-C-000527","c3021b91-ad0e-51d8-8261-a346716e31bc","","raccourcia/cosplayportrait-samus-armure-de-hangar","card:c3021b91-ad0e-51d8-8261-a346716e31bc","cosplayportrait-samus-armure-de-hangar","6fb322c1-2c4d-54ff-9190-b33c5efd20e9","uuid_conserve","","upsert_par_card_id_du_catalogue"
"f367ea17-9970-5443-bf36-be7841702a5c","RCIA-C-000528","f367ea17-9970-5443-bf36-be7841702a5c","","raccourcia/cosplayportrait-heroine-des-marees-costume-original","card:f367ea17-9970-5443-bf36-be7841702a5c","cosplayportrait-heroine-des-marees-costume-original","6fb322c1-2c4d-54ff-9190-b33c5efd20e9","uuid_conserve","","upsert_par_card_id_du_catalogue"
"42119617-6a7f-55e5-bc30-651926967fcd","RCIA-C-000529","42119617-6a7f-55e5-bc30-651926967fcd","","raccourcia/cosplayportrait-gardien-des-lucioles-costume-original","card:42119617-6a7f-55e5-bc30-651926967fcd","cosplayportrait-gardien-des-lucioles-costume-original","6fb322c1-2c4d-54ff-9190-b33c5efd20e9","uuid_conserve","","upsert_par_card_id_du_catalogue"
"c6e2c744-7146-590c-9613-bd5f1f048e7a","RCIA-C-000530","c6e2c744-7146-590c-9613-bd5f1f048e7a","","raccourcia/universeportrait-moi-dans-naruto-entrainement-de-ninja","card:c6e2c744-7146-590c-9613-bd5f1f048e7a","universeportrait-moi-dans-naruto-entrainement-de-ninja","86e14847-8bad-598f-911a-cf97a4866b7b","uuid_conserve","","upsert_par_card_id_du_catalogue"
"8485039f-11ce-5ce9-8e47-b4abffbd6c7f","RCIA-C-000531","8485039f-11ce-5ce9-8e47-b4abffbd6c7f","","raccourcia/universeportrait-moi-dans-one-piece-escale-au-port","card:8485039f-11ce-5ce9-8e47-b4abffbd6c7f","universeportrait-moi-dans-one-piece-escale-au-port","86e14847-8bad-598f-911a-cf97a4866b7b","uuid_conserve","","upsert_par_card_id_du_catalogue"
"cb89b39d-8625-5262-b8d9-75512f9034ae","RCIA-C-000532","cb89b39d-8625-5262-b8d9-75512f9034ae","","raccourcia/universeportrait-moi-dans-dragon-ball-dojo-au-matin","card:cb89b39d-8625-5262-b8d9-75512f9034ae","universeportrait-moi-dans-dragon-ball-dojo-au-matin","86e14847-8bad-598f-911a-cf97a4866b7b","uuid_conserve","","upsert_par_card_id_du_catalogue"
"b0f18947-7fff-5dbd-a193-d35fb963a426","RCIA-C-000533","b0f18947-7fff-5dbd-a193-d35fb963a426","","raccourcia/universeportrait-moi-dans-bleach-veille-sur-les-toits","card:b0f18947-7fff-5dbd-a193-d35fb963a426","universeportrait-moi-dans-bleach-veille-sur-les-toits","86e14847-8bad-598f-911a-cf97a4866b7b","uuid_conserve","","upsert_par_card_id_du_catalogue"
"cf315426-a548-5c66-b3de-0c094e476fee","RCIA-C-000534","cf315426-a548-5c66-b3de-0c094e476fee","","raccourcia/universeportrait-moi-dans-demon-slayer-sentier-de-lanternes","card:cf315426-a548-5c66-b3de-0c094e476fee","universeportrait-moi-dans-demon-slayer-sentier-de-lanternes","86e14847-8bad-598f-911a-cf97a4866b7b","uuid_conserve","","upsert_par_card_id_du_catalogue"
"5a904ced-3ca7-5a7d-8ff3-ce294f297331","RCIA-C-000535","5a904ced-3ca7-5a7d-8ff3-ce294f297331","","raccourcia/universeportrait-moi-dans-jujutsu-kaisen-station-vide","card:5a904ced-3ca7-5a7d-8ff3-ce294f297331","universeportrait-moi-dans-jujutsu-kaisen-station-vide","86e14847-8bad-598f-911a-cf97a4866b7b","uuid_conserve","","upsert_par_card_id_du_catalogue"
"4f2955eb-b9d4-555f-ad94-629a36254a09","RCIA-C-000536","4f2955eb-b9d4-555f-ad94-629a36254a09","","raccourcia/universeportrait-moi-dans-my-hero-academia-premier-entrainement","card:4f2955eb-b9d4-555f-ad94-629a36254a09","universeportrait-moi-dans-my-hero-academia-premier-entrainement","86e14847-8bad-598f-911a-cf97a4866b7b","uuid_conserve","","upsert_par_card_id_du_catalogue"
"8a82d3da-e579-5b61-89ee-29f3f3f89789","RCIA-C-000537","8a82d3da-e579-5b61-89ee-29f3f3f89789","","raccourcia/universeportrait-moi-dans-sailor-moon-toit-sous-les-etoiles","card:8a82d3da-e579-5b61-89ee-29f3f3f89789","universeportrait-moi-dans-sailor-moon-toit-sous-les-etoiles","86e14847-8bad-598f-911a-cf97a4866b7b","uuid_conserve","","upsert_par_card_id_du_catalogue"
"9486668f-a8f8-5505-85e0-62453c9d8b66","RCIA-C-000538","9486668f-a8f8-5505-85e0-62453c9d8b66","","raccourcia/universeportrait-moi-dans-pokemon-halte-au-centre-de-voyage","card:9486668f-a8f8-5505-85e0-62453c9d8b66","universeportrait-moi-dans-pokemon-halte-au-centre-de-voyage","86e14847-8bad-598f-911a-cf97a4866b7b","uuid_conserve","","upsert_par_card_id_du_catalogue"
"63295d00-bf48-5620-a15a-bf5b3804fdee","RCIA-C-000539","63295d00-bf48-5620-a15a-bf5b3804fdee","","raccourcia/universeportrait-moi-dans-les-simpsons-dimanche-au-salon","card:63295d00-bf48-5620-a15a-bf5b3804fdee","universeportrait-moi-dans-les-simpsons-dimanche-au-salon","86e14847-8bad-598f-911a-cf97a4866b7b","uuid_conserve","","upsert_par_card_id_du_catalogue"
"ae6542cd-e452-5611-a62b-b9732a75289a","RCIA-C-000540","ae6542cd-e452-5611-a62b-b9732a75289a","","raccourcia/universeportrait-moi-dans-kirikou-promenade-au-village","card:ae6542cd-e452-5611-a62b-b9732a75289a","universeportrait-moi-dans-kirikou-promenade-au-village","86e14847-8bad-598f-911a-cf97a4866b7b","uuid_conserve","","upsert_par_card_id_du_catalogue"
"96630b0d-a53a-5f2e-b4fb-224f5e2c9ec8","RCIA-C-000541","96630b0d-a53a-5f2e-b4fb-224f5e2c9ec8","","raccourcia/universeportrait-moi-dans-avatar-atelier-des-elements","card:96630b0d-a53a-5f2e-b4fb-224f5e2c9ec8","universeportrait-moi-dans-avatar-atelier-des-elements","86e14847-8bad-598f-911a-cf97a4866b7b","uuid_conserve","","upsert_par_card_id_du_catalogue"
"aae6adb4-4be9-5e57-bdb2-2e7db9e8ab30","RCIA-C-000542","aae6adb4-4be9-5e57-bdb2-2e7db9e8ab30","","raccourcia/universeportrait-moi-dans-tintin-depart-en-enquete","card:aae6adb4-4be9-5e57-bdb2-2e7db9e8ab30","universeportrait-moi-dans-tintin-depart-en-enquete","86e14847-8bad-598f-911a-cf97a4866b7b","uuid_conserve","","upsert_par_card_id_du_catalogue"
"7068596b-9008-569f-81c4-b43bdf9fb8f7","RCIA-C-000543","7068596b-9008-569f-81c4-b43bdf9fb8f7","","raccourcia/universeportrait-moi-dans-asterix-banquet-du-village","card:7068596b-9008-569f-81c4-b43bdf9fb8f7","universeportrait-moi-dans-asterix-banquet-du-village","86e14847-8bad-598f-911a-cf97a4866b7b","uuid_conserve","","upsert_par_card_id_du_catalogue"
"ab9cce16-2ff9-5477-927c-55e762969f2a","RCIA-C-000544","ab9cce16-2ff9-5477-927c-55e762969f2a","","raccourcia/universeportrait-moi-dans-lucky-luke-devant-le-saloon","card:ab9cce16-2ff9-5477-927c-55e762969f2a","universeportrait-moi-dans-lucky-luke-devant-le-saloon","86e14847-8bad-598f-911a-cf97a4866b7b","uuid_conserve","","upsert_par_card_id_du_catalogue"
"8f719a7c-35e0-5e56-b035-137ae535fc38","RCIA-C-000545","8f719a7c-35e0-5e56-b035-137ae535fc38","","raccourcia/universeportrait-moi-dans-spider-verse-quai-de-metro","card:8f719a7c-35e0-5e56-b035-137ae535fc38","universeportrait-moi-dans-spider-verse-quai-de-metro","86e14847-8bad-598f-911a-cf97a4866b7b","uuid_conserve","","upsert_par_card_id_du_catalogue"
"7985a958-de58-53a4-ba5d-8ac8983c7c19","RCIA-C-000546","7985a958-de58-53a4-ba5d-8ac8983c7c19","","raccourcia/universeportrait-moi-dans-arcane-atelier-suspendu","card:7985a958-de58-53a4-ba5d-8ac8983c7c19","universeportrait-moi-dans-arcane-atelier-suspendu","86e14847-8bad-598f-911a-cf97a4866b7b","uuid_conserve","","upsert_par_card_id_du_catalogue"
"904ae5ab-7634-5b20-b6d5-9b1748872143","RCIA-C-000547","904ae5ab-7634-5b20-b6d5-9b1748872143","","raccourcia/universeportrait-moi-dans-adventure-time-pause-sur-la-colline","card:904ae5ab-7634-5b20-b6d5-9b1748872143","universeportrait-moi-dans-adventure-time-pause-sur-la-colline","86e14847-8bad-598f-911a-cf97a4866b7b","uuid_conserve","","upsert_par_card_id_du_catalogue"
"ec47b661-d018-5d58-a4ea-89abad6c4a6f","RCIA-C-000548","ec47b661-d018-5d58-a4ea-89abad6c4a6f","","raccourcia/universeportrait-moi-dans-bob-l-eponge-visite-sous-marine","card:ec47b661-d018-5d58-a4ea-89abad6c4a6f","universeportrait-moi-dans-bob-l-eponge-visite-sous-marine","86e14847-8bad-598f-911a-cf97a4866b7b","uuid_conserve","","upsert_par_card_id_du_catalogue"
"f447bd18-ae8c-59c7-a7a9-788f995dc894","RCIA-C-000549","f447bd18-ae8c-59c7-a7a9-788f995dc894","","raccourcia/universeportrait-moi-dans-le-voyage-de-chihiro-gare-imaginaire","card:f447bd18-ae8c-59c7-a7a9-788f995dc894","universeportrait-moi-dans-le-voyage-de-chihiro-gare-imaginaire","86e14847-8bad-598f-911a-cf97a4866b7b","uuid_conserve","","upsert_par_card_id_du_catalogue"
"66dc0b03-6079-50c7-912b-e6ea2a72bc74","RCIA-C-000550","66dc0b03-6079-50c7-912b-e6ea2a72bc74","","raccourcia/craftedtoon-marionnette-de-papier-theatre-de-pluie","card:66dc0b03-6079-50c7-912b-e6ea2a72bc74","craftedtoon-marionnette-de-papier-theatre-de-pluie","913a2635-606c-5a42-8941-dc60f1b833e1","uuid_conserve","","upsert_par_card_id_du_catalogue"
"3be22e5f-ad96-5929-ae38-fa7418667d5e","RCIA-C-000551","3be22e5f-ad96-5929-ae38-fa7418667d5e","","raccourcia/craftedtoon-stop-motion-en-laine-cafe-du-matin","card:3be22e5f-ad96-5929-ae38-fa7418667d5e","craftedtoon-stop-motion-en-laine-cafe-du-matin","913a2635-606c-5a42-8941-dc60f1b833e1","uuid_conserve","","upsert_par_card_id_du_catalogue"
"5c5ebe57-7301-53c4-b605-e2d67d021149","RCIA-C-000552","5c5ebe57-7301-53c4-b605-e2d67d021149","","raccourcia/craftedtoon-animation-au-sable-visage-dans-le-vent","card:5c5ebe57-7301-53c4-b605-e2d67d021149","craftedtoon-animation-au-sable-visage-dans-le-vent","913a2635-606c-5a42-8941-dc60f1b833e1","uuid_conserve","","upsert_par_card_id_du_catalogue"
"5aab98c8-ca1b-52c9-a841-a8a976b5b666","RCIA-C-000553","5aab98c8-ca1b-52c9-a841-a8a976b5b666","","raccourcia/craftedtoon-personnage-en-allumettes-grande-aventure","card:5aab98c8-ca1b-52c9-a841-a8a976b5b666","craftedtoon-personnage-en-allumettes-grande-aventure","913a2635-606c-5a42-8941-dc60f1b833e1","uuid_conserve","","upsert_par_card_id_du_catalogue"
"e39d7718-f6fc-5969-ba25-e182b2f1a2b0","RCIA-C-000554","e39d7718-f6fc-5969-ba25-e182b2f1a2b0","","raccourcia/craftedtoon-cartoon-a-l-encre-metro-elastique","card:e39d7718-f6fc-5969-ba25-e182b2f1a2b0","craftedtoon-cartoon-a-l-encre-metro-elastique","913a2635-606c-5a42-8941-dc60f1b833e1","uuid_conserve","","upsert_par_card_id_du_catalogue"
"f93813c3-a341-598a-8e06-27d48436f2f4","RCIA-C-000555","f93813c3-a341-598a-8e06-27d48436f2f4","","raccourcia/craftedtoon-feutrine-spatiale-mission-dejeuner","card:f93813c3-a341-598a-8e06-27d48436f2f4","craftedtoon-feutrine-spatiale-mission-dejeuner","913a2635-606c-5a42-8941-dc60f1b833e1","uuid_conserve","","upsert_par_card_id_du_catalogue"
"41412839-aaa1-54d2-ac28-f3d0452b5ada","RCIA-C-000556","41412839-aaa1-54d2-ac28-f3d0452b5ada","","raccourcia/craftedtoon-animation-en-pate-a-pain-boulanger-heros","card:41412839-aaa1-54d2-ac28-f3d0452b5ada","craftedtoon-animation-en-pate-a-pain-boulanger-heros","913a2635-606c-5a42-8941-dc60f1b833e1","uuid_conserve","","upsert_par_card_id_du_catalogue"
"12b710d2-2b49-589b-89ba-bc7a1cb9f387","RCIA-C-000557","12b710d2-2b49-589b-89ba-bc7a1cb9f387","","raccourcia/craftedtoon-cartoon-vitrail-cite-des-couleurs","card:12b710d2-2b49-589b-89ba-bc7a1cb9f387","craftedtoon-cartoon-vitrail-cite-des-couleurs","913a2635-606c-5a42-8941-dc60f1b833e1","uuid_conserve","","upsert_par_card_id_du_catalogue"
"936d8671-4cde-5959-a0ac-773da35d0654","RCIA-C-000558","936d8671-4cde-5959-a0ac-773da35d0654","","raccourcia/craftedtoon-ombres-decoupees-traversee-de-foret","card:936d8671-4cde-5959-a0ac-773da35d0654","craftedtoon-ombres-decoupees-traversee-de-foret","913a2635-606c-5a42-8941-dc60f1b833e1","uuid_conserve","","upsert_par_card_id_du_catalogue"
"22144519-660a-5a33-9f17-cc1ef4f12aaf","RCIA-C-000559","22144519-660a-5a33-9f17-cc1ef4f12aaf","","raccourcia/craftedtoon-pixel-art-cafe-de-quartier","card:22144519-660a-5a33-9f17-cc1ef4f12aaf","craftedtoon-pixel-art-cafe-de-quartier","913a2635-606c-5a42-8941-dc60f1b833e1","uuid_conserve","","upsert_par_card_id_du_catalogue"
"11b3f24b-c701-5283-a420-197ef201dabe","RCIA-C-000560","11b3f24b-c701-5283-a420-197ef201dabe","","raccourcia/craftedtoon-animation-en-craie-ville-qui-s-efface","card:11b3f24b-c701-5283-a420-197ef201dabe","craftedtoon-animation-en-craie-ville-qui-s-efface","913a2635-606c-5a42-8941-dc60f1b833e1","uuid_conserve","","upsert_par_card_id_du_catalogue"
"38b88ef0-a775-5558-8bcb-cbb16f962a71","RCIA-C-000561","38b88ef0-a775-5558-8bcb-cbb16f962a71","","raccourcia/craftedtoon-cartoon-en-boites-gare-bricolee","card:38b88ef0-a775-5558-8bcb-cbb16f962a71","craftedtoon-cartoon-en-boites-gare-bricolee","913a2635-606c-5a42-8941-dc60f1b833e1","uuid_conserve","","upsert_par_card_id_du_catalogue"
"b7ae450c-2a9e-554c-85b4-1561d0385b0c","RCIA-C-000562","b7ae450c-2a9e-554c-85b4-1561d0385b0c","","raccourcia/craftedtoon-animation-aquarelle-marche-flottant","card:b7ae450c-2a9e-554c-85b4-1561d0385b0c","craftedtoon-animation-aquarelle-marche-flottant","913a2635-606c-5a42-8941-dc60f1b833e1","uuid_conserve","","upsert_par_card_id_du_catalogue"
"0cb31bcb-0225-5232-8595-d7cf97690c9d","RCIA-C-000563","0cb31bcb-0225-5232-8595-d7cf97690c9d","","raccourcia/craftedtoon-personnage-en-boutons-atelier-des-reves","card:0cb31bcb-0225-5232-8595-d7cf97690c9d","craftedtoon-personnage-en-boutons-atelier-des-reves","913a2635-606c-5a42-8941-dc60f1b833e1","uuid_conserve","","upsert_par_card_id_du_catalogue"
"00110c18-eaa1-5765-b078-d658a5c6295f","RCIA-C-000564","00110c18-eaa1-5765-b078-d658a5c6295f","","raccourcia/craftedtoon-cartoon-grave-nuit-sur-le-port","card:00110c18-eaa1-5765-b078-d658a5c6295f","craftedtoon-cartoon-grave-nuit-sur-le-port","913a2635-606c-5a42-8941-dc60f1b833e1","uuid_conserve","","upsert_par_card_id_du_catalogue"
"b5f62371-39da-54d1-b8ca-8e0c418eb3d3","RCIA-C-000565","b5f62371-39da-54d1-b8ca-8e0c418eb3d3","","raccourcia/craftedtoon-animation-en-sucre-file-fete-nuageuse","card:b5f62371-39da-54d1-b8ca-8e0c418eb3d3","craftedtoon-animation-en-sucre-file-fete-nuageuse","913a2635-606c-5a42-8941-dc60f1b833e1","uuid_conserve","","upsert_par_card_id_du_catalogue"
"29049b54-dd55-567e-ac01-ede239d29bca","RCIA-C-000566","29049b54-dd55-567e-ac01-ede239d29bca","","raccourcia/craftedtoon-personnage-en-argile-brute-atelier-solaire","card:29049b54-dd55-567e-ac01-ede239d29bca","craftedtoon-personnage-en-argile-brute-atelier-solaire","913a2635-606c-5a42-8941-dc60f1b833e1","uuid_conserve","","upsert_par_card_id_du_catalogue"
"82190f39-47a1-5348-8ea6-b66293589b08","RCIA-C-000567","82190f39-47a1-5348-8ea6-b66293589b08","","raccourcia/craftedtoon-cartoon-en-timbres-voyage-postal","card:82190f39-47a1-5348-8ea6-b66293589b08","craftedtoon-cartoon-en-timbres-voyage-postal","913a2635-606c-5a42-8941-dc60f1b833e1","uuid_conserve","","upsert_par_card_id_du_catalogue"
"62aca186-e458-5046-bb82-fcf5d4d14386","RCIA-C-000568","62aca186-e458-5046-bb82-fcf5d4d14386","","raccourcia/craftedtoon-animation-en-bijoux-bal-miniature","card:62aca186-e458-5046-bb82-fcf5d4d14386","craftedtoon-animation-en-bijoux-bal-miniature","913a2635-606c-5a42-8941-dc60f1b833e1","uuid_conserve","","upsert_par_card_id_du_catalogue"
"5a8f054c-f82c-5d61-9b09-c1f1e6d48ea0","RCIA-C-000569","5a8f054c-f82c-5d61-9b09-c1f1e6d48ea0","","raccourcia/craftedtoon-cartoon-au-stylo-bleu-reunion-de-gribouillis","card:5a8f054c-f82c-5d61-9b09-c1f1e6d48ea0","craftedtoon-cartoon-au-stylo-bleu-reunion-de-gribouillis","913a2635-606c-5a42-8941-dc60f1b833e1","uuid_conserve","","upsert_par_card_id_du_catalogue"
"774cd62c-0655-5f9a-9a97-a07c1cdbf57f","RCIA-C-000570","774cd62c-0655-5f9a-9a97-a07c1cdbf57f","","raccourcia/comicportrait-bourre-de-theatre-dignite-approximative","card:774cd62c-0655-5f9a-9a97-a07c1cdbf57f","comicportrait-bourre-de-theatre-dignite-approximative","e1aeacff-79f1-5499-95f6-7b0b11d065da","uuid_conserve","","upsert_par_card_id_du_catalogue"
"803aa0cf-86b1-5881-a3b8-2a225ab57b36","RCIA-C-000571","803aa0cf-86b1-5881-a3b8-2a225ab57b36","","raccourcia/comicportrait-effraye-par-le-grille-pain","card:803aa0cf-86b1-5881-a3b8-2a225ab57b36","comicportrait-effraye-par-le-grille-pain","e1aeacff-79f1-5499-95f6-7b0b11d065da","uuid_conserve","","upsert_par_card_id_du_catalogue"
"db82b850-a95c-5a14-b348-95381c234ba1","RCIA-C-000572","db82b850-a95c-5a14-b348-95381c234ba1","","raccourcia/comicportrait-morveux-chic-rhume-de-gala","card:db82b850-a95c-5a14-b348-95381c234ba1","comicportrait-morveux-chic-rhume-de-gala","e1aeacff-79f1-5499-95f6-7b0b11d065da","uuid_conserve","","upsert_par_card_id_du_catalogue"
"c2ee2506-4960-511f-8554-52aa0492d554","RCIA-C-000573","c2ee2506-4960-511f-8554-52aa0492d554","","raccourcia/comicportrait-jaloux-de-mon-propre-dessert","card:c2ee2506-4960-511f-8554-52aa0492d554","comicportrait-jaloux-de-mon-propre-dessert","e1aeacff-79f1-5499-95f6-7b0b11d065da","uuid_conserve","","upsert_par_card_id_du_catalogue"
"c3bce64a-2d33-5018-a6d8-c9b29aa9ec13","RCIA-C-000574","c3bce64a-2d33-5018-a6d8-c9b29aa9ec13","","raccourcia/comicportrait-moi-devant-la-facture-du-restaurant","card:c3bce64a-2d33-5018-a6d8-c9b29aa9ec13","comicportrait-moi-devant-la-facture-du-restaurant","e1aeacff-79f1-5499-95f6-7b0b11d065da","uuid_conserve","","upsert_par_card_id_du_catalogue"
"53b11fed-ba8c-5b26-813e-558560e79278","RCIA-C-000575","53b11fed-ba8c-5b26-813e-558560e79278","","raccourcia/comicportrait-le-reveil-a-gagne","card:53b11fed-ba8c-5b26-813e-558560e79278","comicportrait-le-reveil-a-gagne","e1aeacff-79f1-5499-95f6-7b0b11d065da","uuid_conserve","","upsert_par_card_id_du_catalogue"
"b7a87787-dd28-591b-af53-b1c6d0ba2259","RCIA-C-000576","b7a87787-dd28-591b-af53-b1c6d0ba2259","","raccourcia/comicportrait-la-moustache-de-mousse-heroique","card:b7a87787-dd28-591b-af53-b1c6d0ba2259","comicportrait-la-moustache-de-mousse-heroique","e1aeacff-79f1-5499-95f6-7b0b11d065da","uuid_conserve","","upsert_par_card_id_du_catalogue"
"fb34062c-92e3-5a1b-8e87-affb9c402347","RCIA-C-000577","fb34062c-92e3-5a1b-8e87-affb9c402347","","raccourcia/comicportrait-le-champion-du-dernier-biscuit","card:fb34062c-92e3-5a1b-8e87-affb9c402347","comicportrait-le-champion-du-dernier-biscuit","e1aeacff-79f1-5499-95f6-7b0b11d065da","uuid_conserve","","upsert_par_card_id_du_catalogue"
"c7ab3694-6346-5618-b73b-db52a1616d6d","RCIA-C-000578","c7ab3694-6346-5618-b73b-db52a1616d6d","","raccourcia/comicportrait-le-ventilateur-de-star-a-petit-budget","card:c7ab3694-6346-5618-b73b-db52a1616d6d","comicportrait-le-ventilateur-de-star-a-petit-budget","e1aeacff-79f1-5499-95f6-7b0b11d065da","uuid_conserve","","upsert_par_card_id_du_catalogue"
"c967ad9f-0e7d-5fa6-b784-090325a60de0","RCIA-C-000579","c967ad9f-0e7d-5fa6-b784-090325a60de0","","raccourcia/comicportrait-la-chaussette-portee-disparue","card:c967ad9f-0e7d-5fa6-b784-090325a60de0","comicportrait-la-chaussette-portee-disparue","e1aeacff-79f1-5499-95f6-7b0b11d065da","uuid_conserve","","upsert_par_card_id_du_catalogue"
"2220df72-c76d-5611-84c4-4715d1982832","RCIA-C-000580","2220df72-c76d-5611-84c4-4715d1982832","","raccourcia/comicportrait-le-lundi-me-serre-dans-ses-bras","card:2220df72-c76d-5611-84c4-4715d1982832","comicportrait-le-lundi-me-serre-dans-ses-bras","e1aeacff-79f1-5499-95f6-7b0b11d065da","uuid_conserve","","upsert_par_card_id_du_catalogue"
"49b8a0ed-55cc-5f51-aa21-2e512693aa40","RCIA-C-000581","49b8a0ed-55cc-5f51-aa21-2e512693aa40","","raccourcia/comicportrait-trop-poli-pour-partir","card:49b8a0ed-55cc-5f51-aa21-2e512693aa40","comicportrait-trop-poli-pour-partir","e1aeacff-79f1-5499-95f6-7b0b11d065da","uuid_conserve","","upsert_par_card_id_du_catalogue"
"e3f9133a-2f3a-57b6-b423-6bfa9369cbd3","RCIA-C-000582","e3f9133a-2f3a-57b6-b423-6bfa9369cbd3","","raccourcia/comicportrait-le-roi-du-barbecue-sans-allumette","card:e3f9133a-2f3a-57b6-b423-6bfa9369cbd3","comicportrait-le-roi-du-barbecue-sans-allumette","e1aeacff-79f1-5499-95f6-7b0b11d065da","uuid_conserve","","upsert_par_card_id_du_catalogue"
"33c1f8fd-fb5f-5524-8d91-97adc77a3021","RCIA-C-000583","33c1f8fd-fb5f-5524-8d91-97adc77a3021","","raccourcia/comicportrait-le-masque-beaute-pris-au-serieux","card:33c1f8fd-fb5f-5524-8d91-97adc77a3021","comicportrait-le-masque-beaute-pris-au-serieux","e1aeacff-79f1-5499-95f6-7b0b11d065da","uuid_conserve","","upsert_par_card_id_du_catalogue"
"6ff91e80-b8f6-578f-958c-35639d31fb34","RCIA-C-000584","6ff91e80-b8f6-578f-958c-35639d31fb34","","raccourcia/comicportrait-la-pluie-a-choisi-ma-coiffure","card:6ff91e80-b8f6-578f-958c-35639d31fb34","comicportrait-la-pluie-a-choisi-ma-coiffure","e1aeacff-79f1-5499-95f6-7b0b11d065da","uuid_conserve","","upsert_par_card_id_du_catalogue"
"cc3ea433-8599-5141-8814-f0d20a7240e7","RCIA-C-000585","cc3ea433-8599-5141-8814-f0d20a7240e7","","raccourcia/comicportrait-le-patron-des-plantes-mortes","card:cc3ea433-8599-5141-8814-f0d20a7240e7","comicportrait-le-patron-des-plantes-mortes","e1aeacff-79f1-5499-95f6-7b0b11d065da","uuid_conserve","","upsert_par_card_id_du_catalogue"
"f8a4b07e-8e94-5c4b-b7d7-42f0655a6ca0","RCIA-C-000586","f8a4b07e-8e94-5c4b-b7d7-42f0655a6ca0","","raccourcia/comicportrait-le-selfie-interrompu-par-un-pigeon","card:f8a4b07e-8e94-5c4b-b7d7-42f0655a6ca0","comicportrait-le-selfie-interrompu-par-un-pigeon","e1aeacff-79f1-5499-95f6-7b0b11d065da","uuid_conserve","","upsert_par_card_id_du_catalogue"
"8e3f32ee-14cf-54e0-9576-319ba7e125e5","RCIA-C-000587","8e3f32ee-14cf-54e0-9576-319ba7e125e5","","raccourcia/comicportrait-la-reunion-avec-mes-personnalites","card:8e3f32ee-14cf-54e0-9576-319ba7e125e5","comicportrait-la-reunion-avec-mes-personnalites","e1aeacff-79f1-5499-95f6-7b0b11d065da","uuid_conserve","","upsert_par_card_id_du_catalogue"
"82e37470-e20b-5716-8a2b-9a06ef86d09e","RCIA-C-000588","82e37470-e20b-5716-8a2b-9a06ef86d09e","","raccourcia/comicportrait-le-sportif-du-trajet-canape-frigo","card:82e37470-e20b-5716-8a2b-9a06ef86d09e","comicportrait-le-sportif-du-trajet-canape-frigo","e1aeacff-79f1-5499-95f6-7b0b11d065da","uuid_conserve","","upsert_par_card_id_du_catalogue"
"cdb259a8-c394-5031-be66-9aefe07f4fae","RCIA-C-000589","cdb259a8-c394-5031-be66-9aefe07f4fae","","raccourcia/comicportrait-le-grand-discours-au-chat-indifferent","card:cdb259a8-c394-5031-be66-9aefe07f4fae","comicportrait-le-grand-discours-au-chat-indifferent","e1aeacff-79f1-5499-95f6-7b0b11d065da","uuid_conserve","","upsert_par_card_id_du_catalogue"
"0d4c3bf7-d66a-5678-9dc6-5cde45d586b4","RCIA-C-000590","0d4c3bf7-d66a-5678-9dc6-5cde45d586b4","","raccourcia/memecard-moi-avant-et-apres-le-premier-cafe","card:0d4c3bf7-d66a-5678-9dc6-5cde45d586b4","memecard-moi-avant-et-apres-le-premier-cafe","7314a9ef-0171-53b5-b627-15667a68f531","uuid_conserve","","upsert_par_card_id_du_catalogue"
"a069f7e1-3c6f-5029-8d1c-6cf99dfe55bd","RCIA-C-000591","a069f7e1-3c6f-5029-8d1c-6cf99dfe55bd","","raccourcia/memecard-quand-le-wi-fi-revient","card:a069f7e1-3c6f-5029-8d1c-6cf99dfe55bd","memecard-quand-le-wi-fi-revient","7314a9ef-0171-53b5-b627-15667a68f531","uuid_conserve","","upsert_par_card_id_du_catalogue"
"3dda0333-de52-5a74-bcf3-200c336aeef2","RCIA-C-000592","3dda0333-de52-5a74-bcf3-200c336aeef2","","raccourcia/memecard-j-avais-dit-cinq-minutes","card:3dda0333-de52-5a74-bcf3-200c336aeef2","memecard-j-avais-dit-cinq-minutes","7314a9ef-0171-53b5-b627-15667a68f531","uuid_conserve","","upsert_par_card_id_du_catalogue"
"2088d56c-5e30-59f1-9ece-e2cb8c774c6b","RCIA-C-000593","2088d56c-5e30-59f1-9ece-e2cb8c774c6b","","raccourcia/memecard-budget-prevu-panier-reel","card:2088d56c-5e30-59f1-9ece-e2cb8c774c6b","memecard-budget-prevu-panier-reel","7314a9ef-0171-53b5-b627-15667a68f531","uuid_conserve","","upsert_par_card_id_du_catalogue"
"91a19bbc-7bd1-5c31-92fd-e62fdd4d2886","RCIA-C-000594","91a19bbc-7bd1-5c31-92fd-e62fdd4d2886","","raccourcia/memecard-moi-quand-le-client-dit-juste-un-detail","card:91a19bbc-7bd1-5c31-92fd-e62fdd4d2886","memecard-moi-quand-le-client-dit-juste-un-detail","7314a9ef-0171-53b5-b627-15667a68f531","uuid_conserve","","upsert_par_card_id_du_catalogue"
"7ad4711e-af2e-5348-ad74-56fd1e1b9622","RCIA-C-000595","7ad4711e-af2e-5348-ad74-56fd1e1b9622","","raccourcia/memecard-le-fichier-final-vraiment-final","card:7ad4711e-af2e-5348-ad74-56fd1e1b9622","memecard-le-fichier-final-vraiment-final","7314a9ef-0171-53b5-b627-15667a68f531","uuid_conserve","","upsert_par_card_id_du_catalogue"
"959c5157-b437-582e-9800-749e246546b7","RCIA-C-000596","959c5157-b437-582e-9800-749e246546b7","","raccourcia/memecard-quand-on-dit-on-fait-un-petit-tour","card:959c5157-b437-582e-9800-749e246546b7","memecard-quand-on-dit-on-fait-un-petit-tour","7314a9ef-0171-53b5-b627-15667a68f531","uuid_conserve","","upsert_par_card_id_du_catalogue"
"ca97e303-32e9-5905-93e5-d7a2c37958a5","RCIA-C-000597","ca97e303-32e9-5905-93e5-d7a2c37958a5","","raccourcia/memecard-le-message-vu-sans-reponse","card:ca97e303-32e9-5905-93e5-d7a2c37958a5","memecard-le-message-vu-sans-reponse","7314a9ef-0171-53b5-b627-15667a68f531","uuid_conserve","","upsert_par_card_id_du_catalogue"
"c41f8cae-c4e8-5203-a65e-ba4ea70105fa","RCIA-C-000598","c41f8cae-c4e8-5203-a65e-ba4ea70105fa","","raccourcia/memecard-moi-quand-la-camera-s-allume","card:c41f8cae-c4e8-5203-a65e-ba4ea70105fa","memecard-moi-quand-la-camera-s-allume","7314a9ef-0171-53b5-b627-15667a68f531","uuid_conserve","","upsert_par_card_id_du_catalogue"
"f3506e33-9611-5bb6-aaf5-48a5c5c74cf7","RCIA-C-000599","f3506e33-9611-5bb6-aaf5-48a5c5c74cf7","","raccourcia/memecard-mon-cerveau-a-trois-heures-du-matin","card:f3506e33-9611-5bb6-aaf5-48a5c5c74cf7","memecard-mon-cerveau-a-trois-heures-du-matin","7314a9ef-0171-53b5-b627-15667a68f531","uuid_conserve","","upsert_par_card_id_du_catalogue"
"fcecf716-e680-5bc1-9f4b-35786eb6bf01","RCIA-C-000600","fcecf716-e680-5bc1-9f4b-35786eb6bf01","","raccourcia/memecard-promesse-de-sport-realite-du-canape","card:fcecf716-e680-5bc1-9f4b-35786eb6bf01","memecard-promesse-de-sport-realite-du-canape","7314a9ef-0171-53b5-b627-15667a68f531","uuid_conserve","","upsert_par_card_id_du_catalogue"
"acc11614-c4ab-5d93-94da-30960bc979a7","RCIA-C-000601","acc11614-c4ab-5d93-94da-30960bc979a7","","raccourcia/memecard-quand-le-plat-arrive-enfin","card:acc11614-c4ab-5d93-94da-30960bc979a7","memecard-quand-le-plat-arrive-enfin","7314a9ef-0171-53b5-b627-15667a68f531","uuid_conserve","","upsert_par_card_id_du_catalogue"
"20043e4f-049f-5491-9f85-8a47a80d751d","RCIA-C-000602","20043e4f-049f-5491-9f85-8a47a80d751d","","raccourcia/memecard-le-cousin-qui-sait-tout-reparer","card:20043e4f-049f-5491-9f85-8a47a80d751d","memecard-le-cousin-qui-sait-tout-reparer","7314a9ef-0171-53b5-b627-15667a68f531","uuid_conserve","","upsert_par_card_id_du_catalogue"
"f8cf40a3-1fd7-5a61-918e-700a2fb1160d","RCIA-C-000603","f8cf40a3-1fd7-5a61-918e-700a2fb1160d","","raccourcia/memecard-moi-et-mon-dernier-pour-cent-de-batterie","card:f8cf40a3-1fd7-5a61-918e-700a2fb1160d","memecard-moi-et-mon-dernier-pour-cent-de-batterie","7314a9ef-0171-53b5-b627-15667a68f531","uuid_conserve","","upsert_par_card_id_du_catalogue"
"38ad2ad5-b8e2-5eb3-a9e2-c463a9763b06","RCIA-C-000604","38ad2ad5-b8e2-5eb3-a9e2-c463a9763b06","","raccourcia/memecard-quand-le-salaire-croise-les-factures","card:38ad2ad5-b8e2-5eb3-a9e2-c463a9763b06","memecard-quand-le-salaire-croise-les-factures","7314a9ef-0171-53b5-b627-15667a68f531","uuid_conserve","","upsert_par_card_id_du_catalogue"
"4598e23a-9f3c-5726-9177-b63ba8aeeaa3","RCIA-C-000605","4598e23a-9f3c-5726-9177-b63ba8aeeaa3","","raccourcia/memecard-le-groupe-qui-repond-apres-la-date","card:4598e23a-9f3c-5726-9177-b63ba8aeeaa3","memecard-le-groupe-qui-repond-apres-la-date","7314a9ef-0171-53b5-b627-15667a68f531","uuid_conserve","","upsert_par_card_id_du_catalogue"
"cc47be3a-48ce-5d50-8e1e-c8edd067bead","RCIA-C-000606","cc47be3a-48ce-5d50-8e1e-c8edd067bead","","raccourcia/memecard-moi-quand-on-prononce-vacances","card:cc47be3a-48ce-5d50-8e1e-c8edd067bead","memecard-moi-quand-on-prononce-vacances","7314a9ef-0171-53b5-b627-15667a68f531","uuid_conserve","","upsert_par_card_id_du_catalogue"
"fdba01be-8ce2-5d2e-9905-c0589336f1d3","RCIA-C-000607","fdba01be-8ce2-5d2e-9905-c0589336f1d3","","raccourcia/memecard-le-fichier-qui-se-ferme-sans-sauvegarder","card:fdba01be-8ce2-5d2e-9905-c0589336f1d3","memecard-le-fichier-qui-se-ferme-sans-sauvegarder","7314a9ef-0171-53b5-b627-15667a68f531","uuid_conserve","","upsert_par_card_id_du_catalogue"
"07571102-7d97-5f40-a0e8-9a5f02b24f84","RCIA-C-000608","07571102-7d97-5f40-a0e8-9a5f02b24f84","","raccourcia/memecard-quand-tout-le-monde-regarde-le-volontaire","card:07571102-7d97-5f40-a0e8-9a5f02b24f84","memecard-quand-tout-le-monde-regarde-le-volontaire","7314a9ef-0171-53b5-b627-15667a68f531","uuid_conserve","","upsert_par_card_id_du_catalogue"
"e1bf4c5b-8a6b-5ce9-80f9-5fad13541260","RCIA-C-000609","e1bf4c5b-8a6b-5ce9-80f9-5fad13541260","","raccourcia/memecard-le-plan-parfait-rencontre-la-realite","card:e1bf4c5b-8a6b-5ce9-80f9-5fad13541260","memecard-le-plan-parfait-rencontre-la-realite","7314a9ef-0171-53b5-b627-15667a68f531","uuid_conserve","","upsert_par_card_id_du_catalogue"
"1b4b33f4-5ee2-578c-87ae-e954abe5e009","RCIA-C-000610","1b4b33f4-5ee2-578c-87ae-e954abe5e009","","raccourcia/unexpectedpov-moi-vu-par-une-mouche-cuisine-geante","card:1b4b33f4-5ee2-578c-87ae-e954abe5e009","unexpectedpov-moi-vu-par-une-mouche-cuisine-geante","d6b08470-49a9-55cd-8499-25502636415e","uuid_conserve","","upsert_par_card_id_du_catalogue"
"a431de72-ced4-5527-ada9-b25cf03a8252","RCIA-C-000611","a431de72-ced4-5527-ada9-b25cf03a8252","","raccourcia/unexpectedpov-moi-vu-par-un-serpent-au-ras-du-sol","card:a431de72-ced4-5527-ada9-b25cf03a8252","unexpectedpov-moi-vu-par-un-serpent-au-ras-du-sol","d6b08470-49a9-55cd-8499-25502636415e","uuid_conserve","","upsert_par_card_id_du_catalogue"
"7396f50e-206e-5002-9fbc-743edb0f09ad","RCIA-C-000612","7396f50e-206e-5002-9fbc-743edb0f09ad","","raccourcia/unexpectedpov-moi-vu-par-un-chat-sous-le-canape","card:7396f50e-206e-5002-9fbc-743edb0f09ad","unexpectedpov-moi-vu-par-un-chat-sous-le-canape","d6b08470-49a9-55cd-8499-25502636415e","uuid_conserve","","upsert_par_card_id_du_catalogue"
"2c5ed1b9-1692-585c-a61d-588bb1d7b0b6","RCIA-C-000613","2c5ed1b9-1692-585c-a61d-588bb1d7b0b6","","raccourcia/unexpectedpov-moi-vu-par-un-chien-au-reveil","card:2c5ed1b9-1692-585c-a61d-588bb1d7b0b6","unexpectedpov-moi-vu-par-un-chien-au-reveil","d6b08470-49a9-55cd-8499-25502636415e","uuid_conserve","","upsert_par_card_id_du_catalogue"
"0c58be25-af66-56e5-a819-f108c2d54897","RCIA-C-000614","0c58be25-af66-56e5-a819-f108c2d54897","","raccourcia/unexpectedpov-moi-vu-par-une-fourmi-trottoir-monumental","card:0c58be25-af66-56e5-a819-f108c2d54897","unexpectedpov-moi-vu-par-une-fourmi-trottoir-monumental","d6b08470-49a9-55cd-8499-25502636415e","uuid_conserve","","upsert_par_card_id_du_catalogue"
"6d6b4ff7-9319-537e-9934-2a5c919a9833","RCIA-C-000615","6d6b4ff7-9319-537e-9934-2a5c919a9833","","raccourcia/unexpectedpov-moi-vu-par-une-abeille-jardin-en-approche","card:6d6b4ff7-9319-537e-9934-2a5c919a9833","unexpectedpov-moi-vu-par-une-abeille-jardin-en-approche","d6b08470-49a9-55cd-8499-25502636415e","uuid_conserve","","upsert_par_card_id_du_catalogue"
"8ce7620f-bf38-5747-92ca-c43b3eb2050a","RCIA-C-000616","8ce7620f-bf38-5747-92ca-c43b3eb2050a","","raccourcia/unexpectedpov-moi-vu-par-un-poisson-bord-du-bassin","card:8ce7620f-bf38-5747-92ca-c43b3eb2050a","unexpectedpov-moi-vu-par-un-poisson-bord-du-bassin","d6b08470-49a9-55cd-8499-25502636415e","uuid_conserve","","upsert_par_card_id_du_catalogue"
"4c9adf16-64f3-510d-9c64-375e433cb802","RCIA-C-000617","4c9adf16-64f3-510d-9c64-375e433cb802","","raccourcia/unexpectedpov-moi-vu-par-un-oiseau-sur-la-rambarde","card:4c9adf16-64f3-510d-9c64-375e433cb802","unexpectedpov-moi-vu-par-un-oiseau-sur-la-rambarde","d6b08470-49a9-55cd-8499-25502636415e","uuid_conserve","","upsert_par_card_id_du_catalogue"
"d82caf79-8d50-5061-ad36-af4dc15e5c63","RCIA-C-000618","d82caf79-8d50-5061-ad36-af4dc15e5c63","","raccourcia/unexpectedpov-moi-vu-par-un-escargot-apres-la-pluie","card:d82caf79-8d50-5061-ad36-af4dc15e5c63","unexpectedpov-moi-vu-par-un-escargot-apres-la-pluie","d6b08470-49a9-55cd-8499-25502636415e","uuid_conserve","","upsert_par_card_id_du_catalogue"
"441ea89f-f716-5364-9a3c-828483946956","RCIA-C-000619","441ea89f-f716-5364-9a3c-828483946956","","raccourcia/unexpectedpov-moi-vu-par-une-araignee-au-plafond","card:441ea89f-f716-5364-9a3c-828483946956","unexpectedpov-moi-vu-par-une-araignee-au-plafond","d6b08470-49a9-55cd-8499-25502636415e","uuid_conserve","","upsert_par_card_id_du_catalogue"
"410dee3c-1a8c-5760-8bf5-3f72d5b351e4","RCIA-C-000620","410dee3c-1a8c-5760-8bf5-3f72d5b351e4","","raccourcia/unexpectedpov-moi-vu-par-un-papillon-sur-mon-epaule","card:410dee3c-1a8c-5760-8bf5-3f72d5b351e4","unexpectedpov-moi-vu-par-un-papillon-sur-mon-epaule","d6b08470-49a9-55cd-8499-25502636415e","uuid_conserve","","upsert_par_card_id_du_catalogue"
"ec1c657f-d2e8-59e7-bc16-9d5ae3da8415","RCIA-C-000621","ec1c657f-d2e8-59e7-bc16-9d5ae3da8415","","raccourcia/unexpectedpov-moi-vu-par-une-tortue-sur-le-chemin","card:ec1c657f-d2e8-59e7-bc16-9d5ae3da8415","unexpectedpov-moi-vu-par-une-tortue-sur-le-chemin","d6b08470-49a9-55cd-8499-25502636415e","uuid_conserve","","upsert_par_card_id_du_catalogue"
"57d80943-94df-5afd-944e-91cf2c6228fa","RCIA-C-000622","57d80943-94df-5afd-944e-91cf2c6228fa","","raccourcia/unexpectedpov-moi-vu-par-un-crabe-au-bord-de-l-eau","card:57d80943-94df-5afd-944e-91cf2c6228fa","unexpectedpov-moi-vu-par-un-crabe-au-bord-de-l-eau","d6b08470-49a9-55cd-8499-25502636415e","uuid_conserve","","upsert_par_card_id_du_catalogue"
"35a6de6e-b029-5c13-8251-03da4c5a9487","RCIA-C-000623","35a6de6e-b029-5c13-8251-03da4c5a9487","","raccourcia/unexpectedpov-moi-vu-par-une-souris-dans-la-bibliotheque","card:35a6de6e-b029-5c13-8251-03da4c5a9487","unexpectedpov-moi-vu-par-une-souris-dans-la-bibliotheque","d6b08470-49a9-55cd-8499-25502636415e","uuid_conserve","","upsert_par_card_id_du_catalogue"
"dcef1415-f5ff-5bb4-b467-314fc10353cb","RCIA-C-000624","dcef1415-f5ff-5bb4-b467-314fc10353cb","","raccourcia/unexpectedpov-moi-vu-par-un-cheval-a-la-barriere","card:dcef1415-f5ff-5bb4-b467-314fc10353cb","unexpectedpov-moi-vu-par-un-cheval-a-la-barriere","d6b08470-49a9-55cd-8499-25502636415e","uuid_conserve","","upsert_par_card_id_du_catalogue"
"00874862-38f2-5350-8705-3b8d7a8f4fb7","RCIA-C-000625","00874862-38f2-5350-8705-3b8d7a8f4fb7","","raccourcia/unexpectedpov-moi-vu-par-un-drone-de-poche","card:00874862-38f2-5350-8705-3b8d7a8f4fb7","unexpectedpov-moi-vu-par-un-drone-de-poche","d6b08470-49a9-55cd-8499-25502636415e","uuid_conserve","","upsert_par_card_id_du_catalogue"
"ecea2135-1c14-5eaf-9e90-6b89c1468af2","RCIA-C-000626","ecea2135-1c14-5eaf-9e90-6b89c1468af2","","raccourcia/unexpectedpov-moi-vu-depuis-le-fond-du-sac","card:ecea2135-1c14-5eaf-9e90-6b89c1468af2","unexpectedpov-moi-vu-depuis-le-fond-du-sac","d6b08470-49a9-55cd-8499-25502636415e","uuid_conserve","","upsert_par_card_id_du_catalogue"
"568cb38e-3349-58c8-b76f-390de0621f45","RCIA-C-000627","568cb38e-3349-58c8-b76f-390de0621f45","","raccourcia/unexpectedpov-moi-vu-par-la-camera-du-frigo","card:568cb38e-3349-58c8-b76f-390de0621f45","unexpectedpov-moi-vu-par-la-camera-du-frigo","d6b08470-49a9-55cd-8499-25502636415e","uuid_conserve","","upsert_par_card_id_du_catalogue"
"c4be680c-65d8-56c8-9346-4a8eec5ea122","RCIA-C-000628","c4be680c-65d8-56c8-9346-4a8eec5ea122","","raccourcia/unexpectedpov-moi-vu-depuis-la-tasse-de-cafe","card:c4be680c-65d8-56c8-9346-4a8eec5ea122","unexpectedpov-moi-vu-depuis-la-tasse-de-cafe","d6b08470-49a9-55cd-8499-25502636415e","uuid_conserve","","upsert_par_card_id_du_catalogue"
"c662e8e2-b737-5dbb-b3cc-a85b22c5f464","RCIA-C-000629","c662e8e2-b737-5dbb-b3cc-a85b22c5f464","","raccourcia/unexpectedpov-moi-vu-par-mon-telephone-pose-au-sol","card:c662e8e2-b737-5dbb-b3cc-a85b22c5f464","unexpectedpov-moi-vu-par-mon-telephone-pose-au-sol","d6b08470-49a9-55cd-8499-25502636415e","uuid_conserve","","upsert_par_card_id_du_catalogue"
"ff392b51-11be-5f55-8841-00e72c2d42a5","RCIA-C-000630","ff392b51-11be-5f55-8841-00e72c2d42a5","","raccourcia/impossiblescene-l-ascenseur-ouvre-sur-une-foret-de-papier","card:ff392b51-11be-5f55-8841-00e72c2d42a5","impossiblescene-l-ascenseur-ouvre-sur-une-foret-de-papier","5e5b202c-80f6-5b66-832b-fe574046c8ef","uuid_conserve","","upsert_par_card_id_du_catalogue"
"1cd2fb29-f14d-51d2-9a9b-a1bd39896c02","RCIA-C-000631","1cd2fb29-f14d-51d2-9a9b-a1bd39896c02","","raccourcia/impossiblescene-le-bus-transporte-un-morceau-d-ocean","card:1cd2fb29-f14d-51d2-9a9b-a1bd39896c02","impossiblescene-le-bus-transporte-un-morceau-d-ocean","5e5b202c-80f6-5b66-832b-fe574046c8ef","uuid_conserve","","upsert_par_card_id_du_catalogue"
"14544383-7000-5bb0-b4ec-8cc59328243f","RCIA-C-000632","14544383-7000-5bb0-b4ec-8cc59328243f","","raccourcia/impossiblescene-mon-manteau-devient-une-bibliotheque","card:14544383-7000-5bb0-b4ec-8cc59328243f","impossiblescene-mon-manteau-devient-une-bibliotheque","5e5b202c-80f6-5b66-832b-fe574046c8ef","uuid_conserve","","upsert_par_card_id_du_catalogue"
"2a425afe-b9e7-53e9-99c7-1ea3df6e771b","RCIA-C-000633","2a425afe-b9e7-53e9-99c7-1ea3df6e771b","","raccourcia/impossiblescene-la-valise-contient-mon-quartier-de-nuit","card:2a425afe-b9e7-53e9-99c7-1ea3df6e771b","impossiblescene-la-valise-contient-mon-quartier-de-nuit","5e5b202c-80f6-5b66-832b-fe574046c8ef","uuid_conserve","","upsert_par_card_id_du_catalogue"
"e38779d8-3600-514e-9cde-586bc283c571","RCIA-C-000634","e38779d8-3600-514e-9cde-586bc283c571","","raccourcia/impossiblescene-la-fenetre-deroule-un-tapis-de-nuages","card:e38779d8-3600-514e-9cde-586bc283c571","impossiblescene-la-fenetre-deroule-un-tapis-de-nuages","5e5b202c-80f6-5b66-832b-fe574046c8ef","uuid_conserve","","upsert_par_card_id_du_catalogue"
"f640e45b-abc1-514a-98c3-5662c5c6393f","RCIA-C-000635","f640e45b-abc1-514a-98c3-5662c5c6393f","","raccourcia/impossiblescene-mon-ombre-prend-sa-pause-dejeuner","card:f640e45b-abc1-514a-98c3-5662c5c6393f","impossiblescene-mon-ombre-prend-sa-pause-dejeuner","5e5b202c-80f6-5b66-832b-fe574046c8ef","uuid_conserve","","upsert_par_card_id_du_catalogue"
"67fb90bd-1a31-51a2-982d-15b64aceedea","RCIA-C-000636","67fb90bd-1a31-51a2-982d-15b64aceedea","","raccourcia/impossiblescene-le-passage-pieton-devient-un-clavier","card:67fb90bd-1a31-51a2-982d-15b64aceedea","impossiblescene-le-passage-pieton-devient-un-clavier","5e5b202c-80f6-5b66-832b-fe574046c8ef","uuid_conserve","","upsert_par_card_id_du_catalogue"
"91dbcf33-51cf-5f85-883e-6879b32fd9e8","RCIA-C-000637","91dbcf33-51cf-5f85-883e-6879b32fd9e8","","raccourcia/impossiblescene-la-pluie-remonte-dans-mon-parapluie","card:91dbcf33-51cf-5f85-883e-6879b32fd9e8","impossiblescene-la-pluie-remonte-dans-mon-parapluie","5e5b202c-80f6-5b66-832b-fe574046c8ef","uuid_conserve","","upsert_par_card_id_du_catalogue"
"f713a3ad-e90c-530f-888b-ca1680771981","RCIA-C-000638","f713a3ad-e90c-530f-888b-ca1680771981","","raccourcia/impossiblescene-le-distributeur-vend-des-couchers-de-soleil","card:f713a3ad-e90c-530f-888b-ca1680771981","impossiblescene-le-distributeur-vend-des-couchers-de-soleil","5e5b202c-80f6-5b66-832b-fe574046c8ef","uuid_conserve","","upsert_par_card_id_du_catalogue"
"79b0c0c8-3157-569d-809e-bd169d507384","RCIA-C-000639","79b0c0c8-3157-569d-809e-bd169d507384","","raccourcia/impossiblescene-l-escalier-se-transforme-en-pages-de-livre","card:79b0c0c8-3157-569d-809e-bd169d507384","impossiblescene-l-escalier-se-transforme-en-pages-de-livre","5e5b202c-80f6-5b66-832b-fe574046c8ef","uuid_conserve","","upsert_par_card_id_du_catalogue"
"f9f5c210-b3d6-5084-90d6-83ca442d301c","RCIA-C-000640","f9f5c210-b3d6-5084-90d6-83ca442d301c","","raccourcia/impossiblescene-mon-casque-audio-contient-un-orchestre","card:f9f5c210-b3d6-5084-90d6-83ca442d301c","impossiblescene-mon-casque-audio-contient-un-orchestre","5e5b202c-80f6-5b66-832b-fe574046c8ef","uuid_conserve","","upsert_par_card_id_du_catalogue"
"4de67999-373f-5391-9aca-43b8555f1edd","RCIA-C-000641","4de67999-373f-5391-9aca-43b8555f1edd","","raccourcia/impossiblescene-la-porte-du-metro-donne-sur-une-plage-nocturne","card:4de67999-373f-5391-9aca-43b8555f1edd","impossiblescene-la-porte-du-metro-donne-sur-une-plage-nocturne","5e5b202c-80f6-5b66-832b-fe574046c8ef","uuid_conserve","","upsert_par_card_id_du_catalogue"
"15859d55-2da0-5c3b-9720-9738f691119d","RCIA-C-000642","15859d55-2da0-5c3b-9720-9738f691119d","","raccourcia/impossiblescene-le-cafe-dessine-une-galaxie-dans-l-air","card:15859d55-2da0-5c3b-9720-9738f691119d","impossiblescene-le-cafe-dessine-une-galaxie-dans-l-air","5e5b202c-80f6-5b66-832b-fe574046c8ef","uuid_conserve","","upsert_par_card_id_du_catalogue"
"765e66b5-fdb2-5255-b3d8-c0c06fd9feef","RCIA-C-000643","765e66b5-fdb2-5255-b3d8-c0c06fd9feef","","raccourcia/impossiblescene-mon-parapluie-est-un-jardin-suspendu","card:765e66b5-fdb2-5255-b3d8-c0c06fd9feef","impossiblescene-mon-parapluie-est-un-jardin-suspendu","5e5b202c-80f6-5b66-832b-fe574046c8ef","uuid_conserve","","upsert_par_card_id_du_catalogue"
"ca0ebb4c-7173-5d21-911a-318d21a4deb7","RCIA-C-000644","ca0ebb4c-7173-5d21-911a-318d21a4deb7","","raccourcia/impossiblescene-le-tapis-rouge-se-deroule-dans-ma-cuisine","card:ca0ebb4c-7173-5d21-911a-318d21a4deb7","impossiblescene-le-tapis-rouge-se-deroule-dans-ma-cuisine","5e5b202c-80f6-5b66-832b-fe574046c8ef","uuid_conserve","","upsert_par_card_id_du_catalogue"
"5877c4d6-b8f8-50e3-99c7-4d041beaeb04","RCIA-C-000645","5877c4d6-b8f8-50e3-99c7-4d041beaeb04","","raccourcia/impossiblescene-la-bibliotheque-range-mes-reves-en-bocaux","card:5877c4d6-b8f8-50e3-99c7-4d041beaeb04","impossiblescene-la-bibliotheque-range-mes-reves-en-bocaux","5e5b202c-80f6-5b66-832b-fe574046c8ef","uuid_conserve","","upsert_par_card_id_du_catalogue"
"85f99031-695e-519f-a42b-18567f65082c","RCIA-C-000646","85f99031-695e-519f-a42b-18567f65082c","","raccourcia/impossiblescene-le-quartier-se-replie-en-accordeon","card:85f99031-695e-519f-a42b-18567f65082c","impossiblescene-le-quartier-se-replie-en-accordeon","5e5b202c-80f6-5b66-832b-fe574046c8ef","uuid_conserve","","upsert_par_card_id_du_catalogue"
"82cd1eba-f5c1-5fa4-9ecd-b72a107223f0","RCIA-C-000647","82cd1eba-f5c1-5fa4-9ecd-b72a107223f0","","raccourcia/impossiblescene-une-baleine-de-nuage-passe-derriere-moi","card:82cd1eba-f5c1-5fa4-9ecd-b72a107223f0","impossiblescene-une-baleine-de-nuage-passe-derriere-moi","5e5b202c-80f6-5b66-832b-fe574046c8ef","uuid_conserve","","upsert_par_card_id_du_catalogue"
"cf009572-6e7d-533d-9699-04c344addd79","RCIA-C-000648","cf009572-6e7d-533d-9699-04c344addd79","","raccourcia/impossiblescene-mon-velo-laisse-une-trainee-de-fleurs","card:cf009572-6e7d-533d-9699-04c344addd79","impossiblescene-mon-velo-laisse-une-trainee-de-fleurs","5e5b202c-80f6-5b66-832b-fe574046c8ef","uuid_conserve","","upsert_par_card_id_du_catalogue"
"67822258-c6f3-5b33-bd86-2af9abb4adb7","RCIA-C-000649","67822258-c6f3-5b33-bd86-2af9abb4adb7","","raccourcia/impossiblescene-le-salon-flotte-dans-une-bulle-de-savon","card:67822258-c6f3-5b33-bd86-2af9abb4adb7","impossiblescene-le-salon-flotte-dans-une-bulle-de-savon","5e5b202c-80f6-5b66-832b-fe574046c8ef","uuid_conserve","","upsert_par_card_id_du_catalogue"
"8743bdc1-b5c4-58c3-aab4-f6e59bfa2f8c","RCIA-C-000650","8743bdc1-b5c4-58c3-aab4-f6e59bfa2f8c","","raccourcia/opticalportrait-portrait-au-periscope-de-miroirs","card:8743bdc1-b5c4-58c3-aab4-f6e59bfa2f8c","opticalportrait-portrait-au-periscope-de-miroirs","2de2a2f6-6ba6-549e-a89e-2b5fc8a1d292","uuid_conserve","","upsert_par_card_id_du_catalogue"
"f664572a-b42e-55a9-bfca-ccdd94dc8683","RCIA-C-000651","f664572a-b42e-55a9-bfca-ccdd94dc8683","","raccourcia/opticalportrait-portrait-a-travers-une-loupe-tenue","card:f664572a-b42e-55a9-bfca-ccdd94dc8683","opticalportrait-portrait-a-travers-une-loupe-tenue","2de2a2f6-6ba6-549e-a89e-2b5fc8a1d292","uuid_conserve","","upsert_par_card_id_du_catalogue"
"470e03b2-743e-5f1f-8ea7-83e28f693bfb","RCIA-C-000652","470e03b2-743e-5f1f-8ea7-83e28f693bfb","","raccourcia/opticalportrait-portrait-en-camera-a-stenope","card:470e03b2-743e-5f1f-8ea7-83e28f693bfb","opticalportrait-portrait-en-camera-a-stenope","2de2a2f6-6ba6-549e-a89e-2b5fc8a1d292","uuid_conserve","","upsert_par_card_id_du_catalogue"
"a9b076ee-5af4-5476-bf1f-7cf9c32cf98a","RCIA-C-000653","a9b076ee-5af4-5476-bf1f-7cf9c32cf98a","","raccourcia/opticalportrait-portrait-au-verre-strie","card:a9b076ee-5af4-5476-bf1f-7cf9c32cf98a","opticalportrait-portrait-au-verre-strie","2de2a2f6-6ba6-549e-a89e-2b5fc8a1d292","uuid_conserve","","upsert_par_card_id_du_catalogue"
"52b59145-b055-5aa7-8c80-8e8865eec7c6","RCIA-C-000654","52b59145-b055-5aa7-8c80-8e8865eec7c6","","raccourcia/opticalportrait-portrait-au-miroir-convexe-de-rue","card:52b59145-b055-5aa7-8c80-8e8865eec7c6","opticalportrait-portrait-au-miroir-convexe-de-rue","2de2a2f6-6ba6-549e-a89e-2b5fc8a1d292","uuid_conserve","","upsert_par_card_id_du_catalogue"
"e02c3020-8ea5-5568-8d43-639118e52f3f","RCIA-C-000655","e02c3020-8ea5-5568-8d43-639118e52f3f","","raccourcia/opticalportrait-portrait-en-projection-de-diapositives","card:e02c3020-8ea5-5568-8d43-639118e52f3f","opticalportrait-portrait-en-projection-de-diapositives","2de2a2f6-6ba6-549e-a89e-2b5fc8a1d292","uuid_conserve","","upsert_par_card_id_du_catalogue"
"23393402-6aa3-562d-b4cd-e450966ba03c","RCIA-C-000656","23393402-6aa3-562d-b4cd-e450966ba03c","","raccourcia/opticalportrait-portrait-en-photogramme-de-chambre-noire","card:23393402-6aa3-562d-b4cd-e450966ba03c","opticalportrait-portrait-en-photogramme-de-chambre-noire","2de2a2f6-6ba6-549e-a89e-2b5fc8a1d292","uuid_conserve","","upsert_par_card_id_du_catalogue"
"58ed3638-91bf-5e0c-9511-6f1e684cc30d","RCIA-C-000657","58ed3638-91bf-5e0c-9511-6f1e684cc30d","","raccourcia/opticalportrait-portrait-sous-une-lampe-de-velo","card:58ed3638-91bf-5e0c-9511-6f1e684cc30d","opticalportrait-portrait-sous-une-lampe-de-velo","2de2a2f6-6ba6-549e-a89e-2b5fc8a1d292","uuid_conserve","","upsert_par_card_id_du_catalogue"
"3f73f660-17dd-58b4-bf2d-2b4b192b4fa1","RCIA-C-000658","3f73f660-17dd-58b4-bf2d-2b4b192b4fa1","","raccourcia/opticalportrait-portrait-en-flash-rebondi-dans-un-livre","card:3f73f660-17dd-58b4-bf2d-2b4b192b4fa1","opticalportrait-portrait-en-flash-rebondi-dans-un-livre","2de2a2f6-6ba6-549e-a89e-2b5fc8a1d292","uuid_conserve","","upsert_par_card_id_du_catalogue"
"6cbe3731-2164-5a93-a98e-5d458a2d145f","RCIA-C-000659","6cbe3731-2164-5a93-a98e-5d458a2d145f","","raccourcia/opticalportrait-portrait-dans-une-goutte-sur-la-vitre","card:6cbe3731-2164-5a93-a98e-5d458a2d145f","opticalportrait-portrait-dans-une-goutte-sur-la-vitre","2de2a2f6-6ba6-549e-a89e-2b5fc8a1d292","uuid_conserve","","upsert_par_card_id_du_catalogue"
"22520140-44e6-547a-8500-c3f6f6a363d5","RCIA-C-000660","22520140-44e6-547a-8500-c3f6f6a363d5","","raccourcia/opticalportrait-portrait-par-un-tube-de-carton","card:22520140-44e6-547a-8500-c3f6f6a363d5","opticalportrait-portrait-par-un-tube-de-carton","2de2a2f6-6ba6-549e-a89e-2b5fc8a1d292","uuid_conserve","","upsert_par_card_id_du_catalogue"
"2da424b0-7a53-5ded-969c-13b87bca6d31","RCIA-C-000661","2da424b0-7a53-5ded-969c-13b87bca6d31","","raccourcia/opticalportrait-portrait-a-travers-un-voilage-raye","card:2da424b0-7a53-5ded-969c-13b87bca6d31","opticalportrait-portrait-a-travers-un-voilage-raye","2de2a2f6-6ba6-549e-a89e-2b5fc8a1d292","uuid_conserve","","upsert_par_card_id_du_catalogue"
"7f89ee2e-2a74-5858-b8f4-0e172ee1000a","RCIA-C-000662","7f89ee2e-2a74-5858-b8f4-0e172ee1000a","","raccourcia/opticalportrait-portrait-en-silhouette-de-projection-laterale","card:7f89ee2e-2a74-5858-b8f4-0e172ee1000a","opticalportrait-portrait-en-silhouette-de-projection-laterale","2de2a2f6-6ba6-549e-a89e-2b5fc8a1d292","uuid_conserve","","upsert_par_card_id_du_catalogue"
"995650ce-4d05-5eca-ad40-bbdd8a3fad2e","RCIA-C-000663","995650ce-4d05-5eca-ad40-bbdd8a3fad2e","","raccourcia/opticalportrait-portrait-au-reflecteur-froisse","card:995650ce-4d05-5eca-ad40-bbdd8a3fad2e","opticalportrait-portrait-au-reflecteur-froisse","2de2a2f6-6ba6-549e-a89e-2b5fc8a1d292","uuid_conserve","","upsert_par_card_id_du_catalogue"
"55639ab8-7916-5eeb-99be-6dd4127bd0ec","RCIA-C-000664","55639ab8-7916-5eeb-99be-6dd4127bd0ec","","raccourcia/opticalportrait-portrait-a-travers-une-bouteille-nervuree","card:55639ab8-7916-5eeb-99be-6dd4127bd0ec","opticalportrait-portrait-a-travers-une-bouteille-nervuree","2de2a2f6-6ba6-549e-a89e-2b5fc8a1d292","uuid_conserve","","upsert_par_card_id_du_catalogue"
"b431cfec-8221-58b1-9ce0-80e1890782b4","RCIA-C-000665","b431cfec-8221-58b1-9ce0-80e1890782b4","","raccourcia/opticalportrait-portrait-a-obturateur-de-rideau","card:b431cfec-8221-58b1-9ce0-80e1890782b4","opticalportrait-portrait-a-obturateur-de-rideau","2de2a2f6-6ba6-549e-a89e-2b5fc8a1d292","uuid_conserve","","upsert_par_card_id_du_catalogue"
"15d148b5-2cd0-5106-8918-523f3de200ad","RCIA-C-000666","15d148b5-2cd0-5106-8918-523f3de200ad","","raccourcia/opticalportrait-portrait-en-contact-couleur-perimee","card:15d148b5-2cd0-5106-8918-523f3de200ad","opticalportrait-portrait-en-contact-couleur-perimee","2de2a2f6-6ba6-549e-a89e-2b5fc8a1d292","uuid_conserve","","upsert_par_card_id_du_catalogue"
"485abf59-094a-55dc-a151-31cecb590cc3","RCIA-C-000667","485abf59-094a-55dc-a151-31cecb590cc3","","raccourcia/opticalportrait-portrait-au-miroir-d-eau-noire","card:485abf59-094a-55dc-a151-31cecb590cc3","opticalportrait-portrait-au-miroir-d-eau-noire","2de2a2f6-6ba6-549e-a89e-2b5fc8a1d292","uuid_conserve","","upsert_par_card_id_du_catalogue"
"b9201c7b-3510-5ca3-ad5d-7ba6ee663fca","RCIA-C-000668","b9201c7b-3510-5ca3-ad5d-7ba6ee663fca","","raccourcia/opticalportrait-portrait-a-travers-une-grille-de-lumiere","card:b9201c7b-3510-5ca3-ad5d-7ba6ee663fca","opticalportrait-portrait-a-travers-une-grille-de-lumiere","2de2a2f6-6ba6-549e-a89e-2b5fc8a1d292","uuid_conserve","","upsert_par_card_id_du_catalogue"
"d115f172-9794-580f-8703-daa939c79eaf","RCIA-C-000669","d115f172-9794-580f-8703-daa939c79eaf","","raccourcia/opticalportrait-portrait-au-viseur-de-camera-ancienne","card:d115f172-9794-580f-8703-daa939c79eaf","opticalportrait-portrait-au-viseur-de-camera-ancienne","2de2a2f6-6ba6-549e-a89e-2b5fc8a1d292","uuid_conserve","","upsert_par_card_id_du_catalogue"
"43d7b31a-ab3c-54a9-ba54-dd16ab930719","RCIA-C-000670","43d7b31a-ab3c-54a9-ba54-dd16ab930719","","raccourcia/professionportrait-portrait-de-ceramiste-mains-dans-l-argile","card:43d7b31a-ab3c-54a9-ba54-dd16ab930719","professionportrait-portrait-de-ceramiste-mains-dans-l-argile","80954d60-aae4-5fa4-823a-b8fb517eb8cb","uuid_conserve","","upsert_par_card_id_du_catalogue"
"e39adad6-26af-5210-8606-3b6ebd0d6981","RCIA-C-000671","e39adad6-26af-5210-8606-3b6ebd0d6981","","raccourcia/professionportrait-portrait-de-developpeur-tableau-de-conception","card:e39adad6-26af-5210-8606-3b6ebd0d6981","professionportrait-portrait-de-developpeur-tableau-de-conception","80954d60-aae4-5fa4-823a-b8fb517eb8cb","uuid_conserve","","upsert_par_card_id_du_catalogue"
"029b6dba-e850-5d55-9b06-8b79f905cb24","RCIA-C-000672","029b6dba-e850-5d55-9b06-8b79f905cb24","","raccourcia/professionportrait-portrait-de-patissier-finition-d-un-dessert","card:029b6dba-e850-5d55-9b06-8b79f905cb24","professionportrait-portrait-de-patissier-finition-d-un-dessert","80954d60-aae4-5fa4-823a-b8fb517eb8cb","uuid_conserve","","upsert_par_card_id_du_catalogue"
"be64e280-6ace-5502-b525-93c146ab1c46","RCIA-C-000673","be64e280-6ace-5502-b525-93c146ab1c46","","raccourcia/professionportrait-portrait-de-photographe-reglage-du-studio","card:be64e280-6ace-5502-b525-93c146ab1c46","professionportrait-portrait-de-photographe-reglage-du-studio","80954d60-aae4-5fa4-823a-b8fb517eb8cb","uuid_conserve","","upsert_par_card_id_du_catalogue"
"2465f763-6fa4-5712-8ea6-384c1a2047fd","RCIA-C-000674","2465f763-6fa4-5712-8ea6-384c1a2047fd","","raccourcia/professionportrait-portrait-de-mecanicien-velo-atelier-ouvert","card:2465f763-6fa4-5712-8ea6-384c1a2047fd","professionportrait-portrait-de-mecanicien-velo-atelier-ouvert","80954d60-aae4-5fa4-823a-b8fb517eb8cb","uuid_conserve","","upsert_par_card_id_du_catalogue"
"748278fc-e26e-5fe0-80ab-8fd2b591cdd5","RCIA-C-000675","748278fc-e26e-5fe0-80ab-8fd2b591cdd5","","raccourcia/professionportrait-portrait-de-fleuriste-bouquet-en-cours","card:748278fc-e26e-5fe0-80ab-8fd2b591cdd5","professionportrait-portrait-de-fleuriste-bouquet-en-cours","80954d60-aae4-5fa4-823a-b8fb517eb8cb","uuid_conserve","","upsert_par_card_id_du_catalogue"
"6cd0aee5-13b2-5ca5-8f08-88118127cb91","RCIA-C-000676","6cd0aee5-13b2-5ca5-8f08-88118127cb91","","raccourcia/professionportrait-portrait-de-designer-textile-choix-des-matieres","card:6cd0aee5-13b2-5ca5-8f08-88118127cb91","professionportrait-portrait-de-designer-textile-choix-des-matieres","80954d60-aae4-5fa4-823a-b8fb517eb8cb","uuid_conserve","","upsert_par_card_id_du_catalogue"
"bba70729-f7f7-5e96-91af-91172976f36f","RCIA-C-000677","bba70729-f7f7-5e96-91af-91172976f36f","","raccourcia/professionportrait-portrait-de-podcasteur-silence-avant-l-enregistrement","card:bba70729-f7f7-5e96-91af-91172976f36f","professionportrait-portrait-de-podcasteur-silence-avant-l-enregistrement","80954d60-aae4-5fa4-823a-b8fb517eb8cb","uuid_conserve","","upsert_par_card_id_du_catalogue"
"76e663db-e2bf-5679-a7c5-42989920e43b","RCIA-C-000678","76e663db-e2bf-5679-a7c5-42989920e43b","","raccourcia/professionportrait-portrait-de-chercheur-bureau-de-notes","card:76e663db-e2bf-5679-a7c5-42989920e43b","professionportrait-portrait-de-chercheur-bureau-de-notes","80954d60-aae4-5fa4-823a-b8fb517eb8cb","uuid_conserve","","upsert_par_card_id_du_catalogue"
"d5b89cd5-b470-5030-8fdf-1caeb32c7ee2","RCIA-C-000679","d5b89cd5-b470-5030-8fdf-1caeb32c7ee2","","raccourcia/professionportrait-portrait-de-formateur-atelier-participatif","card:d5b89cd5-b470-5030-8fdf-1caeb32c7ee2","professionportrait-portrait-de-formateur-atelier-participatif","80954d60-aae4-5fa4-823a-b8fb517eb8cb","uuid_conserve","","upsert_par_card_id_du_catalogue"
"3d92c66a-0573-5224-b031-4eca547b7f06","RCIA-C-000680","3d92c66a-0573-5224-b031-4eca547b7f06","","raccourcia/professionportrait-portrait-d-architecte-maquette-en-main","card:3d92c66a-0573-5224-b031-4eca547b7f06","professionportrait-portrait-d-architecte-maquette-en-main","80954d60-aae4-5fa4-823a-b8fb517eb8cb","uuid_conserve","","upsert_par_card_id_du_catalogue"
"6e568970-ff0a-5575-a233-77f1816bfe86","RCIA-C-000681","6e568970-ff0a-5575-a233-77f1816bfe86","","raccourcia/professionportrait-portrait-de-coiffeur-outils-et-miroir","card:6e568970-ff0a-5575-a233-77f1816bfe86","professionportrait-portrait-de-coiffeur-outils-et-miroir","80954d60-aae4-5fa4-823a-b8fb517eb8cb","uuid_conserve","","upsert_par_card_id_du_catalogue"
"53296bd6-c092-5744-9200-e7eb853dee93","RCIA-C-000682","53296bd6-c092-5744-9200-e7eb853dee93","","raccourcia/professionportrait-portrait-de-producteur-sonore-console-calme","card:53296bd6-c092-5744-9200-e7eb853dee93","professionportrait-portrait-de-producteur-sonore-console-calme","80954d60-aae4-5fa4-823a-b8fb517eb8cb","uuid_conserve","","upsert_par_card_id_du_catalogue"
"214acabd-aced-5aa2-b64f-4d0e7c72b9f8","RCIA-C-000683","214acabd-aced-5aa2-b64f-4d0e7c72b9f8","","raccourcia/professionportrait-portrait-d-agriculteur-au-bord-des-cultures","card:214acabd-aced-5aa2-b64f-4d0e7c72b9f8","professionportrait-portrait-d-agriculteur-au-bord-des-cultures","80954d60-aae4-5fa4-823a-b8fb517eb8cb","uuid_conserve","","upsert_par_card_id_du_catalogue"
"f58c873b-45ad-5975-9bf5-a6ac94b8cf4e","RCIA-C-000684","f58c873b-45ad-5975-9bf5-a6ac94b8cf4e","","raccourcia/professionportrait-portrait-de-libraire-conseil-au-comptoir","card:f58c873b-45ad-5975-9bf5-a6ac94b8cf4e","professionportrait-portrait-de-libraire-conseil-au-comptoir","80954d60-aae4-5fa4-823a-b8fb517eb8cb","uuid_conserve","","upsert_par_card_id_du_catalogue"
"94f89309-7751-58b5-b0e7-cbfb21905e0b","RCIA-C-000685","94f89309-7751-58b5-b0e7-cbfb21905e0b","","raccourcia/professionportrait-portrait-de-restaurateur-salle-avant-service","card:94f89309-7751-58b5-b0e7-cbfb21905e0b","professionportrait-portrait-de-restaurateur-salle-avant-service","80954d60-aae4-5fa4-823a-b8fb517eb8cb","uuid_conserve","","upsert_par_card_id_du_catalogue"
"8cec152f-03c7-5a59-9d9b-969a1d277796","RCIA-C-000686","8cec152f-03c7-5a59-9d9b-969a1d277796","","raccourcia/professionportrait-portrait-de-videaste-controle-du-cadre","card:8cec152f-03c7-5a59-9d9b-969a1d277796","professionportrait-portrait-de-videaste-controle-du-cadre","80954d60-aae4-5fa4-823a-b8fb517eb8cb","uuid_conserve","","upsert_par_card_id_du_catalogue"
"084b2b42-543b-5dd1-b4e2-8fa73f668731","RCIA-C-000687","084b2b42-543b-5dd1-b4e2-8fa73f668731","","raccourcia/professionportrait-portrait-d-artiste-plasticien-installation-en-cours","card:084b2b42-543b-5dd1-b4e2-8fa73f668731","professionportrait-portrait-d-artiste-plasticien-installation-en-cours","80954d60-aae4-5fa4-823a-b8fb517eb8cb","uuid_conserve","","upsert_par_card_id_du_catalogue"
"4d2fa831-6da9-5b48-8cf6-5a38275f3f8d","RCIA-C-000688","4d2fa831-6da9-5b48-8cf6-5a38275f3f8d","","raccourcia/professionportrait-portrait-de-mediateur-culturel-visite-de-galerie","card:4d2fa831-6da9-5b48-8cf6-5a38275f3f8d","professionportrait-portrait-de-mediateur-culturel-visite-de-galerie","80954d60-aae4-5fa4-823a-b8fb517eb8cb","uuid_conserve","","upsert_par_card_id_du_catalogue"
"89d34e2d-ca65-592a-aea8-b76ddbcc7aeb","RCIA-C-000689","89d34e2d-ca65-592a-aea8-b76ddbcc7aeb","","raccourcia/professionportrait-portrait-de-createur-independant-expedition-des-commandes","card:89d34e2d-ca65-592a-aea8-b76ddbcc7aeb","professionportrait-portrait-de-createur-independant-expedition-des-commandes","80954d60-aae4-5fa4-823a-b8fb517eb8cb","uuid_conserve","","upsert_par_card_id_du_catalogue"
"80164958-7658-5d14-9773-c28c4a5c124e","RCIA-C-000690","80164958-7658-5d14-9773-c28c4a5c124e","","raccourcia/sharedmoment-fratrie-cuisine-du-dimanche","card:80164958-7658-5d14-9773-c28c4a5c124e","sharedmoment-fratrie-cuisine-du-dimanche","2abdbfeb-808e-550f-bd40-bdaa93fac5bd","uuid_conserve","","upsert_par_card_id_du_catalogue"
"a4a7035b-8461-5207-9fe3-0cf92545755d","RCIA-C-000691","a4a7035b-8461-5207-9fe3-0cf92545755d","","raccourcia/sharedmoment-trois-generations-meme-banc","card:a4a7035b-8461-5207-9fe3-0cf92545755d","sharedmoment-trois-generations-meme-banc","2abdbfeb-808e-550f-bd40-bdaa93fac5bd","uuid_conserve","","upsert_par_card_id_du_catalogue"
"ade5964a-6e99-52f3-9773-2b4256c0bd53","RCIA-C-000692","ade5964a-6e99-52f3-9773-2b4256c0bd53","","raccourcia/sharedmoment-amis-derniere-photo-avant-le-depart","card:ade5964a-6e99-52f3-9773-2b4256c0bd53","sharedmoment-amis-derniere-photo-avant-le-depart","2abdbfeb-808e-550f-bd40-bdaa93fac5bd","uuid_conserve","","upsert_par_card_id_du_catalogue"
"943d5d35-d0ed-5136-ae9f-867c23a8d81c","RCIA-C-000693","943d5d35-d0ed-5136-ae9f-867c23a8d81c","","raccourcia/sharedmoment-couple-lecture-sous-la-pluie","card:943d5d35-d0ed-5136-ae9f-867c23a8d81c","sharedmoment-couple-lecture-sous-la-pluie","2abdbfeb-808e-550f-bd40-bdaa93fac5bd","uuid_conserve","","upsert_par_card_id_du_catalogue"
"5baa3d96-b585-5767-9670-6a76c4063bbf","RCIA-C-000694","5baa3d96-b585-5767-9670-6a76c4063bbf","","raccourcia/sharedmoment-parent-et-enfant-atelier-de-peinture","card:5baa3d96-b585-5767-9670-6a76c4063bbf","sharedmoment-parent-et-enfant-atelier-de-peinture","2abdbfeb-808e-550f-bd40-bdaa93fac5bd","uuid_conserve","","upsert_par_card_id_du_catalogue"
"07cb34c9-7345-57ab-af5c-e9efcb56bd89","RCIA-C-000695","07cb34c9-7345-57ab-af5c-e9efcb56bd89","","raccourcia/sharedmoment-retrouvailles-quai-de-gare","card:07cb34c9-7345-57ab-af5c-e9efcb56bd89","sharedmoment-retrouvailles-quai-de-gare","2abdbfeb-808e-550f-bd40-bdaa93fac5bd","uuid_conserve","","upsert_par_card_id_du_catalogue"
"f4c909a0-7f29-53a9-be76-6e8c5ca816a2","RCIA-C-000696","f4c909a0-7f29-53a9-be76-6e8c5ca816a2","","raccourcia/sharedmoment-amis-pique-nique-sous-le-grand-arbre","card:f4c909a0-7f29-53a9-be76-6e8c5ca816a2","sharedmoment-amis-pique-nique-sous-le-grand-arbre","2abdbfeb-808e-550f-bd40-bdaa93fac5bd","uuid_conserve","","upsert_par_card_id_du_catalogue"
"4a496b77-63ba-521f-810c-8e6cda35b39a","RCIA-C-000697","4a496b77-63ba-521f-810c-8e6cda35b39a","","raccourcia/sharedmoment-couple-tandem-au-bord-du-lac","card:4a496b77-63ba-521f-810c-8e6cda35b39a","sharedmoment-couple-tandem-au-bord-du-lac","2abdbfeb-808e-550f-bd40-bdaa93fac5bd","uuid_conserve","","upsert_par_card_id_du_catalogue"
"e32d7751-0e1b-54b7-bfe5-0497db67b227","RCIA-C-000698","e32d7751-0e1b-54b7-bfe5-0497db67b227","","raccourcia/sharedmoment-famille-soiree-jeux-de-societe","card:e32d7751-0e1b-54b7-bfe5-0497db67b227","sharedmoment-famille-soiree-jeux-de-societe","2abdbfeb-808e-550f-bd40-bdaa93fac5bd","uuid_conserve","","upsert_par_card_id_du_catalogue"
"ee9916ad-e690-506e-92b2-62c15c5143a2","RCIA-C-000699","ee9916ad-e690-506e-92b2-62c15c5143a2","","raccourcia/sharedmoment-complicite-avec-mon-chien-chemin-de-campagne","card:ee9916ad-e690-506e-92b2-62c15c5143a2","sharedmoment-complicite-avec-mon-chien-chemin-de-campagne","2abdbfeb-808e-550f-bd40-bdaa93fac5bd","uuid_conserve","","upsert_par_card_id_du_catalogue"
"951b7b83-c6e2-5609-a416-d6d027272c54","RCIA-C-000700","951b7b83-c6e2-5609-a416-d6d027272c54","","raccourcia/sharedmoment-complicite-avec-mon-chat-fenetre-du-matin","card:951b7b83-c6e2-5609-a416-d6d027272c54","sharedmoment-complicite-avec-mon-chat-fenetre-du-matin","2abdbfeb-808e-550f-bd40-bdaa93fac5bd","uuid_conserve","","upsert_par_card_id_du_catalogue"
"2c0f176f-8851-58af-a0bc-511b2ec6c17b","RCIA-C-000701","2c0f176f-8851-58af-a0bc-511b2ec6c17b","","raccourcia/sharedmoment-amis-photomaton-de-festival","card:2c0f176f-8851-58af-a0bc-511b2ec6c17b","sharedmoment-amis-photomaton-de-festival","2abdbfeb-808e-550f-bd40-bdaa93fac5bd","uuid_conserve","","upsert_par_card_id_du_catalogue"
"727ce1b2-9e51-59e2-9682-fe63a01477f3","RCIA-C-000702","727ce1b2-9e51-59e2-9682-fe63a01477f3","","raccourcia/sharedmoment-famille-promenade-de-bord-de-mer","card:727ce1b2-9e51-59e2-9682-fe63a01477f3","sharedmoment-famille-promenade-de-bord-de-mer","2abdbfeb-808e-550f-bd40-bdaa93fac5bd","uuid_conserve","","upsert_par_card_id_du_catalogue"
"f6a815b9-cf3a-56e3-999d-4184c49e5984","RCIA-C-000703","f6a815b9-cf3a-56e3-999d-4184c49e5984","","raccourcia/sharedmoment-couple-danse-dans-la-cuisine","card:f6a815b9-cf3a-56e3-999d-4184c49e5984","sharedmoment-couple-danse-dans-la-cuisine","2abdbfeb-808e-550f-bd40-bdaa93fac5bd","uuid_conserve","","upsert_par_card_id_du_catalogue"
"54a39963-53f3-5059-9ca8-e7959dff2b12","RCIA-C-000704","54a39963-53f3-5059-9ca8-e7959dff2b12","","raccourcia/sharedmoment-fratrie-album-retrouve","card:54a39963-53f3-5059-9ca8-e7959dff2b12","sharedmoment-fratrie-album-retrouve","2abdbfeb-808e-550f-bd40-bdaa93fac5bd","uuid_conserve","","upsert_par_card_id_du_catalogue"
"3bb67ea2-2de3-5198-ac29-741031402a50","RCIA-C-000705","3bb67ea2-2de3-5198-ac29-741031402a50","","raccourcia/sharedmoment-amitie-terrasse-apres-la-pluie","card:3bb67ea2-2de3-5198-ac29-741031402a50","sharedmoment-amitie-terrasse-apres-la-pluie","2abdbfeb-808e-550f-bd40-bdaa93fac5bd","uuid_conserve","","upsert_par_card_id_du_catalogue"
"af4865f4-8259-55ff-b25f-f0fb019dbf7d","RCIA-C-000706","af4865f4-8259-55ff-b25f-f0fb019dbf7d","","raccourcia/sharedmoment-parent-et-enfant-cerf-volant-au-parc","card:af4865f4-8259-55ff-b25f-f0fb019dbf7d","sharedmoment-parent-et-enfant-cerf-volant-au-parc","2abdbfeb-808e-550f-bd40-bdaa93fac5bd","uuid_conserve","","upsert_par_card_id_du_catalogue"
"1e026800-482f-5d15-a906-c05222379650","RCIA-C-000707","1e026800-482f-5d15-a906-c05222379650","","raccourcia/sharedmoment-grand-parent-transmission-d-un-geste","card:1e026800-482f-5d15-a906-c05222379650","sharedmoment-grand-parent-transmission-d-un-geste","2abdbfeb-808e-550f-bd40-bdaa93fac5bd","uuid_conserve","","upsert_par_card_id_du_catalogue"
"5be1f304-bdc2-53e0-9154-bc4f3ceb6864","RCIA-C-000708","5be1f304-bdc2-53e0-9154-bc4f3ceb6864","","raccourcia/sharedmoment-couple-premiere-neige-imaginaire","card:5be1f304-bdc2-53e0-9154-bc4f3ceb6864","sharedmoment-couple-premiere-neige-imaginaire","2abdbfeb-808e-550f-bd40-bdaa93fac5bd","uuid_conserve","","upsert_par_card_id_du_catalogue"
"95ee4415-5003-56c8-bef0-4f166532cce6","RCIA-C-000709","95ee4415-5003-56c8-bef0-4f166532cce6","","raccourcia/sharedmoment-amis-fin-de-repetition-musicale","card:95ee4415-5003-56c8-bef0-4f166532cce6","sharedmoment-amis-fin-de-repetition-musicale","2abdbfeb-808e-550f-bd40-bdaa93fac5bd","uuid_conserve","","upsert_par_card_id_du_catalogue"
"df8c7e43-a53d-5978-9b95-c1aebd980117","RCIA-C-000710","df8c7e43-a53d-5978-9b95-c1aebd980117","","raccourcia/editorialissue-vogue-imaginaire-atelier-des-matieres","card:df8c7e43-a53d-5978-9b95-c1aebd980117","editorialissue-vogue-imaginaire-atelier-des-matieres","4a661aed-cb81-591f-9c1a-5f567a3b2c46","uuid_conserve","","upsert_par_card_id_du_catalogue"
"86d49864-02b0-5885-8c36-bf65c90b7eed","RCIA-C-000711","86d49864-02b0-5885-8c36-bf65c90b7eed","","raccourcia/editorialissue-forbes-imaginaire-l-idee-qui-prend-forme","card:86d49864-02b0-5885-8c36-bf65c90b7eed","editorialissue-forbes-imaginaire-l-idee-qui-prend-forme","4a661aed-cb81-591f-9c1a-5f567a3b2c46","uuid_conserve","","upsert_par_card_id_du_catalogue"
"e7fdd4b0-deb0-5712-af65-9df74c86e22d","RCIA-C-000712","e7fdd4b0-deb0-5712-af65-9df74c86e22d","","raccourcia/editorialissue-magazine-cuisine-le-gout-de-la-maison","card:e7fdd4b0-deb0-5712-af65-9df74c86e22d","editorialissue-magazine-cuisine-le-gout-de-la-maison","4a661aed-cb81-591f-9c1a-5f567a3b2c46","uuid_conserve","","upsert_par_card_id_du_catalogue"
"e1a6a01a-f182-5d96-86b4-98829cc1d45e","RCIA-C-000713","e1a6a01a-f182-5d96-86b4-98829cc1d45e","","raccourcia/editorialissue-magazine-design-objets-de-demain","card:e1a6a01a-f182-5d96-86b4-98829cc1d45e","editorialissue-magazine-design-objets-de-demain","4a661aed-cb81-591f-9c1a-5f567a3b2c46","uuid_conserve","","upsert_par_card_id_du_catalogue"
"3a8f5418-548d-50df-b634-409d1c6b0f72","RCIA-C-000714","3a8f5418-548d-50df-b634-409d1c6b0f72","","raccourcia/editorialissue-magazine-musique-la-nuit-en-studio","card:3a8f5418-548d-50df-b634-409d1c6b0f72","editorialissue-magazine-musique-la-nuit-en-studio","4a661aed-cb81-591f-9c1a-5f567a3b2c46","uuid_conserve","","upsert_par_card_id_du_catalogue"
"c611d9e5-57fa-5888-b81c-2ca8dede4005","RCIA-C-000715","c611d9e5-57fa-5888-b81c-2ca8dede4005","","raccourcia/editorialissue-magazine-voyage-escale-personnelle","card:c611d9e5-57fa-5888-b81c-2ca8dede4005","editorialissue-magazine-voyage-escale-personnelle","4a661aed-cb81-591f-9c1a-5f567a3b2c46","uuid_conserve","","upsert_par_card_id_du_catalogue"
"74c8f1aa-ea82-5416-94a8-6ecd39bcdd84","RCIA-C-000716","74c8f1aa-ea82-5416-94a8-6ecd39bcdd84","","raccourcia/editorialissue-magazine-architecture-habiter-la-lumiere","card:74c8f1aa-ea82-5416-94a8-6ecd39bcdd84","editorialissue-magazine-architecture-habiter-la-lumiere","4a661aed-cb81-591f-9c1a-5f567a3b2c46","uuid_conserve","","upsert_par_card_id_du_catalogue"
"a71efb39-ab74-5dd2-bef2-7805acf663da","RCIA-C-000717","a71efb39-ab74-5dd2-bef2-7805acf663da","","raccourcia/editorialissue-magazine-sport-retour-a-l-entrainement","card:a71efb39-ab74-5dd2-bef2-7805acf663da","editorialissue-magazine-sport-retour-a-l-entrainement","4a661aed-cb81-591f-9c1a-5f567a3b2c46","uuid_conserve","","upsert_par_card_id_du_catalogue"
"efa50585-e512-5fe6-b3de-fc7e55404307","RCIA-C-000718","efa50585-e512-5fe6-b3de-fc7e55404307","","raccourcia/editorialissue-magazine-cinema-derriere-le-cadre","card:efa50585-e512-5fe6-b3de-fc7e55404307","editorialissue-magazine-cinema-derriere-le-cadre","4a661aed-cb81-591f-9c1a-5f567a3b2c46","uuid_conserve","","upsert_par_card_id_du_catalogue"
"527f8524-bc4a-5b2e-9b1f-75799da4aa22","RCIA-C-000719","527f8524-bc4a-5b2e-9b1f-75799da4aa22","","raccourcia/editorialissue-magazine-artisanat-le-temps-du-geste","card:527f8524-bc4a-5b2e-9b1f-75799da4aa22","editorialissue-magazine-artisanat-le-temps-du-geste","4a661aed-cb81-591f-9c1a-5f567a3b2c46","uuid_conserve","","upsert_par_card_id_du_catalogue"
"acfc9c79-5348-5452-9fe8-b2805ab49c11","RCIA-C-000720","acfc9c79-5348-5452-9fe8-b2805ab49c11","","raccourcia/editorialissue-magazine-jardin-une-ville-plus-verte","card:acfc9c79-5348-5452-9fe8-b2805ab49c11","editorialissue-magazine-jardin-une-ville-plus-verte","4a661aed-cb81-591f-9c1a-5f567a3b2c46","uuid_conserve","","upsert_par_card_id_du_catalogue"
"c84d156f-001c-5596-82ce-88f109bd0d44","RCIA-C-000721","c84d156f-001c-5596-82ce-88f109bd0d44","","raccourcia/editorialissue-magazine-photo-un-regard-en-ville","card:c84d156f-001c-5596-82ce-88f109bd0d44","editorialissue-magazine-photo-un-regard-en-ville","4a661aed-cb81-591f-9c1a-5f567a3b2c46","uuid_conserve","","upsert_par_card_id_du_catalogue"
"a96dbc8f-bcff-52fb-beb6-fe336d5d651e","RCIA-C-000722","a96dbc8f-bcff-52fb-beb6-fe336d5d651e","","raccourcia/editorialissue-magazine-lecture-le-livre-qui-reste","card:a96dbc8f-bcff-52fb-beb6-fe336d5d651e","editorialissue-magazine-lecture-le-livre-qui-reste","4a661aed-cb81-591f-9c1a-5f567a3b2c46","uuid_conserve","","upsert_par_card_id_du_catalogue"
"27b2ed84-cd83-5eaa-ad81-a5b06209ecd5","RCIA-C-000723","27b2ed84-cd83-5eaa-ad81-a5b06209ecd5","","raccourcia/editorialissue-magazine-streetwear-silhouette-du-quartier","card:27b2ed84-cd83-5eaa-ad81-a5b06209ecd5","editorialissue-magazine-streetwear-silhouette-du-quartier","4a661aed-cb81-591f-9c1a-5f567a3b2c46","uuid_conserve","","upsert_par_card_id_du_catalogue"
"7e7397e2-a61b-5883-b212-78675dc3afcc","RCIA-C-000724","7e7397e2-a61b-5883-b212-78675dc3afcc","","raccourcia/editorialissue-magazine-science-fiction-courrier-de-mars","card:7e7397e2-a61b-5883-b212-78675dc3afcc","editorialissue-magazine-science-fiction-courrier-de-mars","4a661aed-cb81-591f-9c1a-5f567a3b2c46","uuid_conserve","","upsert_par_card_id_du_catalogue"
"5f919f69-209f-51ab-b3ad-73fc137837bf","RCIA-C-000725","5f919f69-209f-51ab-b3ad-73fc137837bf","","raccourcia/editorialissue-magazine-animaux-mon-compagnon-en-vedette","card:5f919f69-209f-51ab-b3ad-73fc137837bf","editorialissue-magazine-animaux-mon-compagnon-en-vedette","4a661aed-cb81-591f-9c1a-5f567a3b2c46","uuid_conserve","","upsert_par_card_id_du_catalogue"
"b7ba0217-0d81-5b06-b78b-675cf3aa226a","RCIA-C-000726","b7ba0217-0d81-5b06-b78b-675cf3aa226a","","raccourcia/editorialissue-magazine-mariage-le-jour-imagine","card:b7ba0217-0d81-5b06-b78b-675cf3aa226a","editorialissue-magazine-mariage-le-jour-imagine","4a661aed-cb81-591f-9c1a-5f567a3b2c46","uuid_conserve","","upsert_par_card_id_du_catalogue"
"0b207d0d-f4d7-5e1d-8313-28cbe602b2d8","RCIA-C-000727","0b207d0d-f4d7-5e1d-8313-28cbe602b2d8","","raccourcia/editorialissue-magazine-campus-idees-en-mouvement","card:0b207d0d-f4d7-5e1d-8313-28cbe602b2d8","editorialissue-magazine-campus-idees-en-mouvement","4a661aed-cb81-591f-9c1a-5f567a3b2c46","uuid_conserve","","upsert_par_card_id_du_catalogue"
"a326acf2-3411-5a86-b360-d7c897b96692","RCIA-C-000728","a326acf2-3411-5a86-b360-d7c897b96692","","raccourcia/editorialissue-magazine-local-quartier-en-lumiere","card:a326acf2-3411-5a86-b360-d7c897b96692","editorialissue-magazine-local-quartier-en-lumiere","4a661aed-cb81-591f-9c1a-5f567a3b2c46","uuid_conserve","","upsert_par_card_id_du_catalogue"
"7c66c101-e186-5305-bfa7-bebf03669b6e","RCIA-C-000729","7c66c101-e186-5305-bfa7-bebf03669b6e","","raccourcia/editorialissue-magazine-createur-mon-univers-en-objets","card:7c66c101-e186-5305-bfa7-bebf03669b6e","editorialissue-magazine-createur-mon-univers-en-objets","4a661aed-cb81-591f-9c1a-5f567a3b2c46","uuid_conserve","","upsert_par_card_id_du_catalogue"
"1b698c03-b191-5ffc-a1d2-21ea43741aac","RCIA-C-000730","1b698c03-b191-5ffc-a1d2-21ea43741aac","","raccourcia/campaignbillboard-abribus-premium-produit-en-grand","card:1b698c03-b191-5ffc-a1d2-21ea43741aac","campaignbillboard-abribus-premium-produit-en-grand","eee5718a-145a-5813-9312-8acc19cb2b73","uuid_conserve","","upsert_par_card_id_du_catalogue"
"5f4fd4e7-0f65-57d0-bb3d-f9684dbdcda0","RCIA-C-000731","5f4fd4e7-0f65-57d0-bb3d-f9684dbdcda0","","raccourcia/campaignbillboard-panneau-de-carrefour-lecture-immediate","card:5f4fd4e7-0f65-57d0-bb3d-f9684dbdcda0","campaignbillboard-panneau-de-carrefour-lecture-immediate","eee5718a-145a-5813-9312-8acc19cb2b73","uuid_conserve","","upsert_par_card_id_du_catalogue"
"144e7703-763d-546c-a296-d3b3c55e284e","RCIA-C-000732","144e7703-763d-546c-a296-d3b3c55e284e","","raccourcia/campaignbillboard-facade-de-boutique-lancement-textile","card:144e7703-763d-546c-a296-d3b3c55e284e","campaignbillboard-facade-de-boutique-lancement-textile","eee5718a-145a-5813-9312-8acc19cb2b73","uuid_conserve","","upsert_par_card_id_du_catalogue"
"b2556521-4bc2-5d97-bc17-d31e23bc4a5a","RCIA-C-000733","b2556521-4bc2-5d97-bc17-d31e23bc4a5a","","raccourcia/campaignbillboard-station-de-metro-affiche-verticale","card:b2556521-4bc2-5d97-bc17-d31e23bc4a5a","campaignbillboard-station-de-metro-affiche-verticale","eee5718a-145a-5813-9312-8acc19cb2b73","uuid_conserve","","upsert_par_card_id_du_catalogue"
"1ca988c5-818f-5b58-88ee-6ed98ab7f1a4","RCIA-C-000734","1ca988c5-818f-5b58-88ee-6ed98ab7f1a4","","raccourcia/campaignbillboard-ecran-urbain-de-nuit-boisson-fraiche","card:1ca988c5-818f-5b58-88ee-6ed98ab7f1a4","campaignbillboard-ecran-urbain-de-nuit-boisson-fraiche","eee5718a-145a-5813-9312-8acc19cb2b73","uuid_conserve","","upsert_par_card_id_du_catalogue"
"23399714-a93f-555c-9343-e1f9557f6195","RCIA-C-000735","23399714-a93f-555c-9343-e1f9557f6195","","raccourcia/campaignbillboard-palissade-de-chantier-futur-lieu","card:23399714-a93f-555c-9343-e1f9557f6195","campaignbillboard-palissade-de-chantier-futur-lieu","eee5718a-145a-5813-9312-8acc19cb2b73","uuid_conserve","","upsert_par_card_id_du_catalogue"
"c9acf07e-9496-5bcf-8daf-b938cd5fc5ca","RCIA-C-000736","c9acf07e-9496-5bcf-8daf-b938cd5fc5ca","","raccourcia/campaignbillboard-bus-de-ville-campagne-enveloppante","card:c9acf07e-9496-5bcf-8daf-b938cd5fc5ca","campaignbillboard-bus-de-ville-campagne-enveloppante","eee5718a-145a-5813-9312-8acc19cb2b73","uuid_conserve","","upsert_par_card_id_du_catalogue"
"a847fd00-6cbf-51bc-8688-0e6763962961","RCIA-C-000737","a847fd00-6cbf-51bc-8688-0e6763962961","","raccourcia/campaignbillboard-totem-de-salon-accueil-de-marque","card:a847fd00-6cbf-51bc-8688-0e6763962961","campaignbillboard-totem-de-salon-accueil-de-marque","eee5718a-145a-5813-9312-8acc19cb2b73","uuid_conserve","","upsert_par_card_id_du_catalogue"
"b741c7d0-07c0-54bc-9e47-9248cd8289e5","RCIA-C-000738","b741c7d0-07c0-54bc-9e47-9248cd8289e5","","raccourcia/campaignbillboard-vitrine-de-patisserie-offre-du-jour","card:b741c7d0-07c0-54bc-9e47-9248cd8289e5","campaignbillboard-vitrine-de-patisserie-offre-du-jour","eee5718a-145a-5813-9312-8acc19cb2b73","uuid_conserve","","upsert_par_card_id_du_catalogue"
"0bbe4092-eb0a-5852-9767-42a0aecb2070","RCIA-C-000739","0bbe4092-eb0a-5852-9767-42a0aecb2070","","raccourcia/campaignbillboard-panneau-de-stade-marque-en-mouvement","card:0bbe4092-eb0a-5852-9767-42a0aecb2070","campaignbillboard-panneau-de-stade-marque-en-mouvement","eee5718a-145a-5813-9312-8acc19cb2b73","uuid_conserve","","upsert_par_card_id_du_catalogue"
"1de2594f-ce63-506e-94b9-96ffccaa3b45","RCIA-C-000740","1de2594f-ce63-506e-94b9-96ffccaa3b45","","raccourcia/campaignbillboard-colonne-urbaine-evenement-culturel","card:1de2594f-ce63-506e-94b9-96ffccaa3b45","campaignbillboard-colonne-urbaine-evenement-culturel","eee5718a-145a-5813-9312-8acc19cb2b73","uuid_conserve","","upsert_par_card_id_du_catalogue"
"5a18a7ca-fc32-5ac4-b681-f8f8f5518d10","RCIA-C-000741","5a18a7ca-fc32-5ac4-b681-f8f8f5518d10","","raccourcia/campaignbillboard-panneau-de-marche-commerce-local","card:5a18a7ca-fc32-5ac4-b681-f8f8f5518d10","campaignbillboard-panneau-de-marche-commerce-local","eee5718a-145a-5813-9312-8acc19cb2b73","uuid_conserve","","upsert_par_card_id_du_catalogue"
"23e2f237-1151-54e5-a9db-1782d2adcd94","RCIA-C-000742","23e2f237-1151-54e5-a9db-1782d2adcd94","","raccourcia/campaignbillboard-affichage-d-ascenseur-message-minimal","card:23e2f237-1151-54e5-a9db-1782d2adcd94","campaignbillboard-affichage-d-ascenseur-message-minimal","eee5718a-145a-5813-9312-8acc19cb2b73","uuid_conserve","","upsert_par_card_id_du_catalogue"
"df85b618-3766-5e96-a8af-2d0adb0c399a","RCIA-C-000743","df85b618-3766-5e96-a8af-2d0adb0c399a","","raccourcia/campaignbillboard-panneau-de-festival-programmation-claire","card:df85b618-3766-5e96-a8af-2d0adb0c399a","campaignbillboard-panneau-de-festival-programmation-claire","eee5718a-145a-5813-9312-8acc19cb2b73","uuid_conserve","","upsert_par_card_id_du_catalogue"
"ed686aaa-237d-5b00-9d2a-9984b33bf77d","RCIA-C-000744","ed686aaa-237d-5b00-9d2a-9984b33bf77d","","raccourcia/campaignbillboard-ecran-de-centre-commercial-lancement-produit","card:ed686aaa-237d-5b00-9d2a-9984b33bf77d","campaignbillboard-ecran-de-centre-commercial-lancement-produit","eee5718a-145a-5813-9312-8acc19cb2b73","uuid_conserve","","upsert_par_card_id_du_catalogue"
"68c7ccec-14f6-5c41-930f-151a3f183fcf","RCIA-C-000745","68c7ccec-14f6-5c41-930f-151a3f183fcf","","raccourcia/campaignbillboard-kiosque-de-plage-marque-estivale","card:68c7ccec-14f6-5c41-930f-151a3f183fcf","campaignbillboard-kiosque-de-plage-marque-estivale","eee5718a-145a-5813-9312-8acc19cb2b73","uuid_conserve","","upsert_par_card_id_du_catalogue"
"33f546ac-ef7e-51fb-9672-5239c7d05d27","RCIA-C-000746","33f546ac-ef7e-51fb-9672-5239c7d05d27","","raccourcia/campaignbillboard-panneau-de-parking-service-utile","card:33f546ac-ef7e-51fb-9672-5239c7d05d27","campaignbillboard-panneau-de-parking-service-utile","eee5718a-145a-5813-9312-8acc19cb2b73","uuid_conserve","","upsert_par_card_id_du_catalogue"
"6aaa57b6-82d9-57a7-bae1-2492a1189c52","RCIA-C-000747","6aaa57b6-82d9-57a7-bae1-2492a1189c52","","raccourcia/campaignbillboard-mur-de-campus-atelier-a-rejoindre","card:6aaa57b6-82d9-57a7-bae1-2492a1189c52","campaignbillboard-mur-de-campus-atelier-a-rejoindre","eee5718a-145a-5813-9312-8acc19cb2b73","uuid_conserve","","upsert_par_card_id_du_catalogue"
"4a0a2b51-456b-52e7-ac94-3282c544eb3c","RCIA-C-000748","4a0a2b51-456b-52e7-ac94-3282c544eb3c","","raccourcia/campaignbillboard-affiche-de-cinema-avant-premiere-fictive","card:4a0a2b51-456b-52e7-ac94-3282c544eb3c","campaignbillboard-affiche-de-cinema-avant-premiere-fictive","eee5718a-145a-5813-9312-8acc19cb2b73","uuid_conserve","","upsert_par_card_id_du_catalogue"
"3071ad7b-981c-533f-94e2-de335adedd68","RCIA-C-000749","3071ad7b-981c-533f-94e2-de335adedd68","","raccourcia/campaignbillboard-panneau-suspendu-de-boutique-repere-de-marque","card:3071ad7b-981c-533f-94e2-de335adedd68","campaignbillboard-panneau-suspendu-de-boutique-repere-de-marque","eee5718a-145a-5813-9312-8acc19cb2b73","uuid_conserve","","upsert_par_card_id_du_catalogue"
"f7876da7-4f51-53cc-ad72-e9f8832bc77b","RCIA-C-000750","f7876da7-4f51-53cc-ad72-e9f8832bc77b","","raccourcia/promoflyer-flyer-restaurant-plat-signature","card:f7876da7-4f51-53cc-ad72-e9f8832bc77b","promoflyer-flyer-restaurant-plat-signature","03d52e98-7d94-5bc5-ba82-738d76c553a3","uuid_conserve","","upsert_par_card_id_du_catalogue"
"cdb3e064-4875-5809-96a2-07213c88af09","RCIA-C-000751","cdb3e064-4875-5809-96a2-07213c88af09","","raccourcia/promoflyer-flyer-salon-de-coiffure-rendez-vous","card:cdb3e064-4875-5809-96a2-07213c88af09","promoflyer-flyer-salon-de-coiffure-rendez-vous","03d52e98-7d94-5bc5-ba82-738d76c553a3","uuid_conserve","","upsert_par_card_id_du_catalogue"
"c7232241-9f7f-595d-8ee3-bb44fcc9168c","RCIA-C-000752","c7232241-9f7f-595d-8ee3-bb44fcc9168c","","raccourcia/promoflyer-flyer-boutique-mode-nouvelle-collection","card:c7232241-9f7f-595d-8ee3-bb44fcc9168c","promoflyer-flyer-boutique-mode-nouvelle-collection","03d52e98-7d94-5bc5-ba82-738d76c553a3","uuid_conserve","","upsert_par_card_id_du_catalogue"
"162775ec-32ef-53be-9a9d-0d4c84990547","RCIA-C-000753","162775ec-32ef-53be-9a9d-0d4c84990547","","raccourcia/promoflyer-flyer-artisan-fait-avec-soin","card:162775ec-32ef-53be-9a9d-0d4c84990547","promoflyer-flyer-artisan-fait-avec-soin","03d52e98-7d94-5bc5-ba82-738d76c553a3","uuid_conserve","","upsert_par_card_id_du_catalogue"
"1a1ed945-7c29-5a1c-a5b0-4855a6d11fb4","RCIA-C-000754","1a1ed945-7c29-5a1c-a5b0-4855a6d11fb4","","raccourcia/promoflyer-flyer-cours-apprendre-un-geste","card:1a1ed945-7c29-5a1c-a5b0-4855a6d11fb4","promoflyer-flyer-cours-apprendre-un-geste","03d52e98-7d94-5bc5-ba82-738d76c553a3","uuid_conserve","","upsert_par_card_id_du_catalogue"
"3e7525c8-a4e1-5f11-8bc4-7220b032b9c7","RCIA-C-000755","3e7525c8-a4e1-5f11-8bc4-7220b032b9c7","","raccourcia/promoflyer-flyer-concert-scene-et-rythme","card:3e7525c8-a4e1-5f11-8bc4-7220b032b9c7","promoflyer-flyer-concert-scene-et-rythme","03d52e98-7d94-5bc5-ba82-738d76c553a3","uuid_conserve","","upsert_par_card_id_du_catalogue"
"6e921ecb-0b3c-53b7-82e1-d87f6d8f006f","RCIA-C-000756","6e921ecb-0b3c-53b7-82e1-d87f6d8f006f","","raccourcia/promoflyer-flyer-immobilier-visite-lumineuse","card:6e921ecb-0b3c-53b7-82e1-d87f6d8f006f","promoflyer-flyer-immobilier-visite-lumineuse","03d52e98-7d94-5bc5-ba82-738d76c553a3","uuid_conserve","","upsert_par_card_id_du_catalogue"
"5c06170c-aa0d-54e9-a200-36079693df25","RCIA-C-000757","5c06170c-aa0d-54e9-a200-36079693df25","","raccourcia/promoflyer-flyer-livraison-commande-en-trois-reperes","card:5c06170c-aa0d-54e9-a200-36079693df25","promoflyer-flyer-livraison-commande-en-trois-reperes","03d52e98-7d94-5bc5-ba82-738d76c553a3","uuid_conserve","","upsert_par_card_id_du_catalogue"
"43920c6f-5ec6-5f75-807e-deed97b31c29","RCIA-C-000758","43920c6f-5ec6-5f75-807e-deed97b31c29","","raccourcia/promoflyer-flyer-beaute-texture-et-produit","card:43920c6f-5ec6-5f75-807e-deed97b31c29","promoflyer-flyer-beaute-texture-et-produit","03d52e98-7d94-5bc5-ba82-738d76c553a3","uuid_conserve","","upsert_par_card_id_du_catalogue"
"4ce51242-be56-5c75-a3e2-77302e35aae8","RCIA-C-000759","4ce51242-be56-5c75-a3e2-77302e35aae8","","raccourcia/promoflyer-flyer-patisserie-boite-a-partager","card:4ce51242-be56-5c75-a3e2-77302e35aae8","promoflyer-flyer-patisserie-boite-a-partager","03d52e98-7d94-5bc5-ba82-738d76c553a3","uuid_conserve","","upsert_par_card_id_du_catalogue"
"9cae2a78-0ece-5fe0-a239-c73c0e5d5054","RCIA-C-000760","9cae2a78-0ece-5fe0-a239-c73c0e5d5054","","raccourcia/promoflyer-flyer-sport-seance-decouverte","card:9cae2a78-0ece-5fe0-a239-c73c0e5d5054","promoflyer-flyer-sport-seance-decouverte","03d52e98-7d94-5bc5-ba82-738d76c553a3","uuid_conserve","","upsert_par_card_id_du_catalogue"
"cca661a6-7461-5142-a457-4387c5217da1","RCIA-C-000761","cca661a6-7461-5142-a457-4387c5217da1","","raccourcia/promoflyer-flyer-photographie-seance-portrait","card:cca661a6-7461-5142-a457-4387c5217da1","promoflyer-flyer-photographie-seance-portrait","03d52e98-7d94-5bc5-ba82-738d76c553a3","uuid_conserve","","upsert_par_card_id_du_catalogue"
"e78dcd72-2260-507c-bf74-574ed2b9eabe","RCIA-C-000762","e78dcd72-2260-507c-bf74-574ed2b9eabe","","raccourcia/promoflyer-flyer-mariage-prestataire-creatif","card:e78dcd72-2260-507c-bf74-574ed2b9eabe","promoflyer-flyer-mariage-prestataire-creatif","03d52e98-7d94-5bc5-ba82-738d76c553a3","uuid_conserve","","upsert_par_card_id_du_catalogue"
"4dee070d-752a-5711-b87c-e507004ef530","RCIA-C-000763","4dee070d-752a-5711-b87c-e507004ef530","","raccourcia/promoflyer-flyer-reparation-velo-atelier-local","card:4dee070d-752a-5711-b87c-e507004ef530","promoflyer-flyer-reparation-velo-atelier-local","03d52e98-7d94-5bc5-ba82-738d76c553a3","uuid_conserve","","upsert_par_card_id_du_catalogue"
"5c55af92-a545-5682-b6dc-d8b8c047a76d","RCIA-C-000764","5c55af92-a545-5682-b6dc-d8b8c047a76d","","raccourcia/promoflyer-flyer-librairie-rencontre-autour-d-un-livre","card:5c55af92-a545-5682-b6dc-d8b8c047a76d","promoflyer-flyer-librairie-rencontre-autour-d-un-livre","03d52e98-7d94-5bc5-ba82-738d76c553a3","uuid_conserve","","upsert_par_card_id_du_catalogue"
"df1bcab3-dada-5976-abdd-e390bce3d0f3","RCIA-C-000765","df1bcab3-dada-5976-abdd-e390bce3d0f3","","raccourcia/promoflyer-flyer-cafe-pause-du-matin","card:df1bcab3-dada-5976-abdd-e390bce3d0f3","promoflyer-flyer-cafe-pause-du-matin","03d52e98-7d94-5bc5-ba82-738d76c553a3","uuid_conserve","","upsert_par_card_id_du_catalogue"
"f9aae1db-d521-519e-ae31-0d920a48173b","RCIA-C-000766","f9aae1db-d521-519e-ae31-0d920a48173b","","raccourcia/promoflyer-flyer-application-benefice-unique","card:f9aae1db-d521-519e-ae31-0d920a48173b","promoflyer-flyer-application-benefice-unique","03d52e98-7d94-5bc5-ba82-738d76c553a3","uuid_conserve","","upsert_par_card_id_du_catalogue"
"536a44ba-9c42-5933-a31a-dbb48286e3f4","RCIA-C-000767","536a44ba-9c42-5933-a31a-dbb48286e3f4","","raccourcia/promoflyer-flyer-atelier-enfants-creation-joyeuse","card:536a44ba-9c42-5933-a31a-dbb48286e3f4","promoflyer-flyer-atelier-enfants-creation-joyeuse","03d52e98-7d94-5bc5-ba82-738d76c553a3","uuid_conserve","","upsert_par_card_id_du_catalogue"
"f7546e54-02f2-5cf3-85cd-f7aca4b1780a","RCIA-C-000768","f7546e54-02f2-5cf3-85cd-f7aca4b1780a","","raccourcia/promoflyer-flyer-marche-de-createurs-objets-reunis","card:f7546e54-02f2-5cf3-85cd-f7aca4b1780a","promoflyer-flyer-marche-de-createurs-objets-reunis","03d52e98-7d94-5bc5-ba82-738d76c553a3","uuid_conserve","","upsert_par_card_id_du_catalogue"
"37166993-7ca5-5fd4-bc34-91469dc7fe93","RCIA-C-000769","37166993-7ca5-5fd4-bc34-91469dc7fe93","","raccourcia/promoflyer-flyer-service-independant-offre-claire","card:37166993-7ca5-5fd4-bc34-91469dc7fe93","promoflyer-flyer-service-independant-offre-claire","03d52e98-7d94-5bc5-ba82-738d76c553a3","uuid_conserve","","upsert_par_card_id_du_catalogue"
"00b56d9c-9d23-56c8-b90a-37f0664d79fd","RCIA-C-000770","00b56d9c-9d23-56c8-b90a-37f0664d79fd","","raccourcia/adcreative-personnalisation-le-produit-porte-votre-prenom","card:00b56d9c-9d23-56c8-b90a-37f0664d79fd","adcreative-personnalisation-le-produit-porte-votre-prenom","d13fa52d-ab1f-5a67-940d-cbfd68765496","uuid_conserve","","upsert_par_card_id_du_catalogue"
"c3891202-edd9-5521-a986-0aacd2b0af4b","RCIA-C-000771","c3891202-edd9-5521-a986-0aacd2b0af4b","","raccourcia/adcreative-beaute-reelle-portrait-sans-peau-plastique","card:c3891202-edd9-5521-a986-0aacd2b0af4b","adcreative-beaute-reelle-portrait-sans-peau-plastique","d13fa52d-ab1f-5a67-940d-cbfd68765496","uuid_conserve","","upsert_par_card_id_du_catalogue"
"06c657db-5f14-5d3b-ba2b-c12611836d2f","RCIA-C-000772","06c657db-5f14-5d3b-ba2b-c12611836d2f","","raccourcia/adcreative-bilan-personnel-mes-chiffres-en-couleurs","card:06c657db-5f14-5d3b-ba2b-c12611836d2f","adcreative-bilan-personnel-mes-chiffres-en-couleurs","d13fa52d-ab1f-5a67-940d-cbfd68765496","uuid_conserve","","upsert_par_card_id_du_catalogue"
"a8661a3b-ea39-5fd0-8c0f-177a66a3787c","RCIA-C-000773","a8661a3b-ea39-5fd0-8c0f-177a66a3787c","","raccourcia/adcreative-la-preuve-par-l-image-usage-en-grand","card:a8661a3b-ea39-5fd0-8c0f-177a66a3787c","adcreative-la-preuve-par-l-image-usage-en-grand","d13fa52d-ab1f-5a67-940d-cbfd68765496","uuid_conserve","","upsert_par_card_id_du_catalogue"
"9ba811f5-d07b-5a00-94d6-c68651f195d9","RCIA-C-000774","9ba811f5-d07b-5a00-94d6-c68651f195d9","","raccourcia/adcreative-le-produit-plus-grand-que-la-ville","card:9ba811f5-d07b-5a00-94d6-c68651f195d9","adcreative-le-produit-plus-grand-que-la-ville","d13fa52d-ab1f-5a67-940d-cbfd68765496","uuid_conserve","","upsert_par_card_id_du_catalogue"
"d9932886-afa1-59a5-a59c-97f4db40fc6a","RCIA-C-000775","d9932886-afa1-59a5-a59c-97f4db40fc6a","","raccourcia/adcreative-l-ingredient-devient-un-paysage","card:d9932886-afa1-59a5-a59c-97f4db40fc6a","adcreative-l-ingredient-devient-un-paysage","d13fa52d-ab1f-5a67-940d-cbfd68765496","uuid_conserve","","upsert_par_card_id_du_catalogue"
"6b98795d-d0db-5ae9-867c-12f2e7cb9282","RCIA-C-000776","6b98795d-d0db-5ae9-867c-12f2e7cb9282","","raccourcia/adcreative-le-probleme-tient-dans-une-seule-image","card:6b98795d-d0db-5ae9-867c-12f2e7cb9282","adcreative-le-probleme-tient-dans-une-seule-image","d13fa52d-ab1f-5a67-940d-cbfd68765496","uuid_conserve","","upsert_par_card_id_du_catalogue"
"1edc6932-18c1-5683-ab03-d4111642456c","RCIA-C-000777","1edc6932-18c1-5683-ab03-d4111642456c","","raccourcia/adcreative-le-produit-dessine-son-benefice-en-ombre","card:1edc6932-18c1-5683-ab03-d4111642456c","adcreative-le-produit-dessine-son-benefice-en-ombre","d13fa52d-ab1f-5a67-940d-cbfd68765496","uuid_conserve","","upsert_par_card_id_du_catalogue"
"2256f585-f6e7-5588-b3a7-0979726ba2b4","RCIA-C-000778","2256f585-f6e7-5588-b3a7-0979726ba2b4","","raccourcia/adcreative-une-journee-trois-moments-d-usage","card:2256f585-f6e7-5588-b3a7-0979726ba2b4","adcreative-une-journee-trois-moments-d-usage","d13fa52d-ab1f-5a67-940d-cbfd68765496","uuid_conserve","","upsert_par_card_id_du_catalogue"
"abcf4e9e-4e0a-5999-9ae3-833bca7e64bc","RCIA-C-000779","abcf4e9e-4e0a-5999-9ae3-833bca7e64bc","","raccourcia/adcreative-le-geste-du-createur-au-premier-plan","card:abcf4e9e-4e0a-5999-9ae3-833bca7e64bc","adcreative-le-geste-du-createur-au-premier-plan","d13fa52d-ab1f-5a67-940d-cbfd68765496","uuid_conserve","","upsert_par_card_id_du_catalogue"
"0fd72d5e-617d-5883-8d3e-4639f7a3c75f","RCIA-C-000780","0fd72d5e-617d-5883-8d3e-4639f7a3c75f","","raccourcia/adcreative-la-pause-que-tout-le-monde-attend","card:0fd72d5e-617d-5883-8d3e-4639f7a3c75f","adcreative-la-pause-que-tout-le-monde-attend","d13fa52d-ab1f-5a67-940d-cbfd68765496","uuid_conserve","","upsert_par_card_id_du_catalogue"
"3bf8b8a9-9b3f-53c6-a637-88bd90ac957c","RCIA-C-000781","3bf8b8a9-9b3f-53c6-a637-88bd90ac957c","","raccourcia/adcreative-le-produit-dans-un-musee-imaginaire","card:3bf8b8a9-9b3f-53c6-a637-88bd90ac957c","adcreative-le-produit-dans-un-musee-imaginaire","d13fa52d-ab1f-5a67-940d-cbfd68765496","uuid_conserve","","upsert_par_card_id_du_catalogue"
"99578c85-3b8f-5f68-bd96-1fbba6be2618","RCIA-C-000782","99578c85-3b8f-5f68-bd96-1fbba6be2618","","raccourcia/adcreative-le-detail-qui-merite-un-gros-plan","card:99578c85-3b8f-5f68-bd96-1fbba6be2618","adcreative-le-detail-qui-merite-un-gros-plan","d13fa52d-ab1f-5a67-940d-cbfd68765496","uuid_conserve","","upsert_par_card_id_du_catalogue"
"d9edd3b1-862b-5ab4-8657-46b21edd074f","RCIA-C-000783","d9edd3b1-862b-5ab4-8657-46b21edd074f","","raccourcia/adcreative-l-offre-qui-se-lit-comme-une-affiche-de-film","card:d9edd3b1-862b-5ab4-8657-46b21edd074f","adcreative-l-offre-qui-se-lit-comme-une-affiche-de-film","d13fa52d-ab1f-5a67-940d-cbfd68765496","uuid_conserve","","upsert_par_card_id_du_catalogue"
"0b4e2d7f-f464-5511-aa0a-bdc8e3531ee3","RCIA-C-000784","0b4e2d7f-f464-5511-aa0a-bdc8e3531ee3","","raccourcia/adcreative-la-collection-comme-un-orchestre","card:0b4e2d7f-f464-5511-aa0a-bdc8e3531ee3","adcreative-la-collection-comme-un-orchestre","d13fa52d-ab1f-5a67-940d-cbfd68765496","uuid_conserve","","upsert_par_card_id_du_catalogue"
"5e304a28-5484-5972-83c9-538b262177cf","RCIA-C-000785","5e304a28-5484-5972-83c9-538b262177cf","","raccourcia/adcreative-le-colis-ouvre-un-petit-monde","card:5e304a28-5484-5972-83c9-538b262177cf","adcreative-le-colis-ouvre-un-petit-monde","d13fa52d-ab1f-5a67-940d-cbfd68765496","uuid_conserve","","upsert_par_card_id_du_catalogue"
"8c8bcbef-22fc-543f-b461-42ba7356b5ae","RCIA-C-000786","8c8bcbef-22fc-543f-b461-42ba7356b5ae","","raccourcia/adcreative-une-affiche-entierement-construite-avec-le-logo","card:8c8bcbef-22fc-543f-b461-42ba7356b5ae","adcreative-une-affiche-entierement-construite-avec-le-logo","d13fa52d-ab1f-5a67-940d-cbfd68765496","uuid_conserve","","upsert_par_card_id_du_catalogue"
"d664e65d-2b57-53f4-833d-ece9ea9bfc0a","RCIA-C-000787","d664e65d-2b57-53f4-833d-ece9ea9bfc0a","","raccourcia/adcreative-le-produit-traverse-les-saisons","card:d664e65d-2b57-53f4-833d-ece9ea9bfc0a","adcreative-le-produit-traverse-les-saisons","d13fa52d-ab1f-5a67-940d-cbfd68765496","uuid_conserve","","upsert_par_card_id_du_catalogue"
"ff422819-77e4-54fb-9226-0131117536e7","RCIA-C-000788","ff422819-77e4-54fb-9226-0131117536e7","","raccourcia/adcreative-l-objet-quotidien-devient-une-scene-de-theatre","card:ff422819-77e4-54fb-9226-0131117536e7","adcreative-l-objet-quotidien-devient-une-scene-de-theatre","d13fa52d-ab1f-5a67-940d-cbfd68765496","uuid_conserve","","upsert_par_card_id_du_catalogue"
"3afb58b2-2745-5c79-a313-63c2b9b5398f","RCIA-C-000789","3afb58b2-2745-5c79-a313-63c2b9b5398f","","raccourcia/adcreative-la-communaute-compose-le-produit","card:3afb58b2-2745-5c79-a313-63c2b9b5398f","adcreative-la-communaute-compose-le-produit","d13fa52d-ab1f-5a67-940d-cbfd68765496","uuid_conserve","","upsert_par_card_id_du_catalogue"
"97950713-efff-5755-bfaa-5edc258e82a5","RCIA-C-000790","97950713-efff-5755-bfaa-5edc258e82a5","","raccourcia/productstudio-flacon-sur-travertin-lumiere-rasante","card:97950713-efff-5755-bfaa-5edc258e82a5","productstudio-flacon-sur-travertin-lumiere-rasante","1c09122b-1531-5298-981c-70cde0e38b41","uuid_conserve","","upsert_par_card_id_du_catalogue"
"60bfa4a1-3574-5a32-b307-9ec35545396b","RCIA-C-000791","60bfa4a1-3574-5a32-b307-9ec35545396b","","raccourcia/productstudio-bouteille-fraiche-halo-de-condensation","card:60bfa4a1-3574-5a32-b307-9ec35545396b","productstudio-bouteille-fraiche-halo-de-condensation","1c09122b-1531-5298-981c-70cde0e38b41","uuid_conserve","","upsert_par_card_id_du_catalogue"
"c9096c70-706b-5ddc-be76-c5da8222577b","RCIA-C-000792","c9096c70-706b-5ddc-be76-c5da8222577b","","raccourcia/productstudio-chaussure-sur-socle-couture-en-vedette","card:c9096c70-706b-5ddc-be76-c5da8222577b","productstudio-chaussure-sur-socle-couture-en-vedette","1c09122b-1531-5298-981c-70cde0e38b41","uuid_conserve","","upsert_par_card_id_du_catalogue"
"9eb41562-73f9-5b6c-8603-2e45fbf70007","RCIA-C-000793","9eb41562-73f9-5b6c-8603-2e45fbf70007","","raccourcia/productstudio-sac-en-lumiere-de-fenetre","card:9eb41562-73f9-5b6c-8603-2e45fbf70007","productstudio-sac-en-lumiere-de-fenetre","1c09122b-1531-5298-981c-70cde0e38b41","uuid_conserve","","upsert_par_card_id_du_catalogue"
"b4c3130b-bad5-5371-9732-55aaf246bc11","RCIA-C-000794","b4c3130b-bad5-5371-9732-55aaf246bc11","","raccourcia/productstudio-montre-reflet-sur-pierre-noire","card:b4c3130b-bad5-5371-9732-55aaf246bc11","productstudio-montre-reflet-sur-pierre-noire","1c09122b-1531-5298-981c-70cde0e38b41","uuid_conserve","","upsert_par_card_id_du_catalogue"
"3afe86ca-3bc1-51f6-a2a1-152240d4d392","RCIA-C-000795","3afe86ca-3bc1-51f6-a2a1-152240d4d392","","raccourcia/productstudio-bijou-macro-de-sertissage","card:3afe86ca-3bc1-51f6-a2a1-152240d4d392","productstudio-bijou-macro-de-sertissage","1c09122b-1531-5298-981c-70cde0e38b41","uuid_conserve","","upsert_par_card_id_du_catalogue"
"5cd31761-a816-5002-a77a-d1e64ab1ce6a","RCIA-C-000796","5cd31761-a816-5002-a77a-d1e64ab1ce6a","","raccourcia/productstudio-savon-artisanal-papier-et-ombre","card:5cd31761-a816-5002-a77a-d1e64ab1ce6a","productstudio-savon-artisanal-papier-et-ombre","1c09122b-1531-5298-981c-70cde0e38b41","uuid_conserve","","upsert_par_card_id_du_catalogue"
"fa8745c9-cca0-531b-90d8-d03accc7a72f","RCIA-C-000797","fa8745c9-cca0-531b-90d8-d03accc7a72f","","raccourcia/productstudio-livre-couverture-et-tranche","card:fa8745c9-cca0-531b-90d8-d03accc7a72f","productstudio-livre-couverture-et-tranche","1c09122b-1531-5298-981c-70cde0e38b41","uuid_conserve","","upsert_par_card_id_du_catalogue"
"db979852-ba07-5736-a183-01ee1d21cb7d","RCIA-C-000798","db979852-ba07-5736-a183-01ee1d21cb7d","","raccourcia/productstudio-casque-audio-materiaux-en-contraste","card:db979852-ba07-5736-a183-01ee1d21cb7d","productstudio-casque-audio-materiaux-en-contraste","1c09122b-1531-5298-981c-70cde0e38b41","uuid_conserve","","upsert_par_card_id_du_catalogue"
"723f7f13-d225-56dd-92a1-3d595db6de7d","RCIA-C-000799","723f7f13-d225-56dd-92a1-3d595db6de7d","","raccourcia/productstudio-tasse-ceramique-et-vapeur-legere","card:723f7f13-d225-56dd-92a1-3d595db6de7d","productstudio-tasse-ceramique-et-vapeur-legere","1c09122b-1531-5298-981c-70cde0e38b41","uuid_conserve","","upsert_par_card_id_du_catalogue"
"aed77912-e30c-5d1b-9c12-a3d6a894d6bd","RCIA-C-000800","aed77912-e30c-5d1b-9c12-a3d6a894d6bd","","raccourcia/productstudio-bougie-flamme-et-cire-reelle","card:aed77912-e30c-5d1b-9c12-a3d6a894d6bd","productstudio-bougie-flamme-et-cire-reelle","1c09122b-1531-5298-981c-70cde0e38b41","uuid_conserve","","upsert_par_card_id_du_catalogue"
"a49b212b-7fd9-5618-8d86-ea7fc8807cf3","RCIA-C-000801","a49b212b-7fd9-5618-8d86-ea7fc8807cf3","","raccourcia/productstudio-lunettes-transparence-maitrisee","card:a49b212b-7fd9-5618-8d86-ea7fc8807cf3","productstudio-lunettes-transparence-maitrisee","1c09122b-1531-5298-981c-70cde0e38b41","uuid_conserve","","upsert_par_card_id_du_catalogue"
"447729e0-878c-5fab-915b-c8a158064f4b","RCIA-C-000802","447729e0-878c-5fab-915b-c8a158064f4b","","raccourcia/productstudio-vetement-plie-texture-en-detail","card:447729e0-878c-5fab-915b-c8a158064f4b","productstudio-vetement-plie-texture-en-detail","1c09122b-1531-5298-981c-70cde0e38b41","uuid_conserve","","upsert_par_card_id_du_catalogue"
"b565867b-fe2a-54c9-9897-0861a19afff3","RCIA-C-000803","b565867b-fe2a-54c9-9897-0861a19afff3","","raccourcia/productstudio-pot-cosmetique-couvercle-ouvert","card:b565867b-fe2a-54c9-9897-0861a19afff3","productstudio-pot-cosmetique-couvercle-ouvert","1c09122b-1531-5298-981c-70cde0e38b41","uuid_conserve","","upsert_par_card_id_du_catalogue"
"2d3e2956-fa7e-5cd7-8b7c-49018c576876","RCIA-C-000804","2d3e2956-fa7e-5cd7-8b7c-49018c576876","","raccourcia/productstudio-tablette-chocolat-emballage-entrouvert","card:2d3e2956-fa7e-5cd7-8b7c-49018c576876","productstudio-tablette-chocolat-emballage-entrouvert","1c09122b-1531-5298-981c-70cde0e38b41","uuid_conserve","","upsert_par_card_id_du_catalogue"
"e78b0f15-3973-5143-9b5b-ddd6a90d25d0","RCIA-C-000805","e78b0f15-3973-5143-9b5b-ddd6a90d25d0","","raccourcia/productstudio-enceinte-lumiere-de-studio-sombre","card:e78b0f15-3973-5143-9b5b-ddd6a90d25d0","productstudio-enceinte-lumiere-de-studio-sombre","1c09122b-1531-5298-981c-70cde0e38b41","uuid_conserve","","upsert_par_card_id_du_catalogue"
"72408e0f-529f-5fe9-bcff-c77d2a5c797d","RCIA-C-000806","72408e0f-529f-5fe9-bcff-c77d2a5c797d","","raccourcia/productstudio-carnet-reliure-et-papier","card:72408e0f-529f-5fe9-bcff-c77d2a5c797d","productstudio-carnet-reliure-et-papier","1c09122b-1531-5298-981c-70cde0e38b41","uuid_conserve","","upsert_par_card_id_du_catalogue"
"5c1cf148-d9a2-5af6-b323-572506e41262","RCIA-C-000807","5c1cf148-d9a2-5af6-b323-572506e41262","","raccourcia/productstudio-accessoire-en-bois-grain-naturel","card:5c1cf148-d9a2-5af6-b323-572506e41262","productstudio-accessoire-en-bois-grain-naturel","1c09122b-1531-5298-981c-70cde0e38b41","uuid_conserve","","upsert_par_card_id_du_catalogue"
"217c104c-8e87-580a-a6b9-c23e46bb2600","RCIA-C-000808","217c104c-8e87-580a-a6b9-c23e46bb2600","","raccourcia/productstudio-boite-cadeau-ruban-et-contenu","card:217c104c-8e87-580a-a6b9-c23e46bb2600","productstudio-boite-cadeau-ruban-et-contenu","1c09122b-1531-5298-981c-70cde0e38b41","uuid_conserve","","upsert_par_card_id_du_catalogue"
"85d28a3a-8be6-5f81-b961-20e02acce89e","RCIA-C-000809","85d28a3a-8be6-5f81-b961-20e02acce89e","","raccourcia/productstudio-produit-transparent-fond-degrade-propre","card:85d28a3a-8be6-5f81-b961-20e02acce89e","productstudio-produit-transparent-fond-degrade-propre","1c09122b-1531-5298-981c-70cde0e38b41","uuid_conserve","","upsert_par_card_id_du_catalogue"
"537e22dc-a813-588e-bc1b-a46624bcaed0","RCIA-C-000810","537e22dc-a813-588e-bc1b-a46624bcaed0","","raccourcia/productworld-parfum-desert-de-papier-plisse","card:537e22dc-a813-588e-bc1b-a46624bcaed0","productworld-parfum-desert-de-papier-plisse","cbafd9b6-77de-5461-aaae-dee47d393403","uuid_conserve","","upsert_par_card_id_du_catalogue"
"4aadecad-a466-56a7-81d4-390b25c2929b","RCIA-C-000811","4aadecad-a466-56a7-81d4-390b25c2929b","","raccourcia/productworld-boisson-iceberg-de-verre","card:4aadecad-a466-56a7-81d4-390b25c2929b","productworld-boisson-iceberg-de-verre","cbafd9b6-77de-5461-aaae-dee47d393403","uuid_conserve","","upsert_par_card_id_du_catalogue"
"9368c546-875f-5d9b-a1c5-d9281dcdcf5e","RCIA-C-000812","9368c546-875f-5d9b-a1c5-d9281dcdcf5e","","raccourcia/productworld-sneaker-terrain-de-basket-miniature","card:9368c546-875f-5d9b-a1c5-d9281dcdcf5e","productworld-sneaker-terrain-de-basket-miniature","cbafd9b6-77de-5461-aaae-dee47d393403","uuid_conserve","","upsert_par_card_id_du_catalogue"
"3adb30dd-b079-5989-bc03-cb1b9d4211f6","RCIA-C-000813","3adb30dd-b079-5989-bc03-cb1b9d4211f6","","raccourcia/productworld-sac-escalier-de-tissu","card:3adb30dd-b079-5989-bc03-cb1b9d4211f6","productworld-sac-escalier-de-tissu","cbafd9b6-77de-5461-aaae-dee47d393403","uuid_conserve","","upsert_par_card_id_du_catalogue"
"1539c0c8-8cac-5562-8d19-5a3e3c625346","RCIA-C-000814","1539c0c8-8cac-5562-8d19-5a3e3c625346","","raccourcia/productworld-cafe-ville-de-grains","card:1539c0c8-8cac-5562-8d19-5a3e3c625346","productworld-cafe-ville-de-grains","cbafd9b6-77de-5461-aaae-dee47d393403","uuid_conserve","","upsert_par_card_id_du_catalogue"
"3f25bb38-4976-5aaa-833c-55527f14204d","RCIA-C-000815","3f25bb38-4976-5aaa-833c-55527f14204d","","raccourcia/productworld-cosmetique-jardin-de-formes-abstraites","card:3f25bb38-4976-5aaa-833c-55527f14204d","productworld-cosmetique-jardin-de-formes-abstraites","cbafd9b6-77de-5461-aaae-dee47d393403","uuid_conserve","","upsert_par_card_id_du_catalogue"
"0f443b4e-e056-54a0-9cee-1cf7c238a0e0","RCIA-C-000816","0f443b4e-e056-54a0-9cee-1cf7c238a0e0","","raccourcia/productworld-livre-escalier-vers-l-histoire","card:0f443b4e-e056-54a0-9cee-1cf7c238a0e0","productworld-livre-escalier-vers-l-histoire","cbafd9b6-77de-5461-aaae-dee47d393403","uuid_conserve","","upsert_par_card_id_du_catalogue"
"baadba37-3156-5f15-ba7d-51630ce75b4e","RCIA-C-000817","baadba37-3156-5f15-ba7d-51630ce75b4e","","raccourcia/productworld-montre-orbite-de-lignes-fines","card:baadba37-3156-5f15-ba7d-51630ce75b4e","productworld-montre-orbite-de-lignes-fines","cbafd9b6-77de-5461-aaae-dee47d393403","uuid_conserve","","upsert_par_card_id_du_catalogue"
"cddba5d5-4f09-53ab-92ce-b2d24c849bdd","RCIA-C-000818","cddba5d5-4f09-53ab-92ce-b2d24c849bdd","","raccourcia/productworld-bijou-paysage-de-soie","card:cddba5d5-4f09-53ab-92ce-b2d24c849bdd","productworld-bijou-paysage-de-soie","cbafd9b6-77de-5461-aaae-dee47d393403","uuid_conserve","","upsert_par_card_id_du_catalogue"
"6f32ae2f-d1a8-5dae-a452-2abf4cac885a","RCIA-C-000819","6f32ae2f-d1a8-5dae-a452-2abf4cac885a","","raccourcia/productworld-savon-atelier-de-bulles-mates","card:6f32ae2f-d1a8-5dae-a452-2abf4cac885a","productworld-savon-atelier-de-bulles-mates","cbafd9b6-77de-5461-aaae-dee47d393403","uuid_conserve","","upsert_par_card_id_du_catalogue"
"4d6edbeb-98aa-5795-8553-a29ed979450e","RCIA-C-000820","4d6edbeb-98aa-5795-8553-a29ed979450e","","raccourcia/productworld-chocolat-scene-de-theatre-gourmand","card:4d6edbeb-98aa-5795-8553-a29ed979450e","productworld-chocolat-scene-de-theatre-gourmand","cbafd9b6-77de-5461-aaae-dee47d393403","uuid_conserve","","upsert_par_card_id_du_catalogue"
"e6079261-7f07-5b26-9055-791579b63756","RCIA-C-000821","e6079261-7f07-5b26-9055-791579b63756","","raccourcia/productworld-telephone-canyon-de-metal","card:e6079261-7f07-5b26-9055-791579b63756","productworld-telephone-canyon-de-metal","cbafd9b6-77de-5461-aaae-dee47d393403","uuid_conserve","","upsert_par_card_id_du_catalogue"
"bce500b9-4691-545d-8766-276f9d667c0b","RCIA-C-000822","bce500b9-4691-545d-8766-276f9d667c0b","","raccourcia/productworld-bougie-maison-de-lumiere","card:bce500b9-4691-545d-8766-276f9d667c0b","productworld-bougie-maison-de-lumiere","cbafd9b6-77de-5461-aaae-dee47d393403","uuid_conserve","","upsert_par_card_id_du_catalogue"
"13f697c4-6ca0-5836-a147-907429869d6d","RCIA-C-000823","13f697c4-6ca0-5836-a147-907429869d6d","","raccourcia/productworld-lunettes-ombre-de-soleil-geometrique","card:13f697c4-6ca0-5836-a147-907429869d6d","productworld-lunettes-ombre-de-soleil-geometrique","cbafd9b6-77de-5461-aaae-dee47d393403","uuid_conserve","","upsert_par_card_id_du_catalogue"
"41f52827-a76f-5b08-ab63-48b95c6c3cf6","RCIA-C-000824","41f52827-a76f-5b08-ab63-48b95c6c3cf6","","raccourcia/productworld-tasse-nuage-de-papier-cafe","card:41f52827-a76f-5b08-ab63-48b95c6c3cf6","productworld-tasse-nuage-de-papier-cafe","cbafd9b6-77de-5461-aaae-dee47d393403","uuid_conserve","","upsert_par_card_id_du_catalogue"
"57ca52c7-72bb-545a-a513-5a5cb4d6c4de","RCIA-C-000825","57ca52c7-72bb-545a-a513-5a5cb4d6c4de","","raccourcia/productworld-casque-audio-paysage-de-rythmes","card:57ca52c7-72bb-545a-a513-5a5cb4d6c4de","productworld-casque-audio-paysage-de-rythmes","cbafd9b6-77de-5461-aaae-dee47d393403","uuid_conserve","","upsert_par_card_id_du_catalogue"
"2383b0d4-4c44-5afd-95fe-80a7cdde9efb","RCIA-C-000826","2383b0d4-4c44-5afd-95fe-80a7cdde9efb","","raccourcia/productworld-biscuit-planete-de-miettes","card:2383b0d4-4c44-5afd-95fe-80a7cdde9efb","productworld-biscuit-planete-de-miettes","cbafd9b6-77de-5461-aaae-dee47d393403","uuid_conserve","","upsert_par_card_id_du_catalogue"
"3bba8195-1337-5656-8ae5-b92cb146941e","RCIA-C-000827","3bba8195-1337-5656-8ae5-b92cb146941e","","raccourcia/productworld-produit-textile-montagne-de-coutures","card:3bba8195-1337-5656-8ae5-b92cb146941e","productworld-produit-textile-montagne-de-coutures","cbafd9b6-77de-5461-aaae-dee47d393403","uuid_conserve","","upsert_par_card_id_du_catalogue"
"5a1aae48-11b4-54b8-9a74-226dbaf3bbfa","RCIA-C-000828","5a1aae48-11b4-54b8-9a74-226dbaf3bbfa","","raccourcia/productworld-flacon-tunnel-de-couleurs-du-logo","card:5a1aae48-11b4-54b8-9a74-226dbaf3bbfa","productworld-flacon-tunnel-de-couleurs-du-logo","cbafd9b6-77de-5461-aaae-dee47d393403","uuid_conserve","","upsert_par_card_id_du_catalogue"
"fba4dc57-c834-5e88-be83-a00acffddc67","RCIA-C-000829","fba4dc57-c834-5e88-be83-a00acffddc67","","raccourcia/productworld-objet-artisanal-galerie-de-terre","card:fba4dc57-c834-5e88-be83-a00acffddc67","productworld-objet-artisanal-galerie-de-terre","cbafd9b6-77de-5461-aaae-dee47d393403","uuid_conserve","","upsert_par_card_id_du_catalogue"
"bc409575-fed8-5e00-ac22-49dd218f1d9d","RCIA-C-000830","bc409575-fed8-5e00-ac22-49dd218f1d9d","","raccourcia/brandcontact-carte-de-visite-typographie-sculpturale","card:bc409575-fed8-5e00-ac22-49dd218f1d9d","brandcontact-carte-de-visite-typographie-sculpturale","d49fb6d0-4d17-5c27-9fd9-9d1fb5734edb","uuid_conserve","","upsert_par_card_id_du_catalogue"
"f4eca68e-6016-5da9-92ee-d7efdf83f32c","RCIA-C-000831","f4eca68e-6016-5da9-92ee-d7efdf83f32c","","raccourcia/brandcontact-carte-de-visite-papier-coton-et-gaufrage","card:f4eca68e-6016-5da9-92ee-d7efdf83f32c","brandcontact-carte-de-visite-papier-coton-et-gaufrage","d49fb6d0-4d17-5c27-9fd9-9d1fb5734edb","uuid_conserve","","upsert_par_card_id_du_catalogue"
"1b60f34d-633f-5b6c-8e1e-1e2b00648e48","RCIA-C-000832","1b60f34d-633f-5b6c-8e1e-1e2b00648e48","","raccourcia/brandcontact-carte-de-visite-bande-verticale-de-marque","card:1b60f34d-633f-5b6c-8e1e-1e2b00648e48","brandcontact-carte-de-visite-bande-verticale-de-marque","d49fb6d0-4d17-5c27-9fd9-9d1fb5734edb","uuid_conserve","","upsert_par_card_id_du_catalogue"
"a6cc0560-b3c0-51f9-8077-321b6b0d3973","RCIA-C-000833","a6cc0560-b3c0-51f9-8077-321b6b0d3973","","raccourcia/brandcontact-carte-de-visite-portrait-de-createur","card:a6cc0560-b3c0-51f9-8077-321b6b0d3973","brandcontact-carte-de-visite-portrait-de-createur","d49fb6d0-4d17-5c27-9fd9-9d1fb5734edb","uuid_conserve","","upsert_par_card_id_du_catalogue"
"9bc8870e-ef81-5edc-9e72-57281887e26e","RCIA-C-000834","9bc8870e-ef81-5edc-9e72-57281887e26e","","raccourcia/brandcontact-carte-de-visite-atelier-et-matiere","card:9bc8870e-ef81-5edc-9e72-57281887e26e","brandcontact-carte-de-visite-atelier-et-matiere","d49fb6d0-4d17-5c27-9fd9-9d1fb5734edb","uuid_conserve","","upsert_par_card_id_du_catalogue"
"4ad7a6e2-7b73-59fe-8463-1fc8386b64c6","RCIA-C-000835","4ad7a6e2-7b73-59fe-8463-1fc8386b64c6","","raccourcia/brandcontact-badge-evenement-invite","card:4ad7a6e2-7b73-59fe-8463-1fc8386b64c6","brandcontact-badge-evenement-invite","d49fb6d0-4d17-5c27-9fd9-9d1fb5734edb","uuid_conserve","","upsert_par_card_id_du_catalogue"
"e3be87d2-1d61-5337-9796-0870d2459a0d","RCIA-C-000836","e3be87d2-1d61-5337-9796-0870d2459a0d","","raccourcia/brandcontact-badge-evenement-intervenant","card:e3be87d2-1d61-5337-9796-0870d2459a0d","brandcontact-badge-evenement-intervenant","d49fb6d0-4d17-5c27-9fd9-9d1fb5734edb","uuid_conserve","","upsert_par_card_id_du_catalogue"
"49c297d3-8f4a-5ec2-a368-19156d1e5834","RCIA-C-000837","49c297d3-8f4a-5ec2-a368-19156d1e5834","","raccourcia/brandcontact-badge-equipe-prenom-en-grand","card:49c297d3-8f4a-5ec2-a368-19156d1e5834","brandcontact-badge-equipe-prenom-en-grand","d49fb6d0-4d17-5c27-9fd9-9d1fb5734edb","uuid_conserve","","upsert_par_card_id_du_catalogue"
"97e9d34e-43d0-5bf7-9bca-7f602fc36149","RCIA-C-000838","97e9d34e-43d0-5bf7-9bca-7f602fc36149","","raccourcia/brandcontact-badge-createur-salon-artisanal","card:97e9d34e-43d0-5bf7-9bca-7f602fc36149","brandcontact-badge-createur-salon-artisanal","d49fb6d0-4d17-5c27-9fd9-9d1fb5734edb","uuid_conserve","","upsert_par_card_id_du_catalogue"
"662aa6b8-49ba-50f8-b3d5-0414ebe8efec","RCIA-C-000839","662aa6b8-49ba-50f8-b3d5-0414ebe8efec","","raccourcia/brandcontact-badge-festival-acces-fictif-collector","card:662aa6b8-49ba-50f8-b3d5-0414ebe8efec","brandcontact-badge-festival-acces-fictif-collector","d49fb6d0-4d17-5c27-9fd9-9d1fb5734edb","uuid_conserve","","upsert_par_card_id_du_catalogue"
"cfb3ef9e-f8d3-5055-9445-771160d59ee8","RCIA-C-000840","cfb3ef9e-f8d3-5055-9445-771160d59ee8","","raccourcia/brandcontact-carte-de-fidelite-dix-cases-nettes","card:cfb3ef9e-f8d3-5055-9445-771160d59ee8","brandcontact-carte-de-fidelite-dix-cases-nettes","d49fb6d0-4d17-5c27-9fd9-9d1fb5734edb","uuid_conserve","","upsert_par_card_id_du_catalogue"
"2199b13e-ae22-57ba-a775-13ab6cb95917","RCIA-C-000841","2199b13e-ae22-57ba-a775-13ab6cb95917","","raccourcia/brandcontact-carte-cadeau-enveloppe-assortie","card:2199b13e-ae22-57ba-a775-13ab6cb95917","brandcontact-carte-cadeau-enveloppe-assortie","d49fb6d0-4d17-5c27-9fd9-9d1fb5734edb","uuid_conserve","","upsert_par_card_id_du_catalogue"
"d8ee0479-9f01-586b-a43b-cb5d95da8ab4","RCIA-C-000842","d8ee0479-9f01-586b-a43b-cb5d95da8ab4","","raccourcia/brandcontact-carte-de-remerciement-colis-soigne","card:d8ee0479-9f01-586b-a43b-cb5d95da8ab4","brandcontact-carte-de-remerciement-colis-soigne","d49fb6d0-4d17-5c27-9fd9-9d1fb5734edb","uuid_conserve","","upsert_par_card_id_du_catalogue"
"6bc8fc82-8c58-54c2-9025-96bca72e6105","RCIA-C-000843","6bc8fc82-8c58-54c2-9025-96bca72e6105","","raccourcia/brandcontact-carte-de-rendez-vous-service-local","card:6bc8fc82-8c58-54c2-9025-96bca72e6105","brandcontact-carte-de-rendez-vous-service-local","d49fb6d0-4d17-5c27-9fd9-9d1fb5734edb","uuid_conserve","","upsert_par_card_id_du_catalogue"
"a6b4f65e-faed-5951-876c-7318a1d7618a","RCIA-C-000844","a6b4f65e-faed-5951-876c-7318a1d7618a","","raccourcia/brandcontact-carte-de-membre-club-creatif-fictif","card:a6b4f65e-faed-5951-876c-7318a1d7618a","brandcontact-carte-de-membre-club-creatif-fictif","d49fb6d0-4d17-5c27-9fd9-9d1fb5734edb","uuid_conserve","","upsert_par_card_id_du_catalogue"
"1d8fa914-1467-5160-878a-16e731910882","RCIA-C-000845","1d8fa914-1467-5160-878a-16e731910882","","raccourcia/brandcontact-signature-visuelle-bandeau-de-contact","card:1d8fa914-1467-5160-878a-16e731910882","brandcontact-signature-visuelle-bandeau-de-contact","d49fb6d0-4d17-5c27-9fd9-9d1fb5734edb","uuid_conserve","","upsert_par_card_id_du_catalogue"
"5e4647e5-86ab-510c-aa32-eb9a02029d78","RCIA-C-000846","5e4647e5-86ab-510c-aa32-eb9a02029d78","","raccourcia/brandcontact-plaque-de-bureau-nom-et-fonction","card:5e4647e5-86ab-510c-aa32-eb9a02029d78","brandcontact-plaque-de-bureau-nom-et-fonction","d49fb6d0-4d17-5c27-9fd9-9d1fb5734edb","uuid_conserve","","upsert_par_card_id_du_catalogue"
"55b08759-470a-5a06-9f84-68dbae6344e1","RCIA-C-000847","55b08759-470a-5a06-9f84-68dbae6344e1","","raccourcia/brandcontact-carte-presse-personnage-de-fiction","card:55b08759-470a-5a06-9f84-68dbae6344e1","brandcontact-carte-presse-personnage-de-fiction","d49fb6d0-4d17-5c27-9fd9-9d1fb5734edb","uuid_conserve","","upsert_par_card_id_du_catalogue"
"45a58de1-d3ec-5e92-bb25-2cbce6b4e064","RCIA-C-000848","45a58de1-d3ec-5e92-bb25-2cbce6b4e064","","raccourcia/brandcontact-badge-de-mission-spatiale-imaginaire","card:45a58de1-d3ec-5e92-bb25-2cbce6b4e064","brandcontact-badge-de-mission-spatiale-imaginaire","d49fb6d0-4d17-5c27-9fd9-9d1fb5734edb","uuid_conserve","","upsert_par_card_id_du_catalogue"
"ed55e258-283f-5e6c-a6a1-acce23841a02","RCIA-C-000849","ed55e258-283f-5e6c-a6a1-acce23841a02","","raccourcia/brandcontact-carte-de-collection-heros-du-quotidien","card:ed55e258-283f-5e6c-a6a1-acce23841a02","brandcontact-carte-de-collection-heros-du-quotidien","d49fb6d0-4d17-5c27-9fd9-9d1fb5734edb","uuid_conserve","","upsert_par_card_id_du_catalogue"
"42d143c6-4947-538a-8ff8-1c912fd2ead5","RCIA-C-000850","42d143c6-4947-538a-8ff8-1c912fd2ead5","","raccourcia/imaginaryplace-bibliotheque-dans-une-ancienne-serre","card:42d143c6-4947-538a-8ff8-1c912fd2ead5","imaginaryplace-bibliotheque-dans-une-ancienne-serre","2f7bdbb9-90bc-5819-9f0c-54d809c98fdd","uuid_conserve","","upsert_par_card_id_du_catalogue"
"01b1eefe-1a73-5300-88b4-21da3de3fafe","RCIA-C-000851","01b1eefe-1a73-5300-88b4-21da3de3fafe","","raccourcia/imaginaryplace-cinema-au-fond-d-une-carriere","card:01b1eefe-1a73-5300-88b4-21da3de3fafe","imaginaryplace-cinema-au-fond-d-une-carriere","2f7bdbb9-90bc-5819-9f0c-54d809c98fdd","uuid_conserve","","upsert_par_card_id_du_catalogue"
"e6032b06-0fc4-5e09-a23c-a4a906d94001","RCIA-C-000852","e6032b06-0fc4-5e09-a23c-a4a906d94001","","raccourcia/imaginaryplace-cafe-sur-une-passerelle-de-mangrove","card:e6032b06-0fc4-5e09-a23c-a4a906d94001","imaginaryplace-cafe-sur-une-passerelle-de-mangrove","2f7bdbb9-90bc-5819-9f0c-54d809c98fdd","uuid_conserve","","upsert_par_card_id_du_catalogue"
"03d7f426-9ea1-5c50-8a12-01131e42eb6c","RCIA-C-000853","03d7f426-9ea1-5c50-8a12-01131e42eb6c","","raccourcia/imaginaryplace-atelier-de-poterie-dans-une-gare-oubliee","card:03d7f426-9ea1-5c50-8a12-01131e42eb6c","imaginaryplace-atelier-de-poterie-dans-une-gare-oubliee","2f7bdbb9-90bc-5819-9f0c-54d809c98fdd","uuid_conserve","","upsert_par_card_id_du_catalogue"
"21e95c57-e0b3-5868-badb-a4c1a01fd6c7","RCIA-C-000854","21e95c57-e0b3-5868-badb-a4c1a01fd6c7","","raccourcia/imaginaryplace-hotel-en-falaises-de-papier","card:21e95c57-e0b3-5868-badb-a4c1a01fd6c7","imaginaryplace-hotel-en-falaises-de-papier","2f7bdbb9-90bc-5819-9f0c-54d809c98fdd","uuid_conserve","","upsert_par_card_id_du_catalogue"
"b0453ea1-83b8-5361-85c7-ecac607a286f","RCIA-C-000855","b0453ea1-83b8-5361-85c7-ecac607a286f","","raccourcia/imaginaryplace-marche-nocturne-sous-des-voiles-textiles","card:b0453ea1-83b8-5361-85c7-ecac607a286f","imaginaryplace-marche-nocturne-sous-des-voiles-textiles","2f7bdbb9-90bc-5819-9f0c-54d809c98fdd","uuid_conserve","","upsert_par_card_id_du_catalogue"
"54a041ad-146b-55b0-b7e9-31df0fef28d8","RCIA-C-000856","54a041ad-146b-55b0-b7e9-31df0fef28d8","","raccourcia/imaginaryplace-studio-musical-dans-un-phare","card:54a041ad-146b-55b0-b7e9-31df0fef28d8","imaginaryplace-studio-musical-dans-un-phare","2f7bdbb9-90bc-5819-9f0c-54d809c98fdd","uuid_conserve","","upsert_par_card_id_du_catalogue"
"9b56d6b0-a200-53b8-92cf-055ab35d3567","RCIA-C-000857","9b56d6b0-a200-53b8-92cf-055ab35d3567","","raccourcia/imaginaryplace-jardin-de-lecture-sur-un-toit-plisse","card:9b56d6b0-a200-53b8-92cf-055ab35d3567","imaginaryplace-jardin-de-lecture-sur-un-toit-plisse","2f7bdbb9-90bc-5819-9f0c-54d809c98fdd","uuid_conserve","","upsert_par_card_id_du_catalogue"
"3932802a-2cc3-59a6-a605-59d594c6f9d7","RCIA-C-000858","3932802a-2cc3-59a6-a605-59d594c6f9d7","","raccourcia/imaginaryplace-musee-des-objets-minuscules","card:3932802a-2cc3-59a6-a605-59d594c6f9d7","imaginaryplace-musee-des-objets-minuscules","2f7bdbb9-90bc-5819-9f0c-54d809c98fdd","uuid_conserve","","upsert_par_card_id_du_catalogue"
"9b9d6f91-60d4-5e9a-baa4-e67742794fea","RCIA-C-000859","9b9d6f91-60d4-5e9a-baa4-e67742794fea","","raccourcia/imaginaryplace-maison-dans-une-coquille-de-ceramique","card:9b9d6f91-60d4-5e9a-baa4-e67742794fea","imaginaryplace-maison-dans-une-coquille-de-ceramique","2f7bdbb9-90bc-5819-9f0c-54d809c98fdd","uuid_conserve","","upsert_par_card_id_du_catalogue"
"522d1b5b-86ea-5b14-b26b-7bccc576c28d","RCIA-C-000860","522d1b5b-86ea-5b14-b26b-7bccc576c28d","","raccourcia/imaginaryplace-restaurant-sous-un-ciel-de-lanternes","card:522d1b5b-86ea-5b14-b26b-7bccc576c28d","imaginaryplace-restaurant-sous-un-ciel-de-lanternes","2f7bdbb9-90bc-5819-9f0c-54d809c98fdd","uuid_conserve","","upsert_par_card_id_du_catalogue"
"9e535557-b862-5851-9208-5a37b7f504f0","RCIA-C-000861","9e535557-b862-5851-9208-5a37b7f504f0","","raccourcia/imaginaryplace-observatoire-dans-les-dunes","card:9e535557-b862-5851-9208-5a37b7f504f0","imaginaryplace-observatoire-dans-les-dunes","2f7bdbb9-90bc-5819-9f0c-54d809c98fdd","uuid_conserve","","upsert_par_card_id_du_catalogue"
"95b02e61-8dcd-5e5f-bce7-6812ac80429e","RCIA-C-000862","95b02e61-8dcd-5e5f-bce7-6812ac80429e","","raccourcia/imaginaryplace-librairie-dans-une-cour-d-abidjan","card:95b02e61-8dcd-5e5f-bce7-6812ac80429e","imaginaryplace-librairie-dans-une-cour-d-abidjan","2f7bdbb9-90bc-5819-9f0c-54d809c98fdd","uuid_conserve","","upsert_par_card_id_du_catalogue"
"58bceb12-d3e0-52fb-a1cc-5b44952182c9","RCIA-C-000863","58bceb12-d3e0-52fb-a1cc-5b44952182c9","","raccourcia/imaginaryplace-atelier-de-mode-au-dessus-du-lagon","card:58bceb12-d3e0-52fb-a1cc-5b44952182c9","imaginaryplace-atelier-de-mode-au-dessus-du-lagon","2f7bdbb9-90bc-5819-9f0c-54d809c98fdd","uuid_conserve","","upsert_par_card_id_du_catalogue"
"2df9e1d6-0a2c-5caa-b068-f1201fd98d60","RCIA-C-000864","2df9e1d6-0a2c-5caa-b068-f1201fd98d60","","raccourcia/imaginaryplace-gare-miniature-dans-une-boite-d-allumettes","card:2df9e1d6-0a2c-5caa-b068-f1201fd98d60","imaginaryplace-gare-miniature-dans-une-boite-d-allumettes","2f7bdbb9-90bc-5819-9f0c-54d809c98fdd","uuid_conserve","","upsert_par_card_id_du_catalogue"
"f9715e8b-748e-5993-afaf-d90c2deed3f6","RCIA-C-000865","f9715e8b-748e-5993-afaf-d90c2deed3f6","","raccourcia/imaginaryplace-serre-orbitale-de-quartier","card:f9715e8b-748e-5993-afaf-d90c2deed3f6","imaginaryplace-serre-orbitale-de-quartier","2f7bdbb9-90bc-5819-9f0c-54d809c98fdd","uuid_conserve","","upsert_par_card_id_du_catalogue"
"9bf6af86-9f71-5372-b548-3626cce99500","RCIA-C-000866","9bf6af86-9f71-5372-b548-3626cce99500","","raccourcia/imaginaryplace-salon-de-the-en-labyrinthe-de-rideaux","card:9bf6af86-9f71-5372-b548-3626cce99500","imaginaryplace-salon-de-the-en-labyrinthe-de-rideaux","2f7bdbb9-90bc-5819-9f0c-54d809c98fdd","uuid_conserve","","upsert_par_card_id_du_catalogue"
"e4bb2f3e-c9bd-5c58-b5ac-ba485d7aa743","RCIA-C-000867","e4bb2f3e-c9bd-5c58-b5ac-ba485d7aa743","","raccourcia/imaginaryplace-ecole-d-art-dans-un-canyon-colore","card:e4bb2f3e-c9bd-5c58-b5ac-ba485d7aa743","imaginaryplace-ecole-d-art-dans-un-canyon-colore","2f7bdbb9-90bc-5819-9f0c-54d809c98fdd","uuid_conserve","","upsert_par_card_id_du_catalogue"
"f046bf1e-ea8c-5cf3-8bf5-cf4080488c28","RCIA-C-000868","f046bf1e-ea8c-5cf3-8bf5-cf4080488c28","","raccourcia/imaginaryplace-refuge-de-montagne-en-verre-givre","card:f046bf1e-ea8c-5cf3-8bf5-cf4080488c28","imaginaryplace-refuge-de-montagne-en-verre-givre","2f7bdbb9-90bc-5819-9f0c-54d809c98fdd","uuid_conserve","","upsert_par_card_id_du_catalogue"
"ce88be7a-191f-55e7-aeb0-fc2f5a9a924e","RCIA-C-000869","ce88be7a-191f-55e7-aeb0-fc2f5a9a924e","","raccourcia/imaginaryplace-galerie-flottante-de-sculptures-lumineuses","card:ce88be7a-191f-55e7-aeb0-fc2f5a9a924e","imaginaryplace-galerie-flottante-de-sculptures-lumineuses","2f7bdbb9-90bc-5819-9f0c-54d809c98fdd","uuid_conserve","","upsert_par_card_id_du_catalogue"
"80f3ecdb-06dc-5a26-bd94-b2d48a25ace5","RCIA-C-000870","80f3ecdb-06dc-5a26-bd94-b2d48a25ace5","","raccourcia/roomrefresh-petit-salon-coin-lecture-lumineux","card:80f3ecdb-06dc-5a26-bd94-b2d48a25ace5","roomrefresh-petit-salon-coin-lecture-lumineux","9dd7909e-f996-5dca-864c-9a233d8035f8","uuid_conserve","","upsert_par_card_id_du_catalogue"
"d615715b-1b10-5543-9233-3e0d63bbed8f","RCIA-C-000871","d615715b-1b10-5543-9233-3e0d63bbed8f","","raccourcia/roomrefresh-chambre-calme-en-matieres-naturelles","card:d615715b-1b10-5543-9233-3e0d63bbed8f","roomrefresh-chambre-calme-en-matieres-naturelles","9dd7909e-f996-5dca-864c-9a233d8035f8","uuid_conserve","","upsert_par_card_id_du_catalogue"
"ef7ca608-8886-5576-bc94-ea2982aa338b","RCIA-C-000872","ef7ca608-8886-5576-bc94-ea2982aa338b","","raccourcia/roomrefresh-cuisine-accents-de-couleur-maitrises","card:ef7ca608-8886-5576-bc94-ea2982aa338b","roomrefresh-cuisine-accents-de-couleur-maitrises","9dd7909e-f996-5dca-864c-9a233d8035f8","uuid_conserve","","upsert_par_card_id_du_catalogue"
"8d9b2433-adf2-58e3-9f92-cd58e37f7f35","RCIA-C-000873","8d9b2433-adf2-58e3-9f92-cd58e37f7f35","","raccourcia/roomrefresh-bureau-a-domicile-rangement-vertical","card:8d9b2433-adf2-58e3-9f92-cd58e37f7f35","roomrefresh-bureau-a-domicile-rangement-vertical","9dd7909e-f996-5dca-864c-9a233d8035f8","uuid_conserve","","upsert_par_card_id_du_catalogue"
"03c84631-afe6-5a2c-bb0d-507b6d7bb360","RCIA-C-000874","03c84631-afe6-5a2c-bb0d-507b6d7bb360","","raccourcia/roomrefresh-entree-etroite-banc-et-pateres","card:03c84631-afe6-5a2c-bb0d-507b6d7bb360","roomrefresh-entree-etroite-banc-et-pateres","9dd7909e-f996-5dca-864c-9a233d8035f8","uuid_conserve","","upsert_par_card_id_du_catalogue"
"9dcbc1be-8881-5aaf-a018-3956fed36517","RCIA-C-000875","9dcbc1be-8881-5aaf-a018-3956fed36517","","raccourcia/roomrefresh-balcon-petit-jardin-de-detente","card:9dcbc1be-8881-5aaf-a018-3956fed36517","roomrefresh-balcon-petit-jardin-de-detente","9dd7909e-f996-5dca-864c-9a233d8035f8","uuid_conserve","","upsert_par_card_id_du_catalogue"
"5a77810a-f1ee-5434-a7a7-ed4da01dea81","RCIA-C-000876","5a77810a-f1ee-5434-a7a7-ed4da01dea81","","raccourcia/roomrefresh-salle-de-bain-lumiere-douce","card:5a77810a-f1ee-5434-a7a7-ed4da01dea81","roomrefresh-salle-de-bain-lumiere-douce","9dd7909e-f996-5dca-864c-9a233d8035f8","uuid_conserve","","upsert_par_card_id_du_catalogue"
"657f7296-6d7e-5ffa-a3e8-053214a85fb6","RCIA-C-000877","657f7296-6d7e-5ffa-a3e8-053214a85fb6","","raccourcia/roomrefresh-boutique-presentation-de-produits-claire","card:657f7296-6d7e-5ffa-a3e8-053214a85fb6","roomrefresh-boutique-presentation-de-produits-claire","9dd7909e-f996-5dca-864c-9a233d8035f8","uuid_conserve","","upsert_par_card_id_du_catalogue"
"2ecb4436-f848-51b8-a0b0-70a66d1aaf91","RCIA-C-000878","2ecb4436-f848-51b8-a0b0-70a66d1aaf91","","raccourcia/roomrefresh-restaurant-tables-et-intimite","card:2ecb4436-f848-51b8-a0b0-70a66d1aaf91","roomrefresh-restaurant-tables-et-intimite","9dd7909e-f996-5dca-864c-9a233d8035f8","uuid_conserve","","upsert_par_card_id_du_catalogue"
"e4eabd46-036d-580c-954f-b6be978f1be7","RCIA-C-000879","e4eabd46-036d-580c-954f-b6be978f1be7","","raccourcia/roomrefresh-salon-de-coiffure-miroir-et-rangement","card:e4eabd46-036d-580c-954f-b6be978f1be7","roomrefresh-salon-de-coiffure-miroir-et-rangement","9dd7909e-f996-5dca-864c-9a233d8035f8","uuid_conserve","","upsert_par_card_id_du_catalogue"
"83c0f8b1-41b0-5717-9000-b591c02ada7d","RCIA-C-000880","83c0f8b1-41b0-5717-9000-b591c02ada7d","","raccourcia/roomrefresh-studio-createur-fond-de-tournage","card:83c0f8b1-41b0-5717-9000-b591c02ada7d","roomrefresh-studio-createur-fond-de-tournage","9dd7909e-f996-5dca-864c-9a233d8035f8","uuid_conserve","","upsert_par_card_id_du_catalogue"
"5e1ca7a3-f61f-5231-adde-33b53ab8d1e6","RCIA-C-000881","5e1ca7a3-f61f-5231-adde-33b53ab8d1e6","","raccourcia/roomrefresh-chambre-d-amis-double-usage-bureau","card:5e1ca7a3-f61f-5231-adde-33b53ab8d1e6","roomrefresh-chambre-d-amis-double-usage-bureau","9dd7909e-f996-5dca-864c-9a233d8035f8","uuid_conserve","","upsert_par_card_id_du_catalogue"
"e3628941-e9de-5b73-98ca-4fb0f579d4d2","RCIA-C-000882","e3628941-e9de-5b73-98ca-4fb0f579d4d2","","raccourcia/roomrefresh-salle-a-manger-table-de-fete-sobre","card:e3628941-e9de-5b73-98ca-4fb0f579d4d2","roomrefresh-salle-a-manger-table-de-fete-sobre","9dd7909e-f996-5dca-864c-9a233d8035f8","uuid_conserve","","upsert_par_card_id_du_catalogue"
"7a203cdf-f64a-5269-aeac-03ad294fbb8f","RCIA-C-000883","7a203cdf-f64a-5269-aeac-03ad294fbb8f","","raccourcia/roomrefresh-atelier-artisanal-zones-de-travail","card:7a203cdf-f64a-5269-aeac-03ad294fbb8f","roomrefresh-atelier-artisanal-zones-de-travail","9dd7909e-f996-5dca-864c-9a233d8035f8","uuid_conserve","","upsert_par_card_id_du_catalogue"
"1e2ed6d0-32c0-58e8-aae0-b0589f73d72e","RCIA-C-000884","1e2ed6d0-32c0-58e8-aae0-b0589f73d72e","","raccourcia/roomrefresh-couloir-galerie-de-cadres","card:1e2ed6d0-32c0-58e8-aae0-b0589f73d72e","roomrefresh-couloir-galerie-de-cadres","9dd7909e-f996-5dca-864c-9a233d8035f8","uuid_conserve","","upsert_par_card_id_du_catalogue"
"ca5a2581-6344-55b1-ac50-8c5c5d32068f","RCIA-C-000885","ca5a2581-6344-55b1-ac50-8c5c5d32068f","","raccourcia/roomrefresh-appartement-palette-terre-et-indigo","card:ca5a2581-6344-55b1-ac50-8c5c5d32068f","roomrefresh-appartement-palette-terre-et-indigo","9dd7909e-f996-5dca-864c-9a233d8035f8","uuid_conserve","","upsert_par_card_id_du_catalogue"
"93243aa7-9668-5102-9233-63faa3bcb976","RCIA-C-000886","93243aa7-9668-5102-9233-63faa3bcb976","","raccourcia/roomrefresh-cafe-comptoir-et-attente-agreable","card:93243aa7-9668-5102-9233-63faa3bcb976","roomrefresh-cafe-comptoir-et-attente-agreable","9dd7909e-f996-5dca-864c-9a233d8035f8","uuid_conserve","","upsert_par_card_id_du_catalogue"
"dc813355-9a2c-5815-8e25-6ad3007cc42d","RCIA-C-000887","dc813355-9a2c-5815-8e25-6ad3007cc42d","","raccourcia/roomrefresh-piece-sous-pente-rangement-integre","card:dc813355-9a2c-5815-8e25-6ad3007cc42d","roomrefresh-piece-sous-pente-rangement-integre","9dd7909e-f996-5dca-864c-9a233d8035f8","uuid_conserve","","upsert_par_card_id_du_catalogue"
"78cc9d6b-b663-514c-aa97-93a614e8d9ef","RCIA-C-000888","78cc9d6b-b663-514c-aa97-93a614e8d9ef","","raccourcia/roomrefresh-terrasse-diner-sous-une-lumiere-douce","card:78cc9d6b-b663-514c-aa97-93a614e8d9ef","roomrefresh-terrasse-diner-sous-une-lumiere-douce","9dd7909e-f996-5dca-864c-9a233d8035f8","uuid_conserve","","upsert_par_card_id_du_catalogue"
"6c44301b-324e-5ecd-b276-28295c0c2cd1","RCIA-C-000889","6c44301b-324e-5ecd-b276-28295c0c2cd1","","raccourcia/roomrefresh-espace-partage-deux-postes-coherents","card:6c44301b-324e-5ecd-b276-28295c0c2cd1","roomrefresh-espace-partage-deux-postes-coherents","9dd7909e-f996-5dca-864c-9a233d8035f8","uuid_conserve","","upsert_par_card_id_du_catalogue"
"32a423e3-e59c-587b-9b5a-7ee020d87209","RCIA-C-000890","32a423e3-e59c-587b-9b5a-7ee020d87209","","raccourcia/xray-x-ray-appareil-photo-mecanique","card:32a423e3-e59c-587b-9b5a-7ee020d87209","xray-x-ray-appareil-photo-mecanique","83f69a68-7ab9-56cf-864e-8a3db7142a41","uuid_conserve","","upsert_par_card_id_du_catalogue"
"0970e9b9-046e-52b4-9b78-c3e473f54681","RCIA-C-000891","0970e9b9-046e-52b4-9b78-c3e473f54681","","raccourcia/xray-x-ray-casque-audio","card:0970e9b9-046e-52b4-9b78-c3e473f54681","xray-x-ray-casque-audio","83f69a68-7ab9-56cf-864e-8a3db7142a41","uuid_conserve","","upsert_par_card_id_du_catalogue"
"590c24f4-1867-5892-b732-1b335618676f","RCIA-C-000892","590c24f4-1867-5892-b732-1b335618676f","","raccourcia/xray-x-ray-chaussure-de-sport","card:590c24f4-1867-5892-b732-1b335618676f","xray-x-ray-chaussure-de-sport","83f69a68-7ab9-56cf-864e-8a3db7142a41","uuid_conserve","","upsert_par_card_id_du_catalogue"
"cc7ddaf0-11a2-5f9e-b816-eedf8015a903","RCIA-C-000893","cc7ddaf0-11a2-5f9e-b816-eedf8015a903","","raccourcia/xray-x-ray-montre-mecanique","card:cc7ddaf0-11a2-5f9e-b816-eedf8015a903","xray-x-ray-montre-mecanique","83f69a68-7ab9-56cf-864e-8a3db7142a41","uuid_conserve","","upsert_par_card_id_du_catalogue"
"8f122466-f9c4-500f-b44b-c1cced5ce03c","RCIA-C-000894","8f122466-f9c4-500f-b44b-c1cced5ce03c","","raccourcia/xray-x-ray-moulin-a-cafe","card:8f122466-f9c4-500f-b44b-c1cced5ce03c","xray-x-ray-moulin-a-cafe","83f69a68-7ab9-56cf-864e-8a3db7142a41","uuid_conserve","","upsert_par_card_id_du_catalogue"
"5d0204ad-4e72-5b77-a9c6-10a01fd5d089","RCIA-C-000895","5d0204ad-4e72-5b77-a9c6-10a01fd5d089","","raccourcia/xray-x-ray-serrure-pedagogique","card:5d0204ad-4e72-5b77-a9c6-10a01fd5d089","xray-x-ray-serrure-pedagogique","83f69a68-7ab9-56cf-864e-8a3db7142a41","uuid_conserve","","upsert_par_card_id_du_catalogue"
"37f77e61-7dc7-5e58-90b0-e9218823a484","RCIA-C-000896","37f77e61-7dc7-5e58-90b0-e9218823a484","","raccourcia/xray-x-ray-stylo-plume","card:37f77e61-7dc7-5e58-90b0-e9218823a484","xray-x-ray-stylo-plume","83f69a68-7ab9-56cf-864e-8a3db7142a41","uuid_conserve","","upsert_par_card_id_du_catalogue"
"283152e1-9956-5490-b25d-2d9f81c68fa9","RCIA-C-000897","283152e1-9956-5490-b25d-2d9f81c68fa9","","raccourcia/xray-x-ray-enceinte-portable","card:283152e1-9956-5490-b25d-2d9f81c68fa9","xray-x-ray-enceinte-portable","83f69a68-7ab9-56cf-864e-8a3db7142a41","uuid_conserve","","upsert_par_card_id_du_catalogue"
"ab218a38-ba4e-5def-98ab-16455867aed6","RCIA-C-000898","ab218a38-ba4e-5def-98ab-16455867aed6","","raccourcia/xray-x-ray-valise-a-roulettes","card:ab218a38-ba4e-5def-98ab-16455867aed6","xray-x-ray-valise-a-roulettes","83f69a68-7ab9-56cf-864e-8a3db7142a41","uuid_conserve","","upsert_par_card_id_du_catalogue"
"248bc132-14ec-566c-8e0b-c5f6cbe6dfb6","RCIA-C-000899","248bc132-14ec-566c-8e0b-c5f6cbe6dfb6","","raccourcia/xray-x-ray-lampe-de-bureau","card:248bc132-14ec-566c-8e0b-c5f6cbe6dfb6","xray-x-ray-lampe-de-bureau","83f69a68-7ab9-56cf-864e-8a3db7142a41","uuid_conserve","","upsert_par_card_id_du_catalogue"
"22293473-c59c-536c-9f07-2b3a8f4aa6b0","RCIA-C-000900","22293473-c59c-536c-9f07-2b3a8f4aa6b0","","raccourcia/explodeview-vue-eclatee-cafetiere-a-piston","card:22293473-c59c-536c-9f07-2b3a8f4aa6b0","explodeview-vue-eclatee-cafetiere-a-piston","eb665b54-33bd-5d60-9cff-cbd41ca6007e","uuid_conserve","","upsert_par_card_id_du_catalogue"
"c926a3f8-3b2b-5896-ac44-5e67e33f510b","RCIA-C-000901","c926a3f8-3b2b-5896-ac44-5e67e33f510b","","raccourcia/explodeview-vue-eclatee-lampe-articulee","card:c926a3f8-3b2b-5896-ac44-5e67e33f510b","explodeview-vue-eclatee-lampe-articulee","eb665b54-33bd-5d60-9cff-cbd41ca6007e","uuid_conserve","","upsert_par_card_id_du_catalogue"
"18456792-1354-502c-89f1-9c04efcb5b4e","RCIA-C-000902","18456792-1354-502c-89f1-9c04efcb5b4e","","raccourcia/explodeview-vue-eclatee-boitier-d-appareil-photo","card:18456792-1354-502c-89f1-9c04efcb5b4e","explodeview-vue-eclatee-boitier-d-appareil-photo","eb665b54-33bd-5d60-9cff-cbd41ca6007e","uuid_conserve","","upsert_par_card_id_du_catalogue"
"5cefdcaa-782d-5e61-aad6-28c9ce49e289","RCIA-C-000903","5cefdcaa-782d-5e61-aad6-28c9ce49e289","","raccourcia/explodeview-vue-eclatee-chaise-en-bois","card:5cefdcaa-782d-5e61-aad6-28c9ce49e289","explodeview-vue-eclatee-chaise-en-bois","eb665b54-33bd-5d60-9cff-cbd41ca6007e","uuid_conserve","","upsert_par_card_id_du_catalogue"
"6213de95-d23e-5f2c-88de-0e0c17a9dee6","RCIA-C-000904","6213de95-d23e-5f2c-88de-0e0c17a9dee6","","raccourcia/explodeview-vue-eclatee-boite-cosmetique","card:6213de95-d23e-5f2c-88de-0e0c17a9dee6","explodeview-vue-eclatee-boite-cosmetique","eb665b54-33bd-5d60-9cff-cbd41ca6007e","uuid_conserve","","upsert_par_card_id_du_catalogue"
"e0b76e24-1352-57e7-b777-ea6fd34c253f","RCIA-C-000905","e0b76e24-1352-57e7-b777-ea6fd34c253f","","raccourcia/explodeview-vue-eclatee-sneaker-en-couches","card:e0b76e24-1352-57e7-b777-ea6fd34c253f","explodeview-vue-eclatee-sneaker-en-couches","eb665b54-33bd-5d60-9cff-cbd41ca6007e","uuid_conserve","","upsert_par_card_id_du_catalogue"
"aa8d113e-c880-53f1-a32d-38cc32b9f596","RCIA-C-000906","aa8d113e-c880-53f1-a32d-38cc32b9f596","","raccourcia/explodeview-vue-eclatee-velo-par-sous-ensembles","card:aa8d113e-c880-53f1-a32d-38cc32b9f596","explodeview-vue-eclatee-velo-par-sous-ensembles","eb665b54-33bd-5d60-9cff-cbd41ca6007e","uuid_conserve","","upsert_par_card_id_du_catalogue"
"4c04a163-f52c-5458-8f00-3c5351967035","RCIA-C-000907","4c04a163-f52c-5458-8f00-3c5351967035","","raccourcia/explodeview-vue-eclatee-clavier-mecanique","card:4c04a163-f52c-5458-8f00-3c5351967035","explodeview-vue-eclatee-clavier-mecanique","eb665b54-33bd-5d60-9cff-cbd41ca6007e","uuid_conserve","","upsert_par_card_id_du_catalogue"
"db8c483a-2fc6-51b9-b520-45d3ea7c4e05","RCIA-C-000908","db8c483a-2fc6-51b9-b520-45d3ea7c4e05","","raccourcia/explodeview-vue-eclatee-emballage-cadeau","card:db8c483a-2fc6-51b9-b520-45d3ea7c4e05","explodeview-vue-eclatee-emballage-cadeau","eb665b54-33bd-5d60-9cff-cbd41ca6007e","uuid_conserve","","upsert_par_card_id_du_catalogue"
"9d36f1be-6b64-5ec4-9a3c-84790483c05c","RCIA-C-000909","9d36f1be-6b64-5ec4-9a3c-84790483c05c","","raccourcia/explodeview-vue-eclatee-moulin-manuel","card:9d36f1be-6b64-5ec4-9a3c-84790483c05c","explodeview-vue-eclatee-moulin-manuel","eb665b54-33bd-5d60-9cff-cbd41ca6007e","uuid_conserve","","upsert_par_card_id_du_catalogue"
"bceffa03-a88d-5f06-9c16-97908fcd81f2","RCIA-C-000910","bceffa03-a88d-5f06-9c16-97908fcd81f2","","raccourcia/visualexplain-cycle-de-l-eau-paysage-en-coupe","card:bceffa03-a88d-5f06-9c16-97908fcd81f2","visualexplain-cycle-de-l-eau-paysage-en-coupe","7ca51166-3c54-590c-a567-1faf43edff76","uuid_conserve","","upsert_par_card_id_du_catalogue"
"db919c17-ebf1-5f44-be1b-ac68e29151d1","RCIA-C-000911","db919c17-ebf1-5f44-be1b-ac68e29151d1","","raccourcia/visualflow-de-la-feve-au-chocolat-etapes-visibles","card:db919c17-ebf1-5f44-be1b-ac68e29151d1","visualflow-de-la-feve-au-chocolat-etapes-visibles","9c66f835-0f5c-50e9-8eb8-b4c9620b15a6","uuid_conserve","","upsert_par_card_id_du_catalogue"
"d6bb3088-4b3f-5b30-9813-3ba3260368b1","RCIA-C-000912","d6bb3088-4b3f-5b30-9813-3ba3260368b1","","raccourcia/visualflow-le-trajet-d-un-colis-de-la-commande-a-la-porte","card:d6bb3088-4b3f-5b30-9813-3ba3260368b1","visualflow-le-trajet-d-un-colis-de-la-commande-a-la-porte","9c66f835-0f5c-50e9-8eb8-b4c9620b15a6","uuid_conserve","","upsert_par_card_id_du_catalogue"
"f8c38ec3-ab3e-5757-8082-271c31e09904","RCIA-C-000913","f8c38ec3-ab3e-5757-8082-271c31e09904","","raccourcia/visualexplain-une-recette-en-cinq-gestes","card:f8c38ec3-ab3e-5757-8082-271c31e09904","visualexplain-une-recette-en-cinq-gestes","7ca51166-3c54-590c-a567-1faf43edff76","uuid_conserve","","upsert_par_card_id_du_catalogue"
"4e082895-e71f-5fc1-9d5d-79cf76a0903a","RCIA-C-000914","4e082895-e71f-5fc1-9d5d-79cf76a0903a","","raccourcia/visualflow-le-circuit-d-un-livre-auteur-a-lecteur","card:4e082895-e71f-5fc1-9d5d-79cf76a0903a","visualflow-le-circuit-d-un-livre-auteur-a-lecteur","9c66f835-0f5c-50e9-8eb8-b4c9620b15a6","uuid_conserve","","upsert_par_card_id_du_catalogue"
"a208a207-8d6a-57e0-8c8e-1a0fb6c73ec0","RCIA-C-000915","a208a207-8d6a-57e0-8c8e-1a0fb6c73ec0","","raccourcia/visualflow-lumiere-photo-fenetre-et-reflecteur","card:a208a207-8d6a-57e0-8c8e-1a0fb6c73ec0","visualflow-lumiere-photo-fenetre-et-reflecteur","9c66f835-0f5c-50e9-8eb8-b4c9620b15a6","uuid_conserve","","upsert_par_card_id_du_catalogue"
"e3f9aa8d-7f46-5292-bb6e-1e1fe6769998","RCIA-C-000916","e3f9aa8d-7f46-5292-bb6e-1e1fe6769998","","raccourcia/comparisonvisual-comparer-deux-matieres-texture-et-usage","card:e3f9aa8d-7f46-5292-bb6e-1e1fe6769998","comparisonvisual-comparer-deux-matieres-texture-et-usage","33900d03-0cda-5c55-a4e3-b4cefc8668ae","uuid_conserve","","upsert_par_card_id_du_catalogue"
"ffd5f33e-de27-5cfc-9e16-b57507c41725","RCIA-C-000917","ffd5f33e-de27-5cfc-9e16-b57507c41725","","raccourcia/comparisonvisual-comparer-deux-emballages-lecture-en-rayon","card:ffd5f33e-de27-5cfc-9e16-b57507c41725","comparisonvisual-comparer-deux-emballages-lecture-en-rayon","33900d03-0cda-5c55-a4e3-b4cefc8668ae","uuid_conserve","","upsert_par_card_id_du_catalogue"
"d8ebd46f-0434-54f4-b1d3-463f8ce3c376","RCIA-C-000918","d8ebd46f-0434-54f4-b1d3-463f8ce3c376","","raccourcia/visualflow-flux-d-energie-lampe-solaire-conceptuelle","card:d8ebd46f-0434-54f4-b1d3-463f8ce3c376","visualflow-flux-d-energie-lampe-solaire-conceptuelle","9c66f835-0f5c-50e9-8eb8-b4c9620b15a6","uuid_conserve","","upsert_par_card_id_du_catalogue"
"57b0d4ab-94d7-5bfe-87ef-4db00f48c7f4","RCIA-C-000919","57b0d4ab-94d7-5bfe-87ef-4db00f48c7f4","","raccourcia/visualflow-circulation-d-air-piece-conceptuelle","card:57b0d4ab-94d7-5bfe-87ef-4db00f48c7f4","visualflow-circulation-d-air-piece-conceptuelle","9c66f835-0f5c-50e9-8eb8-b4c9620b15a6","uuid_conserve","","upsert_par_card_id_du_catalogue"
"7b5b03b2-f2e6-58db-bede-0d995050cd90","RCIA-C-000920","7b5b03b2-f2e6-58db-bede-0d995050cd90","","raccourcia/visualplan-plan-de-stand-zones-et-parcours","card:7b5b03b2-f2e6-58db-bede-0d995050cd90","visualplan-plan-de-stand-zones-et-parcours","a84f55f9-a66f-573b-a752-5c46b617039a","uuid_conserve","","upsert_par_card_id_du_catalogue"
"7037c40f-8787-5790-8fa7-df231c67ee7e","RCIA-C-000921","7037c40f-8787-5790-8fa7-df231c67ee7e","","raccourcia/visualplan-plan-de-table-places-et-circulations","card:7037c40f-8787-5790-8fa7-df231c67ee7e","visualplan-plan-de-table-places-et-circulations","a84f55f9-a66f-573b-a752-5c46b617039a","uuid_conserve","","upsert_par_card_id_du_catalogue"
"7474f4ed-aaf5-521a-a46b-dac602e0f6e9","RCIA-C-000922","7474f4ed-aaf5-521a-a46b-dac602e0f6e9","","raccourcia/visualexplain-anatomie-d-un-sac-poches-et-acces","card:7474f4ed-aaf5-521a-a46b-dac602e0f6e9","visualexplain-anatomie-d-un-sac-poches-et-acces","7ca51166-3c54-590c-a567-1faf43edff76","uuid_conserve","","upsert_par_card_id_du_catalogue"
"62d52eed-40e1-558b-a617-e2dac1d967f9","RCIA-C-000923","62d52eed-40e1-558b-a617-e2dac1d967f9","","raccourcia/visualexplain-guide-de-pliage-d-une-boite-etapes-fournies","card:62d52eed-40e1-558b-a617-e2dac1d967f9","visualexplain-guide-de-pliage-d-une-boite-etapes-fournies","7ca51166-3c54-590c-a567-1faf43edff76","uuid_conserve","","upsert_par_card_id_du_catalogue"
"ae457c8b-ef50-53e8-be0f-a758a0e51c01","RCIA-C-000924","ae457c8b-ef50-53e8-be0f-a758a0e51c01","","raccourcia/visualexplain-organisation-d-un-bureau-objets-et-fonctions","card:ae457c8b-ef50-53e8-be0f-a758a0e51c01","visualexplain-organisation-d-un-bureau-objets-et-fonctions","7ca51166-3c54-590c-a567-1faf43edff76","uuid_conserve","","upsert_par_card_id_du_catalogue"
"aab72ad9-cfe6-5a63-bc19-ab21d2c7d0db","RCIA-C-000925","aab72ad9-cfe6-5a63-bc19-ab21d2c7d0db","","raccourcia/visualexplain-chronologie-d-un-projet-jalons-lisibles","card:aab72ad9-cfe6-5a63-bc19-ab21d2c7d0db","visualexplain-chronologie-d-un-projet-jalons-lisibles","7ca51166-3c54-590c-a567-1faf43edff76","uuid_conserve","","upsert_par_card_id_du_catalogue"
"76cc7d99-da27-5162-8946-c55188da6b44","RCIA-C-000926","76cc7d99-da27-5162-8946-c55188da6b44","","raccourcia/visualexplain-carte-mentale-d-une-idee-branches-limitees","card:76cc7d99-da27-5162-8946-c55188da6b44","visualexplain-carte-mentale-d-une-idee-branches-limitees","7ca51166-3c54-590c-a567-1faf43edff76","uuid_conserve","","upsert_par_card_id_du_catalogue"
"53d87fde-dbd9-5a56-984c-0e5d959f7d52","RCIA-C-000927","53d87fde-dbd9-5a56-984c-0e5d959f7d52","","raccourcia/visualflow-cycle-de-reemploi-objet-et-seconde-vie","card:53d87fde-dbd9-5a56-984c-0e5d959f7d52","visualflow-cycle-de-reemploi-objet-et-seconde-vie","9c66f835-0f5c-50e9-8eb8-b4c9620b15a6","uuid_conserve","","upsert_par_card_id_du_catalogue"
"2825294c-599c-5f22-b0a0-962ef2de3020","RCIA-C-000928","2825294c-599c-5f22-b0a0-962ef2de3020","","raccourcia/visualflow-parcours-client-decouverte-a-fidelite","card:2825294c-599c-5f22-b0a0-962ef2de3020","visualflow-parcours-client-decouverte-a-fidelite","9c66f835-0f5c-50e9-8eb8-b4c9620b15a6","uuid_conserve","","upsert_par_card_id_du_catalogue"
"6f0fd1f5-3377-5e03-9a7e-08281cc46d59","RCIA-C-000929","6f0fd1f5-3377-5e03-9a7e-08281cc46d59","","raccourcia/visualplan-guide-de-tailles-mesures-renseignees","card:6f0fd1f5-3377-5e03-9a7e-08281cc46d59","visualplan-guide-de-tailles-mesures-renseignees","a84f55f9-a66f-573b-a752-5c46b617039a","uuid_conserve","","upsert_par_card_id_du_catalogue"
"6414fb1e-149a-5c3c-b5a1-4952c093c9bd","RCIA-C-000930","6414fb1e-149a-5c3c-b5a1-4952c093c9bd","","raccourcia/comicpage-bd-le-cafe-qui-change-la-journee","card:6414fb1e-149a-5c3c-b5a1-4952c093c9bd","comicpage-bd-le-cafe-qui-change-la-journee","48774ad0-0dae-51a0-8391-6d345e878581","uuid_conserve","","upsert_par_card_id_du_catalogue"
"15223c58-ca9a-5606-b4e8-00a0596a305b","RCIA-C-000931","15223c58-ca9a-5606-b4e8-00a0596a305b","","raccourcia/comicpage-bd-le-colis-mysterieux","card:15223c58-ca9a-5606-b4e8-00a0596a305b","comicpage-bd-le-colis-mysterieux","48774ad0-0dae-51a0-8391-6d345e878581","uuid_conserve","","upsert_par_card_id_du_catalogue"
"7dead2d9-dbcd-5a05-a314-99620c969dc2","RCIA-C-000932","7dead2d9-dbcd-5a05-a314-99620c969dc2","","raccourcia/comicpage-bd-mon-double-fait-les-courses","card:7dead2d9-dbcd-5a05-a314-99620c969dc2","comicpage-bd-mon-double-fait-les-courses","48774ad0-0dae-51a0-8391-6d345e878581","uuid_conserve","","upsert_par_card_id_du_catalogue"
"3d8f80d9-5aa8-58df-bc1d-caa9bd29778a","RCIA-C-000933","3d8f80d9-5aa8-58df-bc1d-caa9bd29778a","","raccourcia/comicpage-bd-le-chat-prend-le-controle-du-bureau","card:3d8f80d9-5aa8-58df-bc1d-caa9bd29778a","comicpage-bd-le-chat-prend-le-controle-du-bureau","48774ad0-0dae-51a0-8391-6d345e878581","uuid_conserve","","upsert_par_card_id_du_catalogue"
"988ad599-9b2d-5c45-8caa-7b569a949366","RCIA-C-000934","988ad599-9b2d-5c45-8caa-7b569a949366","","raccourcia/comicpage-bd-premiere-journee-de-super-heros","card:988ad599-9b2d-5c45-8caa-7b569a949366","comicpage-bd-premiere-journee-de-super-heros","48774ad0-0dae-51a0-8391-6d345e878581","uuid_conserve","","upsert_par_card_id_du_catalogue"
"12a5bcbd-c41e-517c-bc43-cbb6d1689b33","RCIA-C-000935","12a5bcbd-c41e-517c-bc43-cbb6d1689b33","","raccourcia/comicpage-bd-le-rendez-vous-avec-mon-futur-moi","card:12a5bcbd-c41e-517c-bc43-cbb6d1689b33","comicpage-bd-le-rendez-vous-avec-mon-futur-moi","48774ad0-0dae-51a0-8391-6d345e878581","uuid_conserve","","upsert_par_card_id_du_catalogue"
"57a536fa-a300-5fef-9f9a-dff020e9c262","RCIA-C-000936","57a536fa-a300-5fef-9f9a-dff020e9c262","","raccourcia/comicpage-bd-le-parapluie-recalcitrant","card:57a536fa-a300-5fef-9f9a-dff020e9c262","comicpage-bd-le-parapluie-recalcitrant","48774ad0-0dae-51a0-8391-6d345e878581","uuid_conserve","","upsert_par_card_id_du_catalogue"
"e56f632b-6aa0-5288-a535-397051f25f62","RCIA-C-000937","e56f632b-6aa0-5288-a535-397051f25f62","","raccourcia/comicpage-bd-le-pitch-devant-des-plantes","card:e56f632b-6aa0-5288-a535-397051f25f62","comicpage-bd-le-pitch-devant-des-plantes","48774ad0-0dae-51a0-8391-6d345e878581","uuid_conserve","","upsert_par_card_id_du_catalogue"
"e45953c7-58be-56d1-ab2c-e3a0cca01481","RCIA-C-000938","e45953c7-58be-56d1-ab2c-e3a0cca01481","","raccourcia/comicpage-bd-le-dernier-metro-spatial","card:e45953c7-58be-56d1-ab2c-e3a0cca01481","comicpage-bd-le-dernier-metro-spatial","48774ad0-0dae-51a0-8391-6d345e878581","uuid_conserve","","upsert_par_card_id_du_catalogue"
"2d38ddbe-305f-5244-8db5-9e7bafdcb008","RCIA-C-000939","2d38ddbe-305f-5244-8db5-9e7bafdcb008","","raccourcia/comicpage-bd-la-recette-qui-improvise","card:2d38ddbe-305f-5244-8db5-9e7bafdcb008","comicpage-bd-la-recette-qui-improvise","48774ad0-0dae-51a0-8391-6d345e878581","uuid_conserve","","upsert_par_card_id_du_catalogue"
"56738b91-a2ff-58da-bb8c-cb7af2713ff9","RCIA-C-000940","56738b91-a2ff-58da-bb8c-cb7af2713ff9","","raccourcia/comicpage-bd-l-objet-perdu-etait-dans-ma-main","card:56738b91-a2ff-58da-bb8c-cb7af2713ff9","comicpage-bd-l-objet-perdu-etait-dans-ma-main","48774ad0-0dae-51a0-8391-6d345e878581","uuid_conserve","","upsert_par_card_id_du_catalogue"
"f696f9a9-3456-5300-a3cf-a140ba6ee1ad","RCIA-C-000941","f696f9a9-3456-5300-a3cf-a140ba6ee1ad","","raccourcia/comicpage-bd-le-voisin-d-un-autre-univers","card:f696f9a9-3456-5300-a3cf-a140ba6ee1ad","comicpage-bd-le-voisin-d-un-autre-univers","48774ad0-0dae-51a0-8391-6d345e878581","uuid_conserve","","upsert_par_card_id_du_catalogue"
"161e289a-0863-5f97-8ff0-9ec390610309","RCIA-C-000942","161e289a-0863-5f97-8ff0-9ec390610309","","raccourcia/comicpage-bd-la-reunion-en-apesanteur","card:161e289a-0863-5f97-8ff0-9ec390610309","comicpage-bd-la-reunion-en-apesanteur","48774ad0-0dae-51a0-8391-6d345e878581","uuid_conserve","","upsert_par_card_id_du_catalogue"
"44755f5f-f894-53ca-9049-f15dadf3edd2","RCIA-C-000943","44755f5f-f894-53ca-9049-f15dadf3edd2","","raccourcia/comicpage-bd-le-carnet-dessine-la-realite","card:44755f5f-f894-53ca-9049-f15dadf3edd2","comicpage-bd-le-carnet-dessine-la-realite","48774ad0-0dae-51a0-8391-6d345e878581","uuid_conserve","","upsert_par_card_id_du_catalogue"
"4affaf4a-d089-5213-ab8a-497d4f45c65b","RCIA-C-000944","4affaf4a-d089-5213-ab8a-497d4f45c65b","","raccourcia/comicpage-bd-mon-portrait-sort-du-musee","card:4affaf4a-d089-5213-ab8a-497d4f45c65b","comicpage-bd-mon-portrait-sort-du-musee","48774ad0-0dae-51a0-8391-6d345e878581","uuid_conserve","","upsert_par_card_id_du_catalogue"
"1f75fd97-65cf-58bd-b6b2-1d6a26d90020","RCIA-C-000945","1f75fd97-65cf-58bd-b6b2-1d6a26d90020","","raccourcia/comicpage-bd-le-voyage-annule-devient-une-aventure","card:1f75fd97-65cf-58bd-b6b2-1d6a26d90020","comicpage-bd-le-voyage-annule-devient-une-aventure","48774ad0-0dae-51a0-8391-6d345e878581","uuid_conserve","","upsert_par_card_id_du_catalogue"
"6dcdc9eb-400e-529e-9b01-59ea7c5b21ac","RCIA-C-000946","6dcdc9eb-400e-529e-9b01-59ea7c5b21ac","","raccourcia/comicpage-bd-le-badge-du-heros-ordinaire","card:6dcdc9eb-400e-529e-9b01-59ea7c5b21ac","comicpage-bd-le-badge-du-heros-ordinaire","48774ad0-0dae-51a0-8391-6d345e878581","uuid_conserve","","upsert_par_card_id_du_catalogue"
"2752fd44-81d4-5fcb-92c2-e2f0ca595508","RCIA-C-000947","2752fd44-81d4-5fcb-92c2-e2f0ca595508","","raccourcia/comicpage-bd-les-chaussures-choisissent-la-destination","card:2752fd44-81d4-5fcb-92c2-e2f0ca595508","comicpage-bd-les-chaussures-choisissent-la-destination","48774ad0-0dae-51a0-8391-6d345e878581","uuid_conserve","","upsert_par_card_id_du_catalogue"
"3a3ef325-81de-51a4-9d5e-0acb40fb04d6","RCIA-C-000948","3a3ef325-81de-51a4-9d5e-0acb40fb04d6","","raccourcia/comicpage-bd-la-meteo-suit-mon-humeur","card:3a3ef325-81de-51a4-9d5e-0acb40fb04d6","comicpage-bd-la-meteo-suit-mon-humeur","48774ad0-0dae-51a0-8391-6d345e878581","uuid_conserve","","upsert_par_card_id_du_catalogue"
"a8e1b914-a4b1-5f30-8a68-880dee1ecfa7","RCIA-C-000949","a8e1b914-a4b1-5f30-8a68-880dee1ecfa7","","raccourcia/comicpage-bd-l-atelier-ferme-mais-les-objets-travaillent","card:a8e1b914-a4b1-5f30-8a68-880dee1ecfa7","comicpage-bd-l-atelier-ferme-mais-les-objets-travaillent","48774ad0-0dae-51a0-8391-6d345e878581","uuid_conserve","","upsert_par_card_id_du_catalogue"
"1343f6f5-3f37-541f-ad1d-43c3a0083084","RCIA-C-000950","1343f6f5-3f37-541f-ad1d-43c3a0083084","","raccourcia/insectself-moi-en-scarabee-joaillier","card:1343f6f5-3f37-541f-ad1d-43c3a0083084","insectself-moi-en-scarabee-joaillier","b57c1fc1-388b-54b7-ae91-a5e601deb27f","uuid_conserve","","upsert_par_card_id_du_catalogue"
"ecc44a4c-8a49-5857-b690-e350ad915478","RCIA-C-000951","ecc44a4c-8a49-5857-b690-e350ad915478","","raccourcia/insectself-moi-en-mante-religieuse-contemplative","card:ecc44a4c-8a49-5857-b690-e350ad915478","insectself-moi-en-mante-religieuse-contemplative","b57c1fc1-388b-54b7-ae91-a5e601deb27f","uuid_conserve","","upsert_par_card_id_du_catalogue"
"1cc5858f-75a1-527e-ad4d-06dbe0192062","RCIA-C-000952","1cc5858f-75a1-527e-ad4d-06dbe0192062","","raccourcia/insectself-moi-en-papillon-de-nuit-bibliothecaire","card:1cc5858f-75a1-527e-ad4d-06dbe0192062","insectself-moi-en-papillon-de-nuit-bibliothecaire","b57c1fc1-388b-54b7-ae91-a5e601deb27f","uuid_conserve","","upsert_par_card_id_du_catalogue"
"31b4fe99-a6c0-5c4f-a21c-fd075cb0fad0","RCIA-C-000953","31b4fe99-a6c0-5c4f-a21c-fd075cb0fad0","","raccourcia/insectself-moi-en-fourmi-chef-de-chantier","card:31b4fe99-a6c0-5c4f-a21c-fd075cb0fad0","insectself-moi-en-fourmi-chef-de-chantier","b57c1fc1-388b-54b7-ae91-a5e601deb27f","uuid_conserve","","upsert_par_card_id_du_catalogue"
"266868c0-c29e-59c4-93dd-423b77d013ab","RCIA-C-000954","266868c0-c29e-59c4-93dd-423b77d013ab","","raccourcia/insectself-moi-en-abeille-barista","card:266868c0-c29e-59c4-93dd-423b77d013ab","insectself-moi-en-abeille-barista","b57c1fc1-388b-54b7-ae91-a5e601deb27f","uuid_conserve","","upsert_par_card_id_du_catalogue"
"8dd637b7-0ae9-5f50-b90a-12d1809dffb2","RCIA-C-000955","8dd637b7-0ae9-5f50-b90a-12d1809dffb2","","raccourcia/insectself-moi-en-libellule-pilote","card:8dd637b7-0ae9-5f50-b90a-12d1809dffb2","insectself-moi-en-libellule-pilote","b57c1fc1-388b-54b7-ae91-a5e601deb27f","uuid_conserve","","upsert_par_card_id_du_catalogue"
"229f2587-629f-5429-82b1-ab6c3cba91c3","RCIA-C-000956","229f2587-629f-5429-82b1-ab6c3cba91c3","","raccourcia/insectself-moi-en-coccinelle-detective","card:229f2587-629f-5429-82b1-ab6c3cba91c3","insectself-moi-en-coccinelle-detective","b57c1fc1-388b-54b7-ae91-a5e601deb27f","uuid_conserve","","upsert_par_card_id_du_catalogue"
"8e7ca8f6-e9fc-5f4a-a331-2a180325edaa","RCIA-C-000957","8e7ca8f6-e9fc-5f4a-a331-2a180325edaa","","raccourcia/insectself-moi-en-sauterelle-musicienne","card:8e7ca8f6-e9fc-5f4a-a331-2a180325edaa","insectself-moi-en-sauterelle-musicienne","b57c1fc1-388b-54b7-ae91-a5e601deb27f","uuid_conserve","","upsert_par_card_id_du_catalogue"
"5464fc78-f981-5522-bd0c-9ea4f0f90f41","RCIA-C-000958","5464fc78-f981-5522-bd0c-9ea4f0f90f41","","raccourcia/insectself-moi-en-luciole-veilleur-de-nuit","card:5464fc78-f981-5522-bd0c-9ea4f0f90f41","insectself-moi-en-luciole-veilleur-de-nuit","b57c1fc1-388b-54b7-ae91-a5e601deb27f","uuid_conserve","","upsert_par_card_id_du_catalogue"
"c5749359-cebc-58fe-9595-ea740f95526a","RCIA-C-000959","c5749359-cebc-58fe-9595-ea740f95526a","","raccourcia/insectself-moi-en-chenille-couturiere","card:c5749359-cebc-58fe-9595-ea740f95526a","insectself-moi-en-chenille-couturiere","b57c1fc1-388b-54b7-ae91-a5e601deb27f","uuid_conserve","","upsert_par_card_id_du_catalogue"
"aee0b001-b0bf-5ea2-913d-0f2c0f245756","RCIA-C-000960","aee0b001-b0bf-5ea2-913d-0f2c0f245756","","raccourcia/creatureportrait-moi-en-escargot-voyageur","card:aee0b001-b0bf-5ea2-913d-0f2c0f245756","creatureportrait-moi-en-escargot-voyageur","04adb9d9-022d-5a2d-b0b9-5af95a1f594e","uuid_conserve","","upsert_par_card_id_du_catalogue"
"48f9a2d7-f2d2-5c06-abdc-5ddd5f2ce587","RCIA-C-000961","48f9a2d7-f2d2-5c06-abdc-5ddd5f2ce587","","raccourcia/creatureportrait-moi-en-gecko-de-rooftop","card:48f9a2d7-f2d2-5c06-abdc-5ddd5f2ce587","creatureportrait-moi-en-gecko-de-rooftop","04adb9d9-022d-5a2d-b0b9-5af95a1f594e","uuid_conserve","","upsert_par_card_id_du_catalogue"
"7824d60c-5e03-52d2-acde-af407358b424","RCIA-C-000962","7824d60c-5e03-52d2-acde-af407358b424","","raccourcia/creatureportrait-moi-en-hibou-professeur","card:7824d60c-5e03-52d2-acde-af407358b424","creatureportrait-moi-en-hibou-professeur","04adb9d9-022d-5a2d-b0b9-5af95a1f594e","uuid_conserve","","upsert_par_card_id_du_catalogue"
"8a942b12-b631-53cd-b264-17fa3a64fb78","RCIA-C-000963","8a942b12-b631-53cd-b264-17fa3a64fb78","","raccourcia/creatureportrait-moi-en-renard-diplomate","card:8a942b12-b631-53cd-b264-17fa3a64fb78","creatureportrait-moi-en-renard-diplomate","04adb9d9-022d-5a2d-b0b9-5af95a1f594e","uuid_conserve","","upsert_par_card_id_du_catalogue"
"9ca463e9-7762-52d6-bedb-42fb0dce44f9","RCIA-C-000964","9ca463e9-7762-52d6-bedb-42fb0dce44f9","","raccourcia/creatureportrait-moi-en-pieuvre-multitache","card:9ca463e9-7762-52d6-bedb-42fb0dce44f9","creatureportrait-moi-en-pieuvre-multitache","04adb9d9-022d-5a2d-b0b9-5af95a1f594e","uuid_conserve","","upsert_par_card_id_du_catalogue"
"428b4fe7-136a-574d-a194-df6acf5a2c31","RCIA-C-000965","428b4fe7-136a-574d-a194-df6acf5a2c31","","raccourcia/creatureportrait-moi-en-cameleon-styliste","card:428b4fe7-136a-574d-a194-df6acf5a2c31","creatureportrait-moi-en-cameleon-styliste","04adb9d9-022d-5a2d-b0b9-5af95a1f594e","uuid_conserve","","upsert_par_card_id_du_catalogue"
"41026c05-0b1e-5ff2-95f9-5d6780352f19","RCIA-C-000966","41026c05-0b1e-5ff2-95f9-5d6780352f19","","raccourcia/creatureportrait-moi-en-grenouille-chanteuse","card:41026c05-0b1e-5ff2-95f9-5d6780352f19","creatureportrait-moi-en-grenouille-chanteuse","04adb9d9-022d-5a2d-b0b9-5af95a1f594e","uuid_conserve","","upsert_par_card_id_du_catalogue"
"2d82e201-2c23-5672-9dc5-3affec4c6ced","RCIA-C-000967","2d82e201-2c23-5672-9dc5-3affec4c6ced","","raccourcia/creatureportrait-moi-en-tortue-architecte","card:2d82e201-2c23-5672-9dc5-3affec4c6ced","creatureportrait-moi-en-tortue-architecte","04adb9d9-022d-5a2d-b0b9-5af95a1f594e","uuid_conserve","","upsert_par_card_id_du_catalogue"
"854c4e84-cd33-5b93-a921-3dd00af8b476","RCIA-C-000968","854c4e84-cd33-5b93-a921-3dd00af8b476","","raccourcia/creatureportrait-moi-en-poisson-lune-reveur","card:854c4e84-cd33-5b93-a921-3dd00af8b476","creatureportrait-moi-en-poisson-lune-reveur","04adb9d9-022d-5a2d-b0b9-5af95a1f594e","uuid_conserve","","upsert_par_card_id_du_catalogue"
"093c79a1-2657-5470-a6d6-c6edc0476f02","RCIA-C-000969","093c79a1-2657-5470-a6d6-c6edc0476f02","","raccourcia/creatureportrait-moi-en-dragon-de-poche","card:093c79a1-2657-5470-a6d6-c6edc0476f02","creatureportrait-moi-en-dragon-de-poche","04adb9d9-022d-5a2d-b0b9-5af95a1f594e","uuid_conserve","","upsert_par_card_id_du_catalogue"
"6b83306b-ac61-5758-b7d9-677850b26729","RCIA-C-000970","6b83306b-ac61-5758-b7d9-677850b26729","","raccourcia/photoedit-retouche-retirer-un-passant-en-arriere-plan","card:6b83306b-ac61-5758-b7d9-677850b26729","photoedit-retouche-retirer-un-passant-en-arriere-plan","f9968487-a1b4-5795-ba14-edd373418dea","uuid_conserve","","upsert_par_card_id_du_catalogue"
"dece284e-a3d3-5eea-addc-6b3c513524b8","RCIA-C-000971","dece284e-a3d3-5eea-addc-6b3c513524b8","","raccourcia/photoedit-retouche-enlever-un-reflet-de-lunettes","card:dece284e-a3d3-5eea-addc-6b3c513524b8","photoedit-retouche-enlever-un-reflet-de-lunettes","f9968487-a1b4-5795-ba14-edd373418dea","uuid_conserve","","upsert_par_card_id_du_catalogue"
"28c91ab2-2873-5b39-b24f-4ec38ae7a920","RCIA-C-000972","28c91ab2-2873-5b39-b24f-4ec38ae7a920","","raccourcia/photoedit-retouche-redresser-une-perspective-de-facade","card:28c91ab2-2873-5b39-b24f-4ec38ae7a920","photoedit-retouche-redresser-une-perspective-de-facade","f9968487-a1b4-5795-ba14-edd373418dea","uuid_conserve","","upsert_par_card_id_du_catalogue"
"27346e87-1f56-5ebe-9ce5-25c4eb834000","RCIA-C-000973","27346e87-1f56-5ebe-9ce5-25c4eb834000","","raccourcia/photoedit-retouche-prolonger-un-fond-pour-une-affiche","card:27346e87-1f56-5ebe-9ce5-25c4eb834000","photoedit-retouche-prolonger-un-fond-pour-une-affiche","f9968487-a1b4-5795-ba14-edd373418dea","uuid_conserve","","upsert_par_card_id_du_catalogue"
"2dd41580-8a54-5e2b-9715-d349706223e7","RCIA-C-000974","2dd41580-8a54-5e2b-9715-d349706223e7","","raccourcia/photoedit-retouche-nettoyer-un-fond-de-produit","card:2dd41580-8a54-5e2b-9715-d349706223e7","photoedit-retouche-nettoyer-un-fond-de-produit","f9968487-a1b4-5795-ba14-edd373418dea","uuid_conserve","","upsert_par_card_id_du_catalogue"
"81bba74a-79a2-5aa5-9443-977b48267920","RCIA-C-000975","81bba74a-79a2-5aa5-9443-977b48267920","","raccourcia/photoedit-retouche-corriger-une-dominante-de-lumiere","card:81bba74a-79a2-5aa5-9443-977b48267920","photoedit-retouche-corriger-une-dominante-de-lumiere","f9968487-a1b4-5795-ba14-edd373418dea","uuid_conserve","","upsert_par_card_id_du_catalogue"
"8f4218b4-a54a-55e5-8f01-dc7ba754c972","RCIA-C-000976","8f4218b4-a54a-55e5-8f01-dc7ba754c972","","raccourcia/photoedit-retouche-recuperer-un-portrait-trop-sombre","card:8f4218b4-a54a-55e5-8f01-dc7ba754c972","photoedit-retouche-recuperer-un-portrait-trop-sombre","f9968487-a1b4-5795-ba14-edd373418dea","uuid_conserve","","upsert_par_card_id_du_catalogue"
"765d9216-53f5-5a2f-821a-8e2bc196539d","RCIA-C-000977","765d9216-53f5-5a2f-821a-8e2bc196539d","","raccourcia/photoedit-retouche-reduire-une-brillance-du-front","card:765d9216-53f5-5a2f-821a-8e2bc196539d","photoedit-retouche-reduire-une-brillance-du-front","f9968487-a1b4-5795-ba14-edd373418dea","uuid_conserve","","upsert_par_card_id_du_catalogue"
"dda4e6f3-90b3-50c4-8432-2c03f8990c05","RCIA-C-000978","dda4e6f3-90b3-50c4-8432-2c03f8990c05","","raccourcia/photoedit-retouche-effacer-une-tache-sur-le-decor","card:dda4e6f3-90b3-50c4-8432-2c03f8990c05","photoedit-retouche-effacer-une-tache-sur-le-decor","f9968487-a1b4-5795-ba14-edd373418dea","uuid_conserve","","upsert_par_card_id_du_catalogue"
"54b250ed-0144-5fc4-92a1-952d9503a8d4","RCIA-C-000979","54b250ed-0144-5fc4-92a1-952d9503a8d4","","raccourcia/photoedit-retouche-harmoniser-deux-sources-de-lumiere","card:54b250ed-0144-5fc4-92a1-952d9503a8d4","photoedit-retouche-harmoniser-deux-sources-de-lumiere","f9968487-a1b4-5795-ba14-edd373418dea","uuid_conserve","","upsert_par_card_id_du_catalogue"
"dae06413-7170-53e6-a012-718712488661","RCIA-C-000980","dae06413-7170-53e6-a012-718712488661","","raccourcia/photoedit-retouche-restaurer-une-dechirure-de-photo","card:dae06413-7170-53e6-a012-718712488661","photoedit-retouche-restaurer-une-dechirure-de-photo","f9968487-a1b4-5795-ba14-edd373418dea","uuid_conserve","","upsert_par_card_id_du_catalogue"
"b64f6baf-6b60-561f-83ec-ff0dd1d75e26","RCIA-C-000981","b64f6baf-6b60-561f-83ec-ff0dd1d75e26","","raccourcia/photoedit-retouche-attenuer-des-rayures-de-tirage","card:b64f6baf-6b60-561f-83ec-ff0dd1d75e26","photoedit-retouche-attenuer-des-rayures-de-tirage","f9968487-a1b4-5795-ba14-edd373418dea","uuid_conserve","","upsert_par_card_id_du_catalogue"
"80aa244c-5907-5775-9e59-1a83ee3a8622","RCIA-C-000982","80aa244c-5907-5775-9e59-1a83ee3a8622","","raccourcia/photoedit-retouche-detourer-des-cheveux-sur-fond-simple","card:80aa244c-5907-5775-9e59-1a83ee3a8622","photoedit-retouche-detourer-des-cheveux-sur-fond-simple","f9968487-a1b4-5795-ba14-edd373418dea","uuid_conserve","","upsert_par_card_id_du_catalogue"
"33a90135-ffb2-510c-9fa0-e96ff8a26e4d","RCIA-C-000983","33a90135-ffb2-510c-9fa0-e96ff8a26e4d","","raccourcia/photoedit-retouche-uniformiser-une-serie-de-produits","card:33a90135-ffb2-510c-9fa0-e96ff8a26e4d","photoedit-retouche-uniformiser-une-serie-de-produits","f9968487-a1b4-5795-ba14-edd373418dea","uuid_conserve","","upsert_par_card_id_du_catalogue"
"3f919ed9-4841-5747-929c-df2c166b1542","RCIA-C-000984","3f919ed9-4841-5747-929c-df2c166b1542","","raccourcia/photoedit-retouche-corriger-un-horizon-penche","card:3f919ed9-4841-5747-929c-df2c166b1542","photoedit-retouche-corriger-un-horizon-penche","f9968487-a1b4-5795-ba14-edd373418dea","uuid_conserve","","upsert_par_card_id_du_catalogue"
"2bbf0549-d3f8-5008-a44f-d87f55c69e7e","RCIA-C-000985","2bbf0549-d3f8-5008-a44f-d87f55c69e7e","","raccourcia/photoedit-retouche-nettoyer-les-traces-sur-une-vitrine","card:2bbf0549-d3f8-5008-a44f-d87f55c69e7e","photoedit-retouche-nettoyer-les-traces-sur-une-vitrine","f9968487-a1b4-5795-ba14-edd373418dea","uuid_conserve","","upsert_par_card_id_du_catalogue"
"0463759a-6fdf-5fee-bf93-329d2530e207","RCIA-C-000986","0463759a-6fdf-5fee-bf93-329d2530e207","","raccourcia/photoedit-retouche-enlever-un-fil-dans-le-ciel","card:0463759a-6fdf-5fee-bf93-329d2530e207","photoedit-retouche-enlever-un-fil-dans-le-ciel","f9968487-a1b4-5795-ba14-edd373418dea","uuid_conserve","","upsert_par_card_id_du_catalogue"
"233c2431-07a7-5771-a6c6-5889ab6091ab","RCIA-C-000987","233c2431-07a7-5771-a6c6-5889ab6091ab","","raccourcia/photoedit-retouche-equilibrer-une-photo-de-groupe","card:233c2431-07a7-5771-a6c6-5889ab6091ab","photoedit-retouche-equilibrer-une-photo-de-groupe","f9968487-a1b4-5795-ba14-edd373418dea","uuid_conserve","","upsert_par_card_id_du_catalogue"
"40ce2cde-eeac-5bc5-96c2-fafa1c4ec76a","RCIA-C-000988","40ce2cde-eeac-5bc5-96c2-fafa1c4ec76a","","raccourcia/photoedit-retouche-isoler-un-objet-sur-fond-transparent","card:40ce2cde-eeac-5bc5-96c2-fafa1c4ec76a","photoedit-retouche-isoler-un-objet-sur-fond-transparent","f9968487-a1b4-5795-ba14-edd373418dea","uuid_conserve","","upsert_par_card_id_du_catalogue"
"6fd8e5b6-b459-5e76-b262-e5a53673f3eb","RCIA-C-000989","6fd8e5b6-b459-5e76-b262-e5a53673f3eb","","raccourcia/photoedit-retouche-preparer-un-cadrage-de-couverture","card:6fd8e5b6-b459-5e76-b262-e5a53673f3eb","photoedit-retouche-preparer-un-cadrage-de-couverture","f9968487-a1b4-5795-ba14-edd373418dea","uuid_conserve","","upsert_par_card_id_du_catalogue"
"02fc5f27-8867-58a1-99e7-163a9ecbe7e2","RCIA-C-000990","","","","card:02fc5f27-8867-58a1-99e7-163a9ecbe7e2","productangle-contre-plongee-au-ras-du-socle","4f6b3d52-0ec3-5dee-9f3e-00aedbabc089","uuid5_nouvelle_carte","","upsert_par_card_id_du_catalogue"
"97a41390-ea58-5917-ad95-7da12edbabaf","RCIA-C-000991","","","","card:97a41390-ea58-5917-ad95-7da12edbabaf","productangle-dessous-revele-par-un-miroir-incline","4f6b3d52-0ec3-5dee-9f3e-00aedbabc089","uuid5_nouvelle_carte","","upsert_par_card_id_du_catalogue"
"27a3cb94-7dbf-5d94-8556-d94cf4304eb9","RCIA-C-000992","","","","card:27a3cb94-7dbf-5d94-8556-d94cf4304eb9","productangle-vue-traversante-depuis-l-emballage","4f6b3d52-0ec3-5dee-9f3e-00aedbabc089","uuid5_nouvelle_carte","","upsert_par_card_id_du_catalogue"
"9d616b23-c36b-525d-9d3c-37f81e8dae1e","RCIA-C-000993","","","","card:9d616b23-c36b-525d-9d3c-37f81e8dae1e","productangle-hauteur-d-usage-depuis-la-main","4f6b3d52-0ec3-5dee-9f3e-00aedbabc089","uuid5_nouvelle_carte","","upsert_par_card_id_du_catalogue"
"53558157-bf8b-55a4-8c50-038a5dd788c5","RCIA-C-000994","","","","card:53558157-bf8b-55a4-8c50-038a5dd788c5","productangle-planche-catalogue-a-quatre-faces","4f6b3d52-0ec3-5dee-9f3e-00aedbabc089","uuid5_nouvelle_carte","","upsert_par_card_id_du_catalogue"
"1fc35d1b-818a-5a75-901c-4ce8b1f651e7","RCIA-C-000995","","","","card:1fc35d1b-818a-5a75-901c-4ce8b1f651e7","productangle-silhouette-retroeclairee-detail-en-reserve","4f6b3d52-0ec3-5dee-9f3e-00aedbabc089","uuid5_nouvelle_carte","","upsert_par_card_id_du_catalogue"
"1b0940bb-b23c-5ff0-8a90-011ccfeb66ab","RCIA-C-000996","","","","card:1b0940bb-b23c-5ff0-8a90-011ccfeb66ab","productangle-plongee-en-diagonale-avec-accessoires","4f6b3d52-0ec3-5dee-9f3e-00aedbabc089","uuid5_nouvelle_carte","","upsert_par_card_id_du_catalogue"
"a1ef562f-681d-5a99-ba57-f6f45d2844b1","RCIA-C-000997","","","","card:a1ef562f-681d-5a99-ba57-f6f45d2844b1","productangle-macro-au-point-de-contact","4f6b3d52-0ec3-5dee-9f3e-00aedbabc089","uuid5_nouvelle_carte","","upsert_par_card_id_du_catalogue"
"c9ae3ea2-48f7-5433-88e7-31e25ea90ee9","RCIA-C-000998","","","","card:c9ae3ea2-48f7-5433-88e7-31e25ea90ee9","productangle-ligne-de-production-a-hauteur-de-piece","4f6b3d52-0ec3-5dee-9f3e-00aedbabc089","uuid5_nouvelle_carte","","upsert_par_card_id_du_catalogue"
"54e5a61e-0557-54f8-b615-8413aee57f83","RCIA-C-000999","","","","card:54e5a61e-0557-54f8-b615-8413aee57f83","productangle-vue-tactile-pour-personne-malvoyante","4f6b3d52-0ec3-5dee-9f3e-00aedbabc089","uuid5_nouvelle_carte","","upsert_par_card_id_du_catalogue"
"42b59d46-df4c-5da3-bfdb-5fc7bc59235d","RCIA-C-001000","","","","card:42b59d46-df4c-5da3-bfdb-5fc7bc59235d","productangle-grand-angle-interieur-d-un-contenant","4f6b3d52-0ec3-5dee-9f3e-00aedbabc089","uuid5_nouvelle_carte","","upsert_par_card_id_du_catalogue"
"44c7e8da-47c4-51d4-bbaa-c365d734bff6","RCIA-C-001001","","","","card:44c7e8da-47c4-51d4-bbaa-c365d734bff6","productangle-avant-et-arriere-en-rotation-jumelee","4f6b3d52-0ec3-5dee-9f3e-00aedbabc089","uuid5_nouvelle_carte","","upsert_par_card_id_du_catalogue"
"db2c43d4-2e71-5473-a39b-2f2b16cb99e8","RCIA-C-001002","","","","card:db2c43d4-2e71-5473-a39b-2f2b16cb99e8","materialstudy-cmf-trois-matieres-pour-un-meme-objet","ed9cabe5-739f-5b51-ac9a-4b911723d71b","uuid5_nouvelle_carte","","upsert_par_card_id_du_catalogue"
"983ddd9a-a0f6-548e-818b-dfda4bdbd26c","RCIA-C-001003","","","","card:983ddd9a-a0f6-548e-818b-dfda4bdbd26c","materialstudy-patine-prevue-au-fil-des-usages","ed9cabe5-739f-5b51-ac9a-4b911723d71b","uuid5_nouvelle_carte","","upsert_par_card_id_du_catalogue"
"78cdf785-13da-5b47-ab7c-f9e3837841e5","RCIA-C-001004","","","","card:78cdf785-13da-5b47-ab7c-f9e3837841e5","materialstudy-bibliotheque-de-six-joints-visibles","ed9cabe5-739f-5b51-ac9a-4b911723d71b","uuid5_nouvelle_carte","","upsert_par_card_id_du_catalogue"
"8464e701-5d7a-54fd-8f8d-75cbbe5a3a6b","RCIA-C-001005","","","","card:8464e701-5d7a-54fd-8f8d-75cbbe5a3a6b","materialstudy-translucidite-en-trois-epaisseurs","ed9cabe5-739f-5b51-ac9a-4b911723d71b","uuid5_nouvelle_carte","","upsert_par_card_id_du_catalogue"
"bba3f07e-fcad-50c7-b815-247982a8ef99","RCIA-C-001006","","","","card:bba3f07e-fcad-50c7-b815-247982a8ef99","materialstudy-nuancier-mineral-sous-deux-lumieres","ed9cabe5-739f-5b51-ac9a-4b911723d71b","uuid5_nouvelle_carte","","upsert_par_card_id_du_catalogue"
"1d89e74e-52de-578f-a8c1-d1b554122366","RCIA-C-001007","","","","card:1d89e74e-52de-578f-a8c1-d1b554122366","materialstudy-reparation-assumee-couture-contrastee","ed9cabe5-739f-5b51-ac9a-4b911723d71b","uuid5_nouvelle_carte","","upsert_par_card_id_du_catalogue"
"fe4710ab-8d13-5572-affe-c9eaaad39ce5","RCIA-C-001008","","","","card:fe4710ab-8d13-5572-affe-c9eaaad39ce5","materialstudy-microtexture-inspiree-du-relief-urbain","ed9cabe5-739f-5b51-ac9a-4b911723d71b","uuid5_nouvelle_carte","","upsert_par_card_id_du_catalogue"
"2a1e72e7-7f12-5434-9dbe-8a2b1b4656e6","RCIA-C-001009","","","","card:2a1e72e7-7f12-5434-9dbe-8a2b1b4656e6","materialstudy-echantillon-plie-courbe-et-memoire","ed9cabe5-739f-5b51-ac9a-4b911723d71b","uuid5_nouvelle_carte","","upsert_par_card_id_du_catalogue"
"47e385ef-df99-502a-9be3-2e6c8bed46ad","RCIA-C-001010","","","","card:47e385ef-df99-502a-9be3-2e6c8bed46ad","materialstudy-bord-brut-bord-fini","ed9cabe5-739f-5b51-ac9a-4b911723d71b","uuid5_nouvelle_carte","","upsert_par_card_id_du_catalogue"
"ddbc7d03-06ea-5e0b-b8dc-18b5e012574a","RCIA-C-001011","","","","card:ddbc7d03-06ea-5e0b-b8dc-18b5e012574a","materialstudy-grammaire-de-boutons-d-une-gamme","ed9cabe5-739f-5b51-ac9a-4b911723d71b","uuid5_nouvelle_carte","","upsert_par_card_id_du_catalogue"
"84caa3b7-1a06-5622-a789-0df3712a0eb3","RCIA-C-001012","","","","card:84caa3b7-1a06-5622-a789-0df3712a0eb3","materialstudy-biomateriau-origine-et-objet","ed9cabe5-739f-5b51-ac9a-4b911723d71b","uuid5_nouvelle_carte","","upsert_par_card_id_du_catalogue"
"34842f58-53ff-5335-9400-ecfe0b3facc7","RCIA-C-001013","","","","card:34842f58-53ff-5335-9400-ecfe0b3facc7","materialstudy-seconde-vie-nouvelle-fonction","ed9cabe5-739f-5b51-ac9a-4b911723d71b","uuid5_nouvelle_carte","","upsert_par_card_id_du_catalogue"
"579c5c64-7ef9-51b4-b56b-6876bbf0d218","RCIA-C-001014","","","","card:579c5c64-7ef9-51b4-b56b-6876bbf0d218","technicalboard-section-decalee-interieur-en-deux-plans","745a80e4-e9da-54e0-9c8f-5d6b0bb1c4ce","uuid5_nouvelle_carte","","upsert_par_card_id_du_catalogue"
"e3b6e681-b56d-573e-96be-274eb6c7c80f","RCIA-C-001015","","","","card:e3b6e681-b56d-573e-96be-274eb6c7c80f","technicalboard-eclate-de-maintenance-par-sous-ensembles","745a80e4-e9da-54e0-9c8f-5d6b0bb1c4ce","uuid5_nouvelle_carte","","upsert_par_card_id_du_catalogue"
"f6c42500-e396-5af2-8084-c9fec4203c46","RCIA-C-001016","","","","card:f6c42500-e396-5af2-8084-c9fec4203c46","technicalboard-chemin-d-un-cable-dans-la-coque","745a80e4-e9da-54e0-9c8f-5d6b0bb1c4ce","uuid5_nouvelle_carte","","upsert_par_card_id_du_catalogue"
"7b306e9e-cbee-58cc-9975-a592244e7d72","RCIA-C-001017","","","","card:7b306e9e-cbee-58cc-9975-a592244e7d72","technicalboard-debattement-d-une-charniere","745a80e4-e9da-54e0-9c8f-5d6b0bb1c4ce","uuid5_nouvelle_carte","","upsert_par_card_id_du_catalogue"
"e3be8a3f-f556-58b6-aaed-c323b74d797d","RCIA-C-001018","","","","card:e3be8a3f-f556-58b6-aaed-c323b74d797d","technicalboard-nomenclature-en-bord-de-planche","745a80e4-e9da-54e0-9c8f-5d6b0bb1c4ce","uuid5_nouvelle_carte","","upsert_par_card_id_du_catalogue"
"ab9e88f8-de11-5494-b89e-44b51a58c2d8","RCIA-C-001019","","","","card:ab9e88f8-de11-5494-b89e-44b51a58c2d8","technicalboard-encombrement-et-zone-d-acces","745a80e4-e9da-54e0-9c8f-5d6b0bb1c4ce","uuid5_nouvelle_carte","","upsert_par_card_id_du_catalogue"
"f2ee13f8-b2d3-5ffc-af96-b61f87f0c066","RCIA-C-001020","","","","card:f2ee13f8-b2d3-5ffc-af96-b61f87f0c066","technicalboard-tolerances-principe-sans-certification","745a80e4-e9da-54e0-9c8f-5d6b0bb1c4ce","uuid5_nouvelle_carte","","upsert_par_card_id_du_catalogue"
"0273ab43-108a-51ef-bb6a-b40516d8b1a3","RCIA-C-001021","","","","card:0273ab43-108a-51ef-bb6a-b40516d8b1a3","technicalboard-une-ombre-pour-lire-le-relief","745a80e4-e9da-54e0-9c8f-5d6b0bb1c4ce","uuid5_nouvelle_carte","","upsert_par_card_id_du_catalogue"
"bd1ab5bf-b2f8-5446-915d-da4b082b4b3c","RCIA-C-001022","","","","card:bd1ab5bf-b2f8-5446-915d-da4b082b4b3c","technicalboard-photo-et-calque-technique-alignes","745a80e4-e9da-54e0-9c8f-5d6b0bb1c4ce","uuid5_nouvelle_carte","","upsert_par_card_id_du_catalogue"
"f0e584b5-c41c-5bca-8cd5-6ad502a3d23f","RCIA-C-001023","","","","card:f0e584b5-c41c-5bca-8cd5-6ad502a3d23f","technicalboard-vue-fantome-d-un-element-mobile","745a80e4-e9da-54e0-9c8f-5d6b0bb1c4ce","uuid5_nouvelle_carte","","upsert_par_card_id_du_catalogue"
"44805be5-923c-5b4d-86b3-8e01215de217","RCIA-C-001024","","","","card:44805be5-923c-5b4d-86b3-8e01215de217","technicalboard-grille-d-observation-qualite","745a80e4-e9da-54e0-9c8f-5d6b0bb1c4ce","uuid5_nouvelle_carte","","upsert_par_card_id_du_catalogue"
"0daaf1c3-ffff-5c4a-b145-b97eac92fa4e","RCIA-C-001025","","","","card:0daaf1c3-ffff-5c4a-b145-b97eac92fa4e","technicalboard-carte-des-zones-a-ne-pas-masquer","745a80e4-e9da-54e0-9c8f-5d6b0bb1c4ce","uuid5_nouvelle_carte","","upsert_par_card_id_du_catalogue"
"407ff0cf-e594-506d-b8d1-1f459dbf2b49","RCIA-C-001026","","","","card:407ff0cf-e594-506d-b8d1-1f459dbf2b49","servicevisual-parcours-d-une-commande-dans-l-atelier","c465530d-6486-54b5-b1e6-828ee476dc79","uuid5_nouvelle_carte","","upsert_par_card_id_du_catalogue"
"8b8a6ec5-6549-5efa-a7ba-2a55c06adbd3","RCIA-C-001027","","","","card:8b8a6ec5-6549-5efa-a7ba-2a55c06adbd3","servicevisual-service-blueprint-devant-et-derriere","c465530d-6486-54b5-b1e6-828ee476dc79","uuid5_nouvelle_carte","","upsert_par_card_id_du_catalogue"
"a6d53a93-2ea6-53c4-9f4a-14727cff9165","RCIA-C-001028","","","","card:a6d53a93-2ea6-53c4-9f4a-14727cff9165","servicevisual-passation-de-projet-en-trois-mains","c465530d-6486-54b5-b1e6-828ee476dc79","uuid5_nouvelle_carte","","upsert_par_card_id_du_catalogue"
"2fe01c40-f3c0-586e-bf88-a8dc2e5112b9","RCIA-C-001029","","","","card:2fe01c40-f3c0-586e-bf88-a8dc2e5112b9","servicevisual-incident-detection-et-retour-au-calme","c465530d-6486-54b5-b1e6-828ee476dc79","uuid5_nouvelle_carte","","upsert_par_card_id_du_catalogue"
"d89e2a66-6784-5ed1-b8b3-2b2aed0d63f0","RCIA-C-001030","","","","card:d89e2a66-6784-5ed1-b8b3-2b2aed0d63f0","servicevisual-boucle-de-retour-client","c465530d-6486-54b5-b1e6-828ee476dc79","uuid5_nouvelle_carte","","upsert_par_card_id_du_catalogue"
"367d7bab-0528-56f1-8964-de60469622e8","RCIA-C-001031","","","","card:367d7bab-0528-56f1-8964-de60469622e8","servicevisual-stock-a-double-bac","c465530d-6486-54b5-b1e6-828ee476dc79","uuid5_nouvelle_carte","","upsert_par_card_id_du_catalogue"
"ee8bdc1e-403e-5ae6-9f52-7459ff84ca52","RCIA-C-001032","","","","card:ee8bdc1e-403e-5ae6-9f52-7459ff84ca52","servicevisual-chaine-de-provenance-fictive","c465530d-6486-54b5-b1e6-828ee476dc79","uuid5_nouvelle_carte","","upsert_par_card_id_du_catalogue"
"9fd1bdbc-eed6-5748-a822-1b9af2c43c5b","RCIA-C-001033","","","","card:9fd1bdbc-eed6-5748-a822-1b9af2c43c5b","servicevisual-parcours-accessible-choix-et-obstacle","c465530d-6486-54b5-b1e6-828ee476dc79","uuid5_nouvelle_carte","","upsert_par_card_id_du_catalogue"
"60a0fa1b-dcad-5d3d-b4fe-4175147c50da","RCIA-C-001034","","","","card:60a0fa1b-dcad-5d3d-b4fe-4175147c50da","servicevisual-systeme-modulaire-regle-d-assemblage","c465530d-6486-54b5-b1e6-828ee476dc79","uuid5_nouvelle_carte","","upsert_par_card_id_du_catalogue"
"34c597e7-76e7-51dc-aa84-d1a334d299b8","RCIA-C-001035","","","","card:34c597e7-76e7-51dc-aa84-d1a334d299b8","servicevisual-arbre-de-decision-en-trois-questions","c465530d-6486-54b5-b1e6-828ee476dc79","uuid5_nouvelle_carte","","upsert_par_card_id_du_catalogue"
"d5f23044-f636-5aa6-afb9-2a58c9d96caa","RCIA-C-001036","","","","card:d5f23044-f636-5aa6-afb9-2a58c9d96caa","servicevisual-ce-qui-entre-ce-qui-sort","c465530d-6486-54b5-b1e6-828ee476dc79","uuid5_nouvelle_carte","","upsert_par_card_id_du_catalogue"
"a889ea2c-9404-5ad4-8394-01716b84a196","RCIA-C-001037","","","","card:a889ea2c-9404-5ad4-8394-01716b84a196","servicevisual-temporalite-d-un-service-en-ruban","c465530d-6486-54b5-b1e6-828ee476dc79","uuid5_nouvelle_carte","","upsert_par_card_id_du_catalogue"
"781e510a-2828-55e0-b7e5-0527ec9d3346","RCIA-C-001038","","","","card:781e510a-2828-55e0-b7e5-0527ec9d3346","workspaceconcept-coupe-habitee-d-un-lieu-de-travail","177e80ac-95b2-5c5d-9183-2cf44be42f18","uuid5_nouvelle_carte","","upsert_par_card_id_du_catalogue"
"cc6e6c7b-e5d0-52cb-94cc-8509d9fb986c","RCIA-C-001039","","","","card:cc6e6c7b-e5d0-52cb-94cc-8509d9fb986c","workspaceconcept-axonometrie-eclatee-d-un-stand","177e80ac-95b2-5c5d-9183-2cf44be42f18","uuid5_nouvelle_carte","","upsert_par_card_id_du_catalogue"
"33d85128-ddbf-570d-ad26-e4321abd2b00","RCIA-C-001040","","","","card:33d85128-ddbf-570d-ad26-e4321abd2b00","workspaceconcept-lecture-depuis-trois-hauteurs","177e80ac-95b2-5c5d-9183-2cf44be42f18","uuid5_nouvelle_carte","","upsert_par_card_id_du_catalogue"
"652a67f8-8cff-5112-9a7e-7e7abe0c7737","RCIA-C-001041","","","","card:652a67f8-8cff-5112-9a7e-7e7abe0c7737","workspaceconcept-vitrine-de-jour-et-de-nuit","177e80ac-95b2-5c5d-9183-2cf44be42f18","uuid5_nouvelle_carte","","upsert_par_card_id_du_catalogue"
"ee98ef84-746b-5e7a-ac2f-73618c82c11c","RCIA-C-001042","","","","card:ee98ef84-746b-5e7a-ac2f-73618c82c11c","workspaceconcept-circulation-tracee-sur-une-photo","177e80ac-95b2-5c5d-9183-2cf44be42f18","uuid5_nouvelle_carte","","upsert_par_card_id_du_catalogue"
"66d2822d-18d0-54f8-a91b-b2aee8ea70c1","RCIA-C-001043","","","","card:66d2822d-18d0-54f8-a91b-b2aee8ea70c1","workspaceconcept-ilot-de-reunion-en-espace-ouvert","177e80ac-95b2-5c5d-9183-2cf44be42f18","uuid5_nouvelle_carte","","upsert_par_card_id_du_catalogue"
"f0c18bef-3755-5db4-92df-0adb75a20448","RCIA-C-001044","","","","card:f0c18bef-3755-5db4-92df-0adb75a20448","workspaceconcept-mur-d-echantillons-a-l-echelle-humaine","177e80ac-95b2-5c5d-9183-2cf44be42f18","uuid5_nouvelle_carte","","upsert_par_card_id_du_catalogue"
"cde2505e-5c84-5c8d-8443-3f336cb63670","RCIA-C-001045","","","","card:cde2505e-5c84-5c8d-8443-3f336cb63670","workspaceconcept-rangement-mural-vu-en-plan-et-en-usage","177e80ac-95b2-5c5d-9183-2cf44be42f18","uuid5_nouvelle_carte","","upsert_par_card_id_du_catalogue"
"b0ac2d58-d40e-512a-bd1e-1c1c08201cf1","RCIA-C-001046","","","","card:b0ac2d58-d40e-512a-bd1e-1c1c08201cf1","workspaceconcept-sol-signal-et-point-de-rendez-vous","177e80ac-95b2-5c5d-9183-2cf44be42f18","uuid5_nouvelle_carte","","upsert_par_card_id_du_catalogue"
"002ed57d-ab61-5986-9520-81507f8f9cfc","RCIA-C-001047","","","","card:002ed57d-ab61-5986-9520-81507f8f9cfc","workspaceconcept-kiosque-compact-ouvert-et-ferme","177e80ac-95b2-5c5d-9183-2cf44be42f18","uuid5_nouvelle_carte","","upsert_par_card_id_du_catalogue"
"d7931e34-f1d6-5289-bb8b-62d2df81e178","RCIA-C-001048","","","","card:d7931e34-f1d6-5289-bb8b-62d2df81e178","workspaceconcept-table-de-formation-en-vue-plongeante","177e80ac-95b2-5c5d-9183-2cf44be42f18","uuid5_nouvelle_carte","","upsert_par_card_id_du_catalogue"
"9a729c3d-dbf0-5aba-851f-552e269396fc","RCIA-C-001049","","","","card:9a729c3d-dbf0-5aba-851f-552e269396fc","workspaceconcept-fresque-d-equipe-dans-un-espace-reel","177e80ac-95b2-5c5d-9183-2cf44be42f18","uuid5_nouvelle_carte","","upsert_par_card_id_du_catalogue"
"9ccded32-2303-5c2d-96a6-23c878de72b7","RCIA-C-001050","","","","card:9ccded32-2303-5c2d-96a6-23c878de72b7","businessboard-une-idee-une-preuve-une-action","d779b3a2-a76c-5a35-889a-936be7767bbc","uuid5_nouvelle_carte","","upsert_par_card_id_du_catalogue"
"3cd91f26-c510-50fd-bb93-a16da0bb167d","RCIA-C-001051","","","","card:3cd91f26-c510-50fd-bb93-a16da0bb167d","businessboard-fiche-de-cas-client-en-une-page","d779b3a2-a76c-5a35-889a-936be7767bbc","uuid5_nouvelle_carte","","upsert_par_card_id_du_catalogue"
"5fdfbe3c-978f-5614-a804-a2693659f810","RCIA-C-001052","","","","card:5fdfbe3c-978f-5614-a804-a2693659f810","businessboard-roadmap-produit-en-trois-horizons","d779b3a2-a76c-5a35-889a-936be7767bbc","uuid5_nouvelle_carte","","upsert_par_card_id_du_catalogue"
"4260e804-14da-5d90-b808-4be6ff04e738","RCIA-C-001053","","","","card:4260e804-14da-5d90-b808-4be6ff04e738","businessboard-comite-de-decision-deux-options","d779b3a2-a76c-5a35-889a-936be7767bbc","uuid5_nouvelle_carte","","upsert_par_card_id_du_catalogue"
"9f9ce604-13a2-57fb-82ee-13d300a231be","RCIA-C-001054","","","","card:9f9ce604-13a2-57fb-82ee-13d300a231be","businessboard-couverture-d-appel-d-offres-creatif","d779b3a2-a76c-5a35-889a-936be7767bbc","uuid5_nouvelle_carte","","upsert_par_card_id_du_catalogue"
"b0c0c96b-de08-5a34-b9d9-f04872ecca5d","RCIA-C-001055","","","","card:b0c0c96b-de08-5a34-b9d9-f04872ecca5d","businessboard-rapport-annuel-en-double-page","d779b3a2-a76c-5a35-889a-936be7767bbc","uuid5_nouvelle_carte","","upsert_par_card_id_du_catalogue"
"7e20c575-2e07-5cea-8a5d-4eea158cd692","RCIA-C-001056","","","","card:7e20c575-2e07-5cea-8a5d-4eea158cd692","businessboard-offre-de-service-a-trois-niveaux","d779b3a2-a76c-5a35-889a-936be7767bbc","uuid5_nouvelle_carte","","upsert_par_card_id_du_catalogue"
"29987759-cba0-5344-90fa-b90e0809a79b","RCIA-C-001057","","","","card:29987759-cba0-5344-90fa-b90e0809a79b","businessboard-manifeste-d-equipe-en-affiche","d779b3a2-a76c-5a35-889a-936be7767bbc","uuid5_nouvelle_carte","","upsert_par_card_id_du_catalogue"
"42c7fb60-edc8-529e-b978-c9c04b2a9e3a","RCIA-C-001058","","","","card:42c7fb60-edc8-529e-b978-c9c04b2a9e3a","businessboard-page-de-recrutement-centree-sur-le-metier","d779b3a2-a76c-5a35-889a-936be7767bbc","uuid5_nouvelle_carte","","upsert_par_card_id_du_catalogue"
"220b481d-0aa1-5d6a-a29d-5155c7a0e748","RCIA-C-001059","","","","card:220b481d-0aa1-5d6a-a29d-5155c7a0e748","businessboard-carte-de-partenariat-roles-partages","d779b3a2-a76c-5a35-889a-936be7767bbc","uuid5_nouvelle_carte","","upsert_par_card_id_du_catalogue"
"70bf0ed4-fcee-547b-93cb-ac135c6e373d","RCIA-C-001060","","","","card:70bf0ed4-fcee-547b-93cb-ac135c6e373d","businessboard-pitch-visuel-d-une-minute","d779b3a2-a76c-5a35-889a-936be7767bbc","uuid5_nouvelle_carte","","upsert_par_card_id_du_catalogue"
"963f52fd-c2a3-58db-84eb-569e16cb4663","RCIA-C-001061","","","","card:963f52fd-c2a3-58db-84eb-569e16cb4663","businessboard-bilan-de-sprint-sans-faux-dashboard","d779b3a2-a76c-5a35-889a-936be7767bbc","uuid5_nouvelle_carte","","upsert_par_card_id_du_catalogue"
"5205ff80-74a4-5a65-9d02-f29539ca7083","RCIA-C-001062","","","","card:5205ff80-74a4-5a65-9d02-f29539ca7083","brandexperiment-notice-publicitaire-d-un-objet-impossible","9a650b7f-0ac6-54bf-84f7-1473726a3bca","uuid5_nouvelle_carte","","upsert_par_card_id_du_catalogue"
"5e7fc633-b353-5e94-9164-00d109c29442","RCIA-C-001063","","","","card:5e7fc633-b353-5e94-9164-00d109c29442","brandexperiment-vitrine-entierement-monochrome","9a650b7f-0ac6-54bf-84f7-1473726a3bca","uuid5_nouvelle_carte","","upsert_par_card_id_du_catalogue"
"28cb027b-ca0d-5a2e-90e6-ce887d7dd1a0","RCIA-C-001064","","","","card:28cb027b-ca0d-5a2e-90e6-ce887d7dd1a0","brandexperiment-publicite-au-bord-du-hors-champ","9a650b7f-0ac6-54bf-84f7-1473726a3bca","uuid5_nouvelle_carte","","upsert_par_card_id_du_catalogue"
"36168ada-d9ae-5a1c-a367-cb3229931d13","RCIA-C-001065","","","","card:36168ada-d9ae-5a1c-a367-cb3229931d13","brandexperiment-campagne-a-ombre-narrative","9a650b7f-0ac6-54bf-84f7-1473726a3bca","uuid5_nouvelle_carte","","upsert_par_card_id_du_catalogue"
"daabc642-1767-5260-8365-70fa70ed55f8","RCIA-C-001066","","","","card:daabc642-1767-5260-8365-70fa70ed55f8","brandexperiment-le-logo-devient-une-architecture","9a650b7f-0ac6-54bf-84f7-1473726a3bca","uuid5_nouvelle_carte","","upsert_par_card_id_du_catalogue"
"5a594f2a-0f70-54d9-8a68-365572716651","RCIA-C-001067","","","","card:5a594f2a-0f70-54d9-8a68-365572716651","brandexperiment-affiche-qui-repond-a-la-meteo","9a650b7f-0ac6-54bf-84f7-1473726a3bca","uuid5_nouvelle_carte","","upsert_par_card_id_du_catalogue"
"026256fa-c2c1-5875-98ab-77f06c2db752","RCIA-C-001068","","","","card:026256fa-c2c1-5875-98ab-77f06c2db752","brandexperiment-packshot-a-l-echelle-d-un-quartier","9a650b7f-0ac6-54bf-84f7-1473726a3bca","uuid5_nouvelle_carte","","upsert_par_card_id_du_catalogue"
"5eb26156-adcb-5c60-b443-dc9b5f16e6b6","RCIA-C-001069","","","","card:5eb26156-adcb-5c60-b443-dc9b5f16e6b6","brandexperiment-tuto-createur-geste-en-trois-temps","9a650b7f-0ac6-54bf-84f7-1473726a3bca","uuid5_nouvelle_carte","","upsert_par_card_id_du_catalogue"
"8629fbce-aa68-5ca8-98ed-c348585c4baf","RCIA-C-001070","","","","card:8629fbce-aa68-5ca8-98ed-c348585c4baf","brandexperiment-une-critique-transformee-en-idee","9a650b7f-0ac6-54bf-84f7-1473726a3bca","uuid5_nouvelle_carte","","upsert_par_card_id_du_catalogue"
"c0567bed-6dc4-5ec9-8cda-56c3fc168c6e","RCIA-C-001071","","","","card:c0567bed-6dc4-5ec9-8cda-56c3fc168c6e","brandexperiment-edition-locale-affiche-de-quartier","9a650b7f-0ac6-54bf-84f7-1473726a3bca","uuid5_nouvelle_carte","","upsert_par_card_id_du_catalogue"
"ad14d130-c905-56be-aae5-26477acfd038","RCIA-C-001072","","","","card:ad14d130-c905-56be-aae5-26477acfd038","brandexperiment-le-produit-entre-deux-generations","9a650b7f-0ac6-54bf-84f7-1473726a3bca","uuid5_nouvelle_carte","","upsert_par_card_id_du_catalogue"
"a2b74fbe-c3e1-5fdb-851f-9caf62135217","RCIA-C-001073","","","","card:a2b74fbe-c3e1-5fdb-851f-9caf62135217","brandexperiment-vrai-faux-musee-de-la-marque","9a650b7f-0ac6-54bf-84f7-1473726a3bca","uuid5_nouvelle_carte","","upsert_par_card_id_du_catalogue"
"fdd6d832-116f-50f5-ba49-9d21cebd6354","RCIA-C-001074","","","","card:fdd6d832-116f-50f5-ba49-9d21cebd6354","workstoryportrait-portrait-d-expertise-objet-au-premier-plan","3bcec392-d415-5166-b4c5-2074043f748d","uuid5_nouvelle_carte","","upsert_par_card_id_du_catalogue"
"8f8b9b3e-2936-526b-8173-62b18e78a58b","RCIA-C-001075","","","","card:8f8b9b3e-2936-526b-8173-62b18e78a58b","workstoryportrait-intervention-en-ligne-vue-de-cote","3bcec392-d415-5166-b4c5-2074043f748d","uuid5_nouvelle_carte","","upsert_par_card_id_du_catalogue"
"c06256dd-618c-563c-b5bd-d3eb143a8e0c","RCIA-C-001076","","","","card:c06256dd-618c-563c-b5bd-d3eb143a8e0c","workstoryportrait-photo-d-equipe-en-profondeur","3bcec392-d415-5166-b4c5-2074043f748d","uuid5_nouvelle_carte","","upsert_par_card_id_du_catalogue"
"5f8b716b-a63a-5477-ac6d-1b737bef0baf","RCIA-C-001077","","","","card:5f8b716b-a63a-5477-ac6d-1b737bef0baf","workstoryportrait-portrait-sans-visage-pour-preserver-l-anonymat","3bcec392-d415-5166-b4c5-2074043f748d","uuid5_nouvelle_carte","","upsert_par_card_id_du_catalogue"
"d8a17af0-00a1-5a58-b548-0cb1f6abd8dc","RCIA-C-001078","","","","card:d8a17af0-00a1-5a58-b548-0cb1f6abd8dc","workstoryportrait-duo-fondateur-regards-complementaires","3bcec392-d415-5166-b4c5-2074043f748d","uuid5_nouvelle_carte","","upsert_par_card_id_du_catalogue"
"3b3d9502-1553-54e1-8205-0a3060e81510","RCIA-C-001079","","","","card:3b3d9502-1553-54e1-8205-0a3060e81510","workstoryportrait-portrait-documentaire-au-seuil-du-lieu","3bcec392-d415-5166-b4c5-2074043f748d","uuid5_nouvelle_carte","","upsert_par_card_id_du_catalogue"
"7786562f-e5b3-5dbd-9f24-c20335f34977","RCIA-C-001080","","","","card:7786562f-e5b3-5dbd-9f24-c20335f34977","workstoryportrait-le-geste-precis-en-macro-portrait","3bcec392-d415-5166-b4c5-2074043f748d","uuid5_nouvelle_carte","","upsert_par_card_id_du_catalogue"
"d28506a0-38ca-54db-917c-f77cd29a8e61","RCIA-C-001081","","","","card:d28506a0-38ca-54db-917c-f77cd29a8e61","workstoryportrait-portrait-de-conference-avant-l-ouverture","3bcec392-d415-5166-b4c5-2074043f748d","uuid5_nouvelle_carte","","upsert_par_card_id_du_catalogue"
"17a8a311-7c7a-5979-9c72-b3a46578d3d8","RCIA-C-001082","","","","card:17a8a311-7c7a-5979-9c72-b3a46578d3d8","workstoryportrait-portrait-mobilite-arrivee-au-rendez-vous","3bcec392-d415-5166-b4c5-2074043f748d","uuid5_nouvelle_carte","","upsert_par_card_id_du_catalogue"
"72daaf24-dc6f-56eb-b482-ce095b3a457f","RCIA-C-001083","","","","card:72daaf24-dc6f-56eb-b482-ce095b3a457f","workstoryportrait-portrait-collectif-vu-depuis-la-maquette","3bcec392-d415-5166-b4c5-2074043f748d","uuid5_nouvelle_carte","","upsert_par_card_id_du_catalogue"
"f39977de-1f0d-5520-8977-921cb7ec4363","RCIA-C-001084","","","","card:f39977de-1f0d-5520-8977-921cb7ec4363","workstoryportrait-portrait-de-reconversion-deux-outils","3bcec392-d415-5166-b4c5-2074043f748d","uuid5_nouvelle_carte","","upsert_par_card_id_du_catalogue"
"536820c2-8713-53cd-bcac-113121f461ca","RCIA-C-001085","","","","card:536820c2-8713-53cd-bcac-113121f461ca","workstoryportrait-portrait-de-mentorat-a-hauteur-d-apprenant","3bcec392-d415-5166-b4c5-2074043f748d","uuid5_nouvelle_carte","","upsert_par_card_id_du_catalogue"
"005beb90-1bf1-529f-bfd0-c7705e9b80e8","RCIA-C-001086","","","","card:005beb90-1bf1-529f-bfd0-c7705e9b80e8","officeabsurd-le-reunionologue-en-milieu-naturel","5b547d8d-06ff-51a2-a1cf-650fe3333d2f","uuid5_nouvelle_carte","","upsert_par_card_id_du_catalogue"
"2b3712ca-7fee-5977-b36e-e4b81485c258","RCIA-C-001087","","","","card:2b3712ca-7fee-5977-b36e-e4b81485c258","officeabsurd-validation-finale-tampon-geant","5b547d8d-06ff-51a2-a1cf-650fe3333d2f","uuid5_nouvelle_carte","","upsert_par_card_id_du_catalogue"
"186309b1-403c-5edb-aea2-5e2fe26abde7","RCIA-C-001088","","","","card:186309b1-403c-5edb-aea2-5e2fe26abde7","officeabsurd-la-piece-jointe-s-est-echappee","5b547d8d-06ff-51a2-a1cf-650fe3333d2f","uuid5_nouvelle_carte","","upsert_par_card_id_du_catalogue"
"308d8943-5b6a-50e7-a941-6d0bfc261aaa","RCIA-C-001089","","","","card:308d8943-5b6a-50e7-a941-6d0bfc261aaa","officeabsurd-le-brief-tient-sur-un-grain-de-riz","5b547d8d-06ff-51a2-a1cf-650fe3333d2f","uuid5_nouvelle_carte","","upsert_par_card_id_du_catalogue"
"1dc7dd3d-1e5e-5727-81a0-1dcc293990d8","RCIA-C-001090","","","","card:1dc7dd3d-1e5e-5727-81a0-1dcc293990d8","officeabsurd-teletravail-sous-cloche","5b547d8d-06ff-51a2-a1cf-650fe3333d2f","uuid5_nouvelle_carte","","upsert_par_card_id_du_catalogue"
"8c65c2ba-9242-5266-9834-526c242ee921","RCIA-C-001091","","","","card:8c65c2ba-9242-5266-9834-526c242ee921","officeabsurd-le-budget-en-origami","5b547d8d-06ff-51a2-a1cf-650fe3333d2f","uuid5_nouvelle_carte","","upsert_par_card_id_du_catalogue"
"e05d8411-41dc-5886-9f76-96ca6daee271","RCIA-C-001092","","","","card:e05d8411-41dc-5886-9f76-96ca6daee271","officeabsurd-le-curseur-prend-une-pause","5b547d8d-06ff-51a2-a1cf-650fe3333d2f","uuid5_nouvelle_carte","","upsert_par_card_id_du_catalogue"
"f41ba0bf-761e-511f-942b-dfad5e3f7ea2","RCIA-C-001093","","","","card:f41ba0bf-761e-511f-942b-dfad5e3f7ea2","officeabsurd-le-graphiste-range-par-couleurs","5b547d8d-06ff-51a2-a1cf-650fe3333d2f","uuid5_nouvelle_carte","","upsert_par_card_id_du_catalogue"
"cbc6b1a1-878b-58e1-97a3-a181568b2aaf","RCIA-C-001094","","","","card:cbc6b1a1-878b-58e1-97a3-a181568b2aaf","officeabsurd-le-retroplanning-remonte-le-temps","5b547d8d-06ff-51a2-a1cf-650fe3333d2f","uuid5_nouvelle_carte","","upsert_par_card_id_du_catalogue"
"549a86bf-0199-5820-9681-f33f59c19e4a","RCIA-C-001095","","","","card:549a86bf-0199-5820-9681-f33f59c19e4a","officeabsurd-l-ascenseur-des-bonnes-idees","5b547d8d-06ff-51a2-a1cf-650fe3333d2f","uuid5_nouvelle_carte","","upsert_par_card_id_du_catalogue"
"6fa48e2b-75a7-5beb-9f6b-27bd826385d5","RCIA-C-001096","","","","card:6fa48e2b-75a7-5beb-9f6b-27bd826385d5","officeabsurd-la-livraison-express-a-dos-d-escargot","5b547d8d-06ff-51a2-a1cf-650fe3333d2f","uuid5_nouvelle_carte","","upsert_par_card_id_du_catalogue"
"e89dccfa-380a-5be8-a395-166ca5006f6e","RCIA-C-001097","","","","card:e89dccfa-380a-5be8-a395-166ca5006f6e","officeabsurd-le-mode-avion-au-bureau","5b547d8d-06ff-51a2-a1cf-650fe3333d2f","uuid5_nouvelle_carte","","upsert_par_card_id_du_catalogue"
"9d1362c4-9225-599f-80b8-d710cb27106f","RCIA-C-001098","","","","card:9d1362c4-9225-599f-80b8-d710cb27106f","editorialkit-dossier-de-presse-en-pochette-ouverte","4486a52d-6ac3-50aa-9f2d-f8f67f6fa71d","uuid5_nouvelle_carte","","upsert_par_card_id_du_catalogue"
"2bdd4518-89e3-5971-aab2-cfd32ed1a6eb","RCIA-C-001099","","","","card:2bdd4518-89e3-5971-aab2-cfd32ed1a6eb","editorialkit-badge-d-exposition-en-matieres-superposees","4486a52d-6ac3-50aa-9f2d-f8f67f6fa71d","uuid5_nouvelle_carte","","upsert_par_card_id_du_catalogue"
"8d096b43-e7f1-5535-87d4-7111dce14fda","RCIA-C-001100","","","","card:8d096b43-e7f1-5535-87d4-7111dce14fda","editorialkit-carte-de-visite-avec-decoupe-fonctionnelle","4486a52d-6ac3-50aa-9f2d-f8f67f6fa71d","uuid5_nouvelle_carte","","upsert_par_card_id_du_catalogue"
"b1723d8e-307f-566b-a813-11ee25a086a6","RCIA-C-001101","","","","card:b1723d8e-307f-566b-a813-11ee25a086a6","editorialkit-programme-de-conference-en-accordeon","4486a52d-6ac3-50aa-9f2d-f8f67f6fa71d","uuid5_nouvelle_carte","","upsert_par_card_id_du_catalogue"
"d80cfddb-57db-55f9-98c9-cc318529d22e","RCIA-C-001102","","","","card:d80cfddb-57db-55f9-98c9-cc318529d22e","editorialkit-cartel-d-exposition-avec-dessin-de-reperage","4486a52d-6ac3-50aa-9f2d-f8f67f6fa71d","uuid5_nouvelle_carte","","upsert_par_card_id_du_catalogue"
"7731f056-78d4-5c21-975b-2e715e8b3cc0","RCIA-C-001103","","","","card:7731f056-78d4-5c21-975b-2e715e8b3cc0","editorialkit-manuel-de-marque-en-double-page","4486a52d-6ac3-50aa-9f2d-f8f67f6fa71d","uuid5_nouvelle_carte","","upsert_par_card_id_du_catalogue"
"d82bbdb3-dca6-509b-afbc-06acfa60cd5a","RCIA-C-001104","","","","card:d82bbdb3-dca6-509b-afbc-06acfa60cd5a","editorialkit-fiche-atelier-a-annoter-a-la-main","4486a52d-6ac3-50aa-9f2d-f8f67f6fa71d","uuid5_nouvelle_carte","","upsert_par_card_id_du_catalogue"
"04a9902f-ab38-572b-8e84-bcf47108b162","RCIA-C-001105","","","","card:04a9902f-ab38-572b-8e84-bcf47108b162","editorialkit-portfolio-en-mosaique-de-projets","4486a52d-6ac3-50aa-9f2d-f8f67f6fa71d","uuid5_nouvelle_carte","","upsert_par_card_id_du_catalogue"
"b25fcd70-b210-5073-b14d-e83f8fe71b2a","RCIA-C-001106","","","","card:b25fcd70-b210-5073-b14d-e83f8fe71b2a","editorialkit-invitation-professionnelle-en-papier-translucide","4486a52d-6ac3-50aa-9f2d-f8f67f6fa71d","uuid5_nouvelle_carte","","upsert_par_card_id_du_catalogue"
"8268ab7b-f085-5175-8238-aaf12544151f","RCIA-C-001107","","","","card:8268ab7b-f085-5175-8238-aaf12544151f","editorialkit-livre-blanc-couverture-et-extrait","4486a52d-6ac3-50aa-9f2d-f8f67f6fa71d","uuid5_nouvelle_carte","","upsert_par_card_id_du_catalogue"
"d1ae351e-cc3f-5cb6-882e-a39a96872128","RCIA-C-001108","","","","card:d1ae351e-cc3f-5cb6-882e-a39a96872128","editorialkit-certificat-de-participation-clairement-fictif","4486a52d-6ac3-50aa-9f2d-f8f67f6fa71d","uuid5_nouvelle_carte","","upsert_par_card_id_du_catalogue"
"4b703345-1a1e-5eba-91e8-83d82f654e93","RCIA-C-001109","","","","card:4b703345-1a1e-5eba-91e8-83d82f654e93","editorialkit-kit-d-accueil-en-composition-modulaire","4486a52d-6ac3-50aa-9f2d-f8f67f6fa71d","uuid5_nouvelle_carte","","upsert_par_card_id_du_catalogue"
