commande	carte	bibliotheque	categorie	collection	decision	etat_actuel	visuels
/mode-activites	Mode idées de sorties	assistants	Coachs	Vie quotidienne	BROUILLON (nouvelle)	absente	0
/mode-apprendre	Mode coach apprentissage	assistants	Coachs	Apprendre & progresser	PUBLIER	published	0
/mode-carriere	Mode coach carrière	assistants	Coachs	Apprendre & progresser	PUBLIER	published	0
/mode-organisation	Mode coach organisation	assistants	Coachs	Apprendre & progresser	PUBLIER	published	0
/mode-spirituel	Mode coach spirituel	assistants	Coachs	Vie quotidienne	BROUILLON (reprise)	archived	0
/mode-style	Mode coach style	assistants	Coachs	Vie quotidienne	BROUILLON (reprise)	archived	0
/mode-business	Mode mentor business	assistants	Assistants métiers	Travail & expertise	PUBLIER	published	0
/mode-code	Mode assistant code	assistants	Assistants métiers	Travail & expertise	PUBLIER	published	0
/mode-comptabilite	Mode assistant comptable	assistants	Assistants métiers	Comptabilité & fiscalité	PUBLIER	published	0
/mode-fiscalite	Mode assistant fiscal	assistants	Assistants métiers	Comptabilité & fiscalité	BROUILLON (nouvelle)	archived	0
/mode-juridique	Mode assistant juridique	assistants	Assistants métiers	Travail & expertise	PUBLIER	published	0
/mode-observation	Mode observateur	assistants	Assistants métiers	Travail & expertise	PUBLIER	published	0
/mode-projet	Mode chef de projet	assistants	Assistants métiers	Travail & expertise	PUBLIER	published	0
/mode-recherche	Mode assistant recherche	assistants	Assistants métiers	Travail & expertise	PUBLIER	published	0
/mode-aventure	Mode aventure	assistants	Jeux & simulations	Enquêtes & aventures	PUBLIER	published	0
/mode-enquete	Mode enquête	assistants	Jeux & simulations	Enquêtes & aventures	PUBLIER	published	0
/mode-entretien	Mode entretien	assistants	Jeux & simulations	Simulations professionnelles	PUBLIER	published	0
/mode-escape	Mode escape game	assistants	Jeux & simulations	Enquêtes & aventures	PUBLIER	published	0
/mode-microbusiness	Mode mini-entreprise	assistants	Jeux & simulations	Simulations professionnelles	PUBLIER	published	1
/mode-negociation	Mode négociation	assistants	Jeux & simulations	Simulations professionnelles	PUBLIER	published	0
/mode-photoquete	Mode photo-quête	assistants	Jeux & simulations	Défis courts	BROUILLON (nouvelle)	absente	0
/mode-pitch	Mode arène du pitch	assistants	Jeux & simulations	Simulations professionnelles	PUBLIER	published	0
/mode-quiz	Mode quiz vivant	assistants	Jeux & simulations	Défis courts	PUBLIER	published	0
/mode-royaume	Mode conseil du royaume	assistants	Jeux & simulations	Enquêtes & aventures	PUBLIER	published	0
/mode-angles	Mode angles inattendus	assistants	Personnages & recul	Angles de réflexion	PUBLIER	published	0
/mode-antagoniste	Mode antagoniste	assistants	Personnages & recul	Angles de réflexion	PUBLIER	published	0
/mode-archiviste	Mode archiviste du futur	assistants	Personnages & recul	Personnages	PUBLIER	published	0
/mode-batman	Mode Batman	assistants	Personnages & recul	Personnages	PUBLIER	published	0
/mode-decision	Mode décision	assistants	Personnages & recul	Angles de réflexion	PUBLIER	published	0
/mode-design	Mode critique design	assistants	Personnages & recul	Angles de réflexion	PUBLIER	published	0
/mode-feynman	Mode Feynman	assistants	Personnages & recul	Personnages	PUBLIER	published	0
/mode-griot	Mode griot africain	assistants	Personnages & recul	Personnages	PUBLIER	published	0
/mode-histoire	Mode narrateur	assistants	Personnages & recul	Personnages	PUBLIER	published	0
/mode-homer	Mode Homer Simpson	assistants	Personnages & recul	Personnages	PUBLIER	published	0
/mode-inverse	Mode réflexion inversée	assistants	Personnages & recul	Angles de réflexion	BROUILLON (reprise)	archived	0
/mode-roast	Mode roast bienveillant	assistants	Personnages & recul	Angles de réflexion	BROUILLON (reprise)	archived	0
/mode-sherlock	Mode Sherlock	assistants	Personnages & recul	Personnages	PUBLIER	published	0
/mode-socrate	Mode Socrate	assistants	Personnages & recul	Personnages	PUBLIER	published	0
/mode-spock	Mode Spock	assistants	Personnages & recul	Personnages	PUBLIER	published	0
/comparaison	Comparer des options	redaction	Synthèses & analyses	Comprendre les sources	PUBLIER	published	0
/donnees	Analyser un tableau	redaction	Synthèses & analyses	Comprendre les sources	PUBLIER	published	0
/revision	Créer une fiche de révision	redaction	Synthèses & analyses	Comprendre les sources	PUBLIER	published	0
/sources	Vérifier une affirmation	redaction	Synthèses & analyses	Comprendre les sources	PUBLIER	published	0
/synthese	Résumer des documents	redaction	Synthèses & analyses	Comprendre les sources	PUBLIER	published	0
/dossier	Préparer une proposition	redaction	Documents	Livrables professionnels	PUBLIER	published	0
/presentation	Préparer une présentation	redaction	Documents	Livrables professionnels	PUBLIER	published	0
/projet	Cadrer un projet	redaction	Documents	Livrables professionnels	PUBLIER	published	0
/rapport	Produire un rapport	redaction	Documents	Livrables professionnels	PUBLIER	published	0
/reunion	Faire un compte rendu	redaction	Documents	Livrables professionnels	PUBLIER	published	0
/specification	Rédiger une spécification	redaction	Documents	Livrables professionnels	BROUILLON (reprise)	archived	0
/article	Rédiger un article	redaction	Écrire & améliorer	Communiquer	PUBLIER	published	0
/contenus	Planifier ses contenus	redaction	Écrire & améliorer	Communiquer	PUBLIER	published	0
/message	Rédiger un message	redaction	Écrire & améliorer	Communiquer	PUBLIER	published	0
/prompt	Améliorer un prompt	redaction	Écrire & améliorer	Améliorer un texte	PUBLIER	published	0
/publication	Écrire pour les réseaux	redaction	Écrire & améliorer	Communiquer	PUBLIER	published	0
/reecrire	Réécrire clairement	redaction	Écrire & améliorer	Améliorer un texte	PUBLIER	published	0
/script	Préparer un script vidéo	redaction	Écrire & améliorer	Communiquer	PUBLIER	published	0
/traduire	Traduire et adapter	redaction	Écrire & améliorer	Améliorer un texte	PUBLIER	published	0
/unboxing	Scénario de déballage	redaction	Écrire & améliorer	Communiquer	BROUILLON (reprise)	archived	2
/vente	Rédiger une page de vente	redaction	Écrire & améliorer	Communiquer	PUBLIER	published	0
/actionfigure	Figurine articulée	visuels	Créations & montages	Humour & miniatures	PUBLIER	published	2
/afterimage	Rémanence photographique · Flash lent	visuels	Créations & montages	Effets photographiques	PUBLIER	published	2
/afterimage	Rémanence photographique · Écho de course	visuels	Créations & montages	Effets photographiques	PUBLIER	published	2
/animecityportrait	Portrait dans une ville animée · Ville animée sous la pluie	visuels	Créations & montages	Univers & histoires	PUBLIER	published	2
/animeportrait	Portrait animation japonaise	visuels	Créations & montages	Univers & histoires	BROUILLON (reprise)	archived	2
/aurorabloom	Floraison d’aurore	visuels	Créations & montages	Effets photographiques	BROUILLON (reprise)	archived	2
/balloonart	Sculpture ballon	visuels	Créations & montages	Humour & miniatures	PUBLIER	published	2
/barbieworld	Univers Barbie · Boîte de collection	visuels	Créations & montages	Univers & histoires	BROUILLON (nouvelle)	absente	0
/bigheadcaricature	Caricature grosse tête	visuels	Créations & montages	Humour & miniatures	PUBLIER	published	2
/billboardescape	Sortir d'une affiche · Abribus vivant	visuels	Créations & montages	Montages	PUBLIER	published	2
/biolight	Bioluminescence · Forêt lumineuse	visuels	Créations & montages	Arts & matières	PUBLIER	published	2
/biolight	Bioluminescence · Textile vivant	visuels	Créations & montages	Arts & matières	PUBLIER	published	2
/brickfigure	Figurine en briques	visuels	Créations & montages	Humour & miniatures	PUBLIER	published	2
/bulletmoment	Instant suspendu · Objets figés	visuels	Créations & montages	Effets photographiques	PUBLIER	published	2
/bulletmoment	Instant suspendu · Pluie arrêtée	visuels	Créations & montages	Effets photographiques	PUBLIER	published	2
/causticportrait	Portrait aux caustiques · Eau réfléchie	visuels	Créations & montages	Effets photographiques	PUBLIER	published	2
/cctvframe	Capture CCTV cinématique	visuels	Créations & montages	Effets photographiques	BROUILLON (reprise)	archived	2
/ceramic	Céramique peinte	visuels	Créations & montages	Arts & matières	BROUILLON (reprise)	archived	2
/cinematicstill	Photogramme cinéma	visuels	Créations & montages	Montages	PUBLIER	published	2
/clay	Style pâte modelée	visuels	Créations & montages	Arts & matières	PUBLIER	published	2
/claymation	Style claymation	visuels	Créations & montages	Arts & matières	PUBLIER	published	2
/clonecrew	Mon équipe de clones	visuels	Créations & montages	Montages	BROUILLON (reprise)	archived	2
/cloudportrait	Portrait de nuages	visuels	Créations & montages	Arts & matières	BROUILLON (reprise)	archived	2
/collage	Collage artistique · Analogique éditorial	visuels	Créations & montages	Arts & matières	PUBLIER	published	2
/collage	Collage artistique · Papier diorama	visuels	Créations & montages	Arts & matières	PUBLIER	published	2
/collage	Collage artistique · Portrait en bandes	visuels	Créations & montages	Arts & matières	PUBLIER	published	2
/comic	Case comic	visuels	Créations & montages	Univers & histoires	BROUILLON (reprise)	archived	2
/comicday	Ma journée en BD · Photo-roman absurde	visuels	Créations & montages	Univers & histoires	BROUILLON (nouvelle)	absente	0
/comicpage	Page de bande dessinée · Ligne claire	visuels	Créations & montages	Univers & histoires	PUBLIER	published	2
/comicpage	Page de bande dessinée · Manga	visuels	Créations & montages	Univers & histoires	PUBLIER	published	2
/comicpage	Page de bande dessinée · Webtoon	visuels	Créations & montages	Univers & histoires	PUBLIER	published	2
/comicpanelstory	Portrait en planches de BD · Couverture de comic	visuels	Créations & montages	Univers & histoires	PUBLIER	published	2
/comicpanelstory	Portrait en planches de BD · Page d'action	visuels	Créations & montages	Univers & histoires	PUBLIER	published	2
/comicpanelstory	Portrait en planches de BD · Trois cases	visuels	Créations & montages	Univers & histoires	PUBLIER	published	2
/crochet	Version crochet	visuels	Créations & montages	Arts & matières	PUBLIER	published	2
/crystallize	Cristallisation	visuels	Créations & montages	Arts & matières	BROUILLON (reprise)	archived	2
/cutoutreality	L'affiche retournée	visuels	Créations & montages	Montages	PUBLIER	published	2
/cutoutreality	La porte en papier	visuels	Créations & montages	Montages	PUBLIER	published	2
/datamosh	Datamosh artistique	visuels	Créations & montages	Effets photographiques	PUBLIER	published	2
/digitalart	Art numérique · Gradient mesh	visuels	Créations & montages	Arts & matières	PUBLIER	published	2
/digitalart	Art numérique · Low poly	visuels	Créations & montages	Arts & matières	PUBLIER	published	2
/digitalart	Art numérique · Voxel	visuels	Créations & montages	Arts & matières	PUBLIER	published	2
/digitalglitch	Glitch photographique · Prisme glitch	visuels	Créations & montages	Effets photographiques	PUBLIER	published	2
/digitalglitch	Glitch photographique · Signal analogique	visuels	Créations & montages	Effets photographiques	PUBLIER	published	2
/dioramaportrait	Portrait diorama réaliste · Boîte de souvenirs	visuels	Créations & montages	Montages	PUBLIER	published	2
/dioramaportrait	Portrait diorama réaliste · Maison ouverte	visuels	Créations & montages	Montages	PUBLIER	published	2
/doubleexposure	Double exposition	visuels	Créations & montages	Effets photographiques	PUBLIER	published	2
/dragonballaura	Univers Dragon Ball · Aura de puissance	visuels	Créations & montages	Univers & histoires	BROUILLON (nouvelle)	absente	0
/eclipseportrait	Éclipse de studio · Disque solaire	visuels	Créations & montages	Effets photographiques	PUBLIER	published	2
/editorialcaricature	Caricature éditoriale	visuels	Créations & montages	Humour & miniatures	PUBLIER	published	2
/emberportrait	Portrait de braises · Braises flottantes	visuels	Créations & montages	Montages	PUBLIER	published	2
/embroidery	Broderie textile	visuels	Créations & montages	Arts & matières	BROUILLON (reprise)	archived	2
/emojiavatar	Avatar emoji	visuels	Créations & montages	Humour & miniatures	BROUILLON (reprise)	archived	2
/epicarrival	Entrée cinématographique · Couloir de lumière	visuels	Créations & montages	Montages	PUBLIER	published	2
/epicarrival	Entrée cinématographique · Hélicoptère fictif	visuels	Créations & montages	Montages	PUBLIER	published	2
/etching	Gravure ancienne	visuels	Créations & montages	Arts & matières	PUBLIER	published	2
/fabricdrape	Simulation de drapé	visuels	Créations & montages	Arts & matières	BROUILLON (reprise)	archived	2
/fantasycreature	Ma créature fantastique	visuels	Créations & montages	Univers & histoires	BROUILLON (reprise)	archived	2
/fantasylook	Look fantastique	visuels	Créations & montages	Univers & histoires	BROUILLON (reprise)	archived	2
/feltcraft	Feutrine artisanale	visuels	Créations & montages	Arts & matières	BROUILLON (reprise)	archived	2
/filmnoirportrait	Portrait film noir	visuels	Créations & montages	Montages	BROUILLON (reprise)	archived	2
/fireeffect	Sculpture de feu	visuels	Créations & montages	Arts & matières	BROUILLON (reprise)	archived	2
/fisheyeflash	Fisheye au flash	visuels	Créations & montages	Effets photographiques	PUBLIER	published	2
/floatingstairs	Escaliers impossibles · Escalier circulaire	visuels	Créations & montages	Montages	PUBLIER	published	2
/flowersculpture	Sculpture florale	visuels	Créations & montages	Arts & matières	BROUILLON (reprise)	archived	2
/foodminiature	Miniature culinaire	visuels	Créations & montages	Humour & miniatures	BROUILLON (reprise)	archived	2
/forcedperspective	Perspective forcée · Porter un immeuble	visuels	Créations & montages	Montages	PUBLIER	published	2
/forcedperspective	Perspective forcée · Saisir la lune	visuels	Créations & montages	Montages	PUBLIER	published	2
/fouruniverses	Moi dans quatre univers	visuels	Créations & montages	Montages	BROUILLON (reprise)	archived	2
/friendlycaricature	Caricature bienveillante	visuels	Créations & montages	Humour & miniatures	PUBLIER	published	2
/frozenimpact	Impact suspendu · Impact de poudre	visuels	Créations & montages	Effets photographiques	PUBLIER	published	2
/galaxybody	Silhouette cosmique	visuels	Créations & montages	Arts & matières	BROUILLON (reprise)	archived	2
/ghibligarden	Jardin animé japonais · Pause dans la serre	visuels	Créations & montages	Univers & histoires	BROUILLON (nouvelle)	absente	0
/giantcompanion	Rencontre avec un personnage géant · Géant au stade	visuels	Créations & montages	Univers & histoires	PUBLIER	published	2
/giantprop	Accessoire géant · Cravate monumentale	visuels	Créations & montages	Montages	PUBLIER	published	2
/giantprop	Accessoire géant · Lunettes géantes	visuels	Créations & montages	Montages	PUBLIER	published	2
/glassskin	Verre sculptural · Buste de cristal	visuels	Créations & montages	Arts & matières	PUBLIER	published	2
/glitch	Glitch premium	visuels	Créations & montages	Effets photographiques	BROUILLON (reprise)	archived	2
/graffiti	Graffiti mural	visuels	Créations & montages	Arts & matières	BROUILLON (reprise)	archived	2
/gravityflip	Gravité inversée	visuels	Créations & montages	Montages	BROUILLON (reprise)	archived	2
/halftonepress	Trame presse	visuels	Créations & montages	Arts & matières	PUBLIER	published	2
/handwritten	Écriture manuscrite	visuels	Créations & montages	Arts & matières	BROUILLON (reprise)	archived	2
/hologlass	Verre augmenté · Panneaux de verre	visuels	Créations & montages	Effets photographiques	PUBLIER	published	2
/hologramself	Ma version holographique	visuels	Créations & montages	Montages	BROUILLON (reprise)	archived	2
/icearmor	Glace sculptée · Manteau glacé	visuels	Créations & montages	Arts & matières	PUBLIER	published	2
/icecarving	Sculpture de glace	visuels	Créations & montages	Arts & matières	BROUILLON (reprise)	archived	2
/infraredlook	Photo infrarouge	visuels	Créations & montages	Effets photographiques	BROUILLON (reprise)	archived	2
/inkcloud	Nuage d’encre	visuels	Créations & montages	Arts & matières	BROUILLON (reprise)	archived	2
/invisiblepedestal	Objet en lévitation · Chaise flottante	visuels	Créations & montages	Montages	PUBLIER	published	2
/kineticletters	Lettres en scène · Le mot devient décor	visuels	Créations & montages	Arts & matières	BROUILLON (nouvelle)	absente	0
/knitted	Version tricot	visuels	Créations & montages	Arts & matières	BROUILLON (reprise)	archived	2
/lensdream	Optiques de cinéma · Anamorphique	visuels	Créations & montages	Effets photographiques	PUBLIER	published	2
/lensdream	Optiques de cinéma · Split diopter	visuels	Créations & montages	Effets photographiques	PUBLIER	published	2
/lenticularshift	Effet lenticulaire	visuels	Créations & montages	Effets photographiques	PUBLIER	published	2
/levitatingdesk	Bureau en apesanteur · Créateur orbital	visuels	Créations & montages	Montages	PUBLIER	published	2
/levitatingdesk	Bureau en apesanteur · Pause suspendue	visuels	Créations & montages	Montages	PUBLIER	published	2
/lightleakfilm	Fuite de lumière film	visuels	Créations & montages	Effets photographiques	PUBLIER	published	2
/lightpaint	Light painting	visuels	Créations & montages	Effets photographiques	BROUILLON (reprise)	archived	2
/lightpainting	Light painting · Calligraphie lumineuse	visuels	Créations & montages	Effets photographiques	PUBLIER	published	2
/lightpainting	Light painting · Ruban lumineux	visuels	Créations & montages	Effets photographiques	PUBLIER	published	2
/linocut	Linogravure	visuels	Créations & montages	Arts & matières	BROUILLON (reprise)	archived	2
/liquidchrome	Chrome liquide · Visage bordé de chrome	visuels	Créations & montages	Arts & matières	PUBLIER	published	2
/liquidmetal	Métal liquide	visuels	Créations & montages	Effets photographiques	PUBLIER	published	2
/longexposuretrail	Traînées de pose longue	visuels	Créations & montages	Effets photographiques	PUBLIER	published	2
/loopavenue	Le boulevard cylindre	visuels	Créations & montages	Montages	PUBLIER	published	2
/lowpoly	Low poly	visuels	Créations & montages	Arts & matières	BROUILLON (reprise)	archived	2
/mangapanel	Case manga	visuels	Créations & montages	Univers & histoires	BROUILLON (reprise)	archived	2
/materialportrait	Portrait matière · Encre dans eau	visuels	Créations & montages	Arts & matières	PUBLIER	published	2
/materialportrait	Portrait matière · Portrait en fil	visuels	Créations & montages	Arts & matières	PUBLIER	published	2
/materialportrait	Portrait matière · Verre dichroïque	visuels	Créations & montages	Arts & matières	PUBLIER	published	2
/memepro	Meme propre	visuels	Créations & montages	Humour & miniatures	BROUILLON (reprise)	archived	2
/miniature	Miniature réaliste	visuels	Créations & montages	Humour & miniatures	BROUILLON (reprise)	archived	2
/miniaturecity	Échelle urbaine · Ville dans valise	visuels	Créations & montages	Montages	PUBLIER	published	2
/miniaturecity	Échelle urbaine · Ville sur table	visuels	Créations & montages	Montages	PUBLIER	published	2
/miniceo	Mini CEO	visuels	Créations & montages	Humour & miniatures	PUBLIER	published	2
/mirrorportal	Miroir portail · Du salon à la plage	visuels	Créations & montages	Montages	BROUILLON (nouvelle)	absente	0
/mirrortriptych	Triptyque de miroirs · Miroir fragmenté	visuels	Créations & montages	Montages	PUBLIER	published	2
/mirrorworld	Reflet alternatif · Miroir futur	visuels	Créations & montages	Montages	PUBLIER	published	2
/mirrorworld	Reflet alternatif · Miroir saison	visuels	Créations & montages	Montages	PUBLIER	published	2
/mirrorworld	Monde miroir	visuels	Créations & montages	Montages	BROUILLON (reprise)	archived	2
/mosaic	Mosaïque	visuels	Créations & montages	Arts & matières	BROUILLON (reprise)	archived	2
/motionblurportrait	Portrait à mouvement contrôlé · Sujet net, ville filée	visuels	Créations & montages	Effets photographiques	PUBLIER	published	2
/motionblurportrait	Portrait à mouvement contrôlé · Zoom optique	visuels	Créations & montages	Effets photographiques	PUBLIER	published	2
/motionecho	Échos de mouvement	visuels	Créations & montages	Effets photographiques	BROUILLON (reprise)	archived	2
/motionfreeze	Mouvement figé	visuels	Créations & montages	Effets photographiques	BROUILLON (reprise)	archived	2
/muralself	Mon portrait mural	visuels	Créations & montages	Montages	PUBLIER	published	2
/narutoworld	Univers Naruto · Duo au comptoir de ramen	visuels	Créations & montages	Univers & histoires	BROUILLON (nouvelle)	absente	0
/neon	Lueur néon	visuels	Créations & montages	Effets photographiques	BROUILLON (reprise)	archived	2
/nightvisionlook	Vision nocturne	visuels	Créations & montages	Effets photographiques	BROUILLON (reprise)	archived	2
/nollywoodscene	Scène de cinéma africain	visuels	Créations & montages	Montages	PUBLIER	published	2
/onepiececrew	Univers One Piece · Bienvenue sur le pont	visuels	Créations & montages	Univers & histoires	BROUILLON (nouvelle)	absente	0
/orbitmotion	Mouvement orbital · Orbite d'accessoires	visuels	Créations & montages	Effets photographiques	PUBLIER	published	2
/orbitmotion	Mouvement orbital · Orbite de tissu	visuels	Créations & montages	Effets photographiques	PUBLIER	published	2
/origami	Origami	visuels	Créations & montages	Arts & matières	PUBLIER	published	2
/paperbreakphoto	Percée de surface · Mur de papier	visuels	Créations & montages	Montages	PUBLIER	published	2
/paperbreakphoto	Percée de surface · Page de magazine	visuels	Créations & montages	Montages	PUBLIER	published	2
/papercut	Découpe papier	visuels	Créations & montages	Arts & matières	BROUILLON (reprise)	archived	2
/paperquilling	Papier quilling	visuels	Créations & montages	Arts & matières	BROUILLON (reprise)	archived	2
/parallelself	Moi dans une autre vie	visuels	Créations & montages	Montages	PUBLIER	published	2
/particleburst	Dispersion en particules	visuels	Créations & montages	Arts & matières	BROUILLON (reprise)	archived	2
/petalburst	Dispersion florale · Épaule en pétales	visuels	Créations & montages	Arts & matières	PUBLIER	published	2
/petoffice	Animaux au bureau · Le chat directeur	visuels	Créations & montages	Humour & miniatures	BROUILLON (nouvelle)	absente	0
/pixelart	Pixel art	visuels	Créations & montages	Arts & matières	BROUILLON (reprise)	archived	2
/pocketworld	Monde de poche · Café dans une tasse	visuels	Créations & montages	Montages	BROUILLON (nouvelle)	absente	0
/pokemonpartner	Partenaire Pokémon · Pikachu dans la rue	visuels	Créations & montages	Univers & histoires	BROUILLON (nouvelle)	absente	0
/polaroidspill	Polaroid vivant · Le sujet sort du tirage	visuels	Créations & montages	Montages	BROUILLON (nouvelle)	absente	0
/portalstep	Passage de portail · Portail urbain	visuels	Créations & montages	Montages	PUBLIER	published	2
/portalstep	Passage de portail · Porte vers plage	visuels	Créations & montages	Montages	PUBLIER	published	2
/portalworld	Portail vers un autre monde	visuels	Créations & montages	Montages	BROUILLON (reprise)	archived	2
/portraitcinema	Portrait de cinéma	visuels	Créations & montages	Montages	PUBLIER	published	2
/povminiature	POV miniature · Dans le sac de sport	visuels	Créations & montages	Humour & miniatures	BROUILLON (nouvelle)	absente	0
/premierenight	Première de cinéma imaginaire · Sortie de salle	visuels	Créations & montages	Montages	PUBLIER	published	2
/prismtrail	Prisme cinématographique · Prisme frontal	visuels	Créations & montages	Effets photographiques	PUBLIER	published	2
/projectedworld	Projection sur sujet · Architecture projetée	visuels	Créations & montages	Effets photographiques	PUBLIER	published	2
/projectedworld	Projection sur sujet · Océan projeté	visuels	Créations & montages	Effets photographiques	PUBLIER	published	2
/rainbowshadow	Ombres spectrales · Ombre irisée	visuels	Créations & montages	Effets photographiques	PUBLIER	published	2
/recursiveframe	Portrait récursif · Cadre dans le cadre	visuels	Créations & montages	Montages	BROUILLON (nouvelle)	absente	0
/retrocartoonscene	Scène cartoon rétro · Cartoon années 1960	visuels	Créations & montages	Univers & histoires	PUBLIER	published	2
/retrofuture	Rétrofuturisme	visuels	Créations & montages	Univers & histoires	PUBLIER	published	2
/ribbonform	Rubans sculpturaux · Rubans métalliques	visuels	Créations & montages	Arts & matières	PUBLIER	published	2
/risograph	Style risographie	visuels	Créations & montages	Arts & matières	BROUILLON (reprise)	archived	2
/royalcoronation	Mon couronnement	visuels	Créations & montages	Montages	PUBLIER	published	2
/sandfade	Dispersion minérale · Manteau en sable	visuels	Créations & montages	Arts & matières	PUBLIER	published	2
/sandfade	Dispersion minérale · Statue et poussière	visuels	Créations & montages	Arts & matières	PUBLIER	published	2
/satireline	L'affiche de caricature	visuels	Créations & montages	Arts & matières	PUBLIER	published	2
/scanography	Scanographie	visuels	Créations & montages	Arts & matières	PUBLIER	published	2
/scanwave	Onde de scan · Scan environnement	visuels	Créations & montages	Effets photographiques	PUBLIER	published	2
/scanwave	Onde de scan · Scanner lumineux	visuels	Créations & montages	Effets photographiques	PUBLIER	published	2
/scifiportalportrait	Portrait devant un portail futuriste · Faille urbaine	visuels	Créations & montages	Montages	PUBLIER	published	2
/scifiportalportrait	Portrait devant un portail futuriste · Porte cosmique	visuels	Créations & montages	Montages	PUBLIER	published	2
/scrapbookdump	Scrapbook photo dump	visuels	Créations & montages	Montages	BROUILLON (reprise)	archived	2
/screenprint	Sérigraphie	visuels	Créations & montages	Arts & matières	BROUILLON (reprise)	archived	2
/scribbleoverlay	Griffonnages sur photo	visuels	Créations & montages	Montages	BROUILLON (reprise)	archived	2
/shadowstory	Ombre narrative · Ombre de héros	visuels	Créations & montages	Montages	PUBLIER	published	2
/simpsonsworld	Univers Les Simpson · Canapé familial	visuels	Créations & montages	Univers & histoires	BROUILLON (nouvelle)	absente	0
/sketch	Croquis · Carnet architectural	visuels	Créations & montages	Arts & matières	PUBLIER	published	0
/smokeeffect	Sculpture de fumée	visuels	Créations & montages	Arts & matières	BROUILLON (reprise)	archived	2
/smoketail	Traînée de fumée · Pas de brume	visuels	Créations & montages	Arts & matières	PUBLIER	published	2
/socialframe	Sortir du cadre social · Feed miniature	visuels	Créations & montages	Montages	PUBLIER	published	2
/southparkpaper	Univers South Park · Discussion à l’arrêt de bus	visuels	Créations & montages	Univers & histoires	BROUILLON (nouvelle)	absente	0
/speedrampstill	Vitesse en photo · Couloir accéléré	visuels	Créations & montages	Effets photographiques	PUBLIER	published	2
/speedrampstill	Vitesse en photo · Virage de nuit	visuels	Créations & montages	Effets photographiques	PUBLIER	published	2
/splitreality	Réalité divisée	visuels	Créations & montages	Montages	BROUILLON (reprise)	archived	2
/sportshero	Athlète héroïque	visuels	Créations & montages	Montages	PUBLIER	published	2
/stainedglass	Vitrail	visuels	Créations & montages	Arts & matières	BROUILLON (reprise)	archived	2
/statueself	Ma statue monumentale	visuels	Créations & montages	Montages	PUBLIER	published	2
/stickerpack	Pack de stickers	visuels	Créations & montages	Humour & miniatures	BROUILLON (reprise)	archived	2
/storyboard	Storyboard · Storyboard cinéma	visuels	Créations & montages	Univers & histoires	PUBLIER	published	2
/storyboard	Storyboard · Storyboard pub	visuels	Créations & montages	Univers & histoires	PUBLIER	published	2
/storybook	Illustration jeunesse	visuels	Créations & montages	Univers & histoires	BROUILLON (reprise)	archived	2
/streetart	Art urbain · Affiches collées	visuels	Créations & montages	Arts & matières	PUBLIER	published	2
/streetart	Art urbain · Fresque colorée	visuels	Créations & montages	Arts & matières	PUBLIER	published	2
/streetart	Art urbain · Pochoir	visuels	Créations & montages	Arts & matières	PUBLIER	published	2
/surfacepoetry	La veste en papier mouillé	visuels	Créations & montages	Arts & matières	PUBLIER	published	2
/surfacepoetry	Le costume de verre fumé	visuels	Créations & montages	Arts & matières	PUBLIER	published	2
/surfacepoetry	Le manteau de céramique	visuels	Créations & montages	Arts & matières	PUBLIER	published	2
/surrealgiant	Sujet géant	visuels	Créations & montages	Montages	PUBLIER	published	2
/tabletophero	La page montagne	visuels	Créations & montages	Montages	PUBLIER	published	2
/tabletophero	Le bord du mug	visuels	Créations & montages	Montages	PUBLIER	published	2
/tiltshift	Effet photo tilt-shift	visuels	Créations & montages	Effets photographiques	PUBLIER	published	2
/timeslice	Tranche temporelle	visuels	Créations & montages	Effets photographiques	BROUILLON (reprise)	archived	2
/timeslice	Tranches de temps · Temps fragmenté	visuels	Créations & montages	Effets photographiques	PUBLIER	published	2
/timeslice	Tranches de temps · Trois gestes	visuels	Créations & montages	Effets photographiques	PUBLIER	published	2
/tinyworkers	Petits ouvriers	visuels	Créations & montages	Humour & miniatures	PUBLIER	published	2
/toonencounter3d	Rencontre avec personnages animés · Compagnons héroïques	visuels	Créations & montages	Univers & histoires	PUBLIER	published	2
/toybox	Personnage en boîte	visuels	Créations & montages	Humour & miniatures	PUBLIER	published	2
/tradingcard	Ma carte légendaire	visuels	Créations & montages	Humour & miniatures	BROUILLON (reprise)	archived	2
/urbanstillness	Solitude au cœur de la foule · Immobile dans la foule	visuels	Créations & montages	Effets photographiques	PUBLIER	published	1
/vfxdouble	Double photographique · Dialogue avec soi	visuels	Créations & montages	Montages	PUBLIER	published	2
/vfxdouble	Double photographique · Miroir sans miroir	visuels	Créations & montages	Montages	PUBLIER	published	2
/vinylfigure	Figurine vinyle	visuels	Créations & montages	Humour & miniatures	BROUILLON (reprise)	archived	2
/volumetriclight	Rayons volumétriques · Fenêtre poussiéreuse	visuels	Créations & montages	Effets photographiques	PUBLIER	published	2
/volumetriclight	Rayons volumétriques · Forêt en faisceaux	visuels	Créations & montages	Effets photographiques	PUBLIER	published	2
/waterbody	Sculpture d'eau · Double aquatique	visuels	Créations & montages	Arts & matières	PUBLIER	published	2
/waterbody	Sculpture d'eau · Silhouette aqueuse	visuels	Créations & montages	Arts & matières	PUBLIER	published	2
/watercolor	Aquarelle	visuels	Créations & montages	Arts & matières	PUBLIER	published	2
/watereffect	Sculpture d’eau	visuels	Créations & montages	Arts & matières	BROUILLON (reprise)	archived	2
/woodcarve	Sculpture sur bois	visuels	Créations & montages	Arts & matières	PUBLIER	published	2
/xeroxzine	Zine photocopié	visuels	Créations & montages	Arts & matières	PUBLIER	published	2
/aerialproperty	Vue aérienne immobilière	visuels	Espaces	Aménagements	BROUILLON (reprise)	archived	2
/airbnbhero	Hero location courte durée	visuels	Espaces	Aménagements	BROUILLON (reprise)	archived	2
/architecturecutaway	Maison en coupe · Dollhouse habitée	visuels	Espaces	Aménagements	BROUILLON (nouvelle)	absente	0
/ceilingsea	Océan au plafond · Appartement sous océan	visuels	Espaces	Lieux imaginaires	PUBLIER	published	2
/ceilingsea	Océan au plafond · Couloir aquarium	visuels	Espaces	Lieux imaginaires	PUBLIER	published	2
/daytonight	Jour vers nuit	visuels	Espaces	Aménagements	BROUILLON (reprise)	archived	2
/dreamscape	Paysage onirique	visuels	Espaces	Lieux imaginaires	BROUILLON (reprise)	archived	2
/dreamworkspace	Mon espace de travail idéal	visuels	Espaces	Aménagements	BROUILLON (reprise)	archived	2
/facaderenovation	Rénovation façade	visuels	Espaces	Aménagements	BROUILLON (reprise)	archived	2
/furnitureswap	Changer mobilier	visuels	Espaces	Aménagements	BROUILLON (reprise)	archived	2
/futurehomevision	Vision de ma future maison	visuels	Espaces	Aménagements	BROUILLON (reprise)	archived	2
/gardenplan	Aménagement jardin	visuels	Espaces	Aménagements	BROUILLON (reprise)	archived	2
/homestaging	Home staging	visuels	Espaces	Aménagements	BROUILLON (reprise)	archived	2
/hotelroom	Chambre d’hôtel	visuels	Espaces	Aménagements	BROUILLON (reprise)	archived	2
/landscaperedesign	Aménagement paysager	visuels	Espaces	Aménagements	BROUILLON (reprise)	archived	2
/levitatingcity	Ville en lévitation	visuels	Espaces	Lieux imaginaires	BROUILLON (reprise)	archived	2
/nightarchitecture	Architecture de nuit	visuels	Espaces	Aménagements	BROUILLON (reprise)	archived	2
/perspectivefix	Correction de perspective	visuels	Espaces	Aménagements	BROUILLON (reprise)	archived	2
/pooldesign	Concept piscine	visuels	Espaces	Aménagements	BROUILLON (reprise)	archived	2
/realestatehero	Visuel immobilier	visuels	Espaces	Aménagements	BROUILLON (reprise)	archived	2
/roompersonality	Une pièce à mon image	visuels	Espaces	Aménagements	BROUILLON (reprise)	archived	2
/roomredesign	Redesign de pièce	visuels	Espaces	Aménagements	BROUILLON (reprise)	archived	2
/seasonshift	Changer de saison	visuels	Espaces	Aménagements	BROUILLON (reprise)	archived	2
/skyisland	Île suspendue · Jardin flottant	visuels	Espaces	Lieux imaginaires	PUBLIER	published	2
/skyswap	Remplacement de ciel	visuels	Espaces	Aménagements	BROUILLON (reprise)	archived	2
/snowinside	Neige intérieure · Flocons de salon	visuels	Espaces	Lieux imaginaires	PUBLIER	published	2
/storefront	Facade boutique	visuels	Espaces	Aménagements	BROUILLON (reprise)	archived	2
/travelpostcard	Carte postale imaginaire	visuels	Espaces	Lieux imaginaires	BROUILLON (reprise)	archived	2
/underwater	Monde sous-marin	visuels	Espaces	Lieux imaginaires	BROUILLON (reprise)	archived	2
/urbanjungle	Ville végétale · Métro végétal	visuels	Espaces	Lieux imaginaires	PUBLIER	published	2
/wallcolor	Couleur murale	visuels	Espaces	Aménagements	BROUILLON (reprise)	archived	2
/waterroom	Pièce sous l'eau · Portrait mi-eau	visuels	Espaces	Lieux imaginaires	PUBLIER	published	2
/weatherchange	Changer la météo	visuels	Espaces	Aménagements	BROUILLON (reprise)	archived	2
/adcampaignset	Pack de campagne	visuels	Marketing & édition	Campagnes	BROUILLON (reprise)	archived	2
/adcreative	Créatif publicitaire	visuels	Marketing & édition	Campagnes	BROUILLON (reprise)	archived	2
/adsocial	Publicité pour réseau social	visuels	Marketing & édition	Campagnes	PUBLIER	published	2
/albumcoverpersona	Persona de couverture d'album · Album afro-urbain	visuels	Marketing & édition	Couvertures	PUBLIER	published	2
/albumcoverpersona	Persona de couverture d'album · Album soul minimal	visuels	Marketing & édition	Couvertures	PUBLIER	published	2
/albumcoverpersona	Persona de couverture d'album · Album électro néon	visuels	Marketing & édition	Couvertures	PUBLIER	published	2
/beforeafterad	Publicité avant-après	visuels	Marketing & édition	Campagnes	BROUILLON (reprise)	archived	2
/benefitvisual	Bénéfice visualisé	visuels	Marketing & édition	Campagnes	BROUILLON (reprise)	archived	2
/bookcover	Couverture de livre · Fantasy illustrée	visuels	Marketing & édition	Couvertures	PUBLIER	published	2
/boothdesign	Stand événementiel	visuels	Marketing & édition	Identité & maquettes	BROUILLON (reprise)	archived	2
/brandboard	Planche de marque · Identité minimaliste	visuels	Marketing & édition	Identité & maquettes	PUBLIER	published	0
/challengepost	Visuel de challenge social	visuels	Marketing & édition	Campagnes	BROUILLON (reprise)	archived	2
/cinemacast	À l’affiche avec le casting · Barbie avec Margot Robbie	visuels	Marketing & édition	Couvertures	BROUILLON (nouvelle)	absente	0
/cocktailmenu	Carte de cocktails	visuels	Marketing & édition	Affiches & menus	BROUILLON (reprise)	archived	2
/comparisonad	Publicité comparative	visuels	Marketing & édition	Campagnes	BROUILLON (reprise)	archived	2
/couponcreative	Coupon promotionnel	visuels	Marketing & édition	Campagnes	BROUILLON (reprise)	archived	2
/coverissue	Le numéro manifeste	visuels	Marketing & édition	Couvertures	PUBLIER	published	2
/coverissue	Le numéro musique	visuels	Marketing & édition	Couvertures	PUBLIER	published	2
/coverissue	Sport en monochrome	visuels	Marketing & édition	Couvertures	PUBLIER	published	2
/coverportrait	Portrait de couverture sociale	visuels	Marketing & édition	Couvertures	BROUILLON (reprise)	archived	2
/creatorbrandkit	Kit de marque créateur	visuels	Marketing & édition	Identité & maquettes	BROUILLON (reprise)	archived	2
/displaybanner	Bannière display	visuels	Marketing & édition	Campagnes	BROUILLON (reprise)	archived	2
/eventflyer	Affiche événement · Atelier créatif	visuels	Marketing & édition	Affiches & menus	BROUILLON (nouvelle)	absente	0
/eventlineup	Affiche de programmation	visuels	Marketing & édition	Affiches & menus	BROUILLON (reprise)	archived	2
/eventstage	Scène événementielle	visuels	Marketing & édition	Identité & maquettes	BROUILLON (reprise)	archived	2
/fashioncover	Couverture mode fictive · Vogue inspiré	visuels	Marketing & édition	Couvertures	PUBLIER	published	2
/featurespotlight	Focus fonctionnalité	visuels	Marketing & édition	Campagnes	BROUILLON (reprise)	archived	2
/festivalheadliner	Tête d’affiche de festival	visuels	Marketing & édition	Couvertures	BROUILLON (reprise)	archived	2
/foundermag	Magazine de fondateur original · La une personnelle	visuels	Marketing & édition	Couvertures	PUBLIER	published	2
/heroensembleposter	Affiche d'équipe héroïque · Famille héroïque	visuels	Marketing & édition	Couvertures	PUBLIER	published	2
/invitation	Invitation visuelle · Invitation photo	visuels	Marketing & édition	Affiches & menus	PUBLIER	published	0
/landinghero	Hero de landing page	visuels	Marketing & édition	Identité & maquettes	BROUILLON (reprise)	archived	2
/localbusinessad	Publicité locale	visuels	Marketing & édition	Campagnes	BROUILLON (reprise)	archived	2
/logo	Concept de logo · Mascotte	visuels	Marketing & édition	Identité & maquettes	PUBLIER	published	0
/loyaltycard	Carte de fidélité	visuels	Marketing & édition	Identité & maquettes	BROUILLON (reprise)	archived	2
/magazinecover	Lifestyle · référence ELLE	visuels	Marketing & édition	Couvertures	BROUILLON (reprise)	archived	2
/magazineportrait	Portrait couverture	visuels	Marketing & édition	Couvertures	BROUILLON (reprise)	archived	2
/menucreative	Menu créatif	visuels	Marketing & édition	Affiches & menus	BROUILLON (reprise)	archived	2
/merchandising	Plan merchandising	visuels	Marketing & édition	Identité & maquettes	BROUILLON (reprise)	archived	2
/musicreleasekit	Kit de sortie musicale	visuels	Marketing & édition	Identité & maquettes	BROUILLON (reprise)	archived	2
/newsfeedcover	Sujet en une d'un fil d'actualité · Une business	visuels	Marketing & édition	Couvertures	PUBLIER	published	2
/newsfeedcover	Sujet en une d'un fil d'actualité · Une culture	visuels	Marketing & édition	Couvertures	PUBLIER	published	2
/newsfeedcover	Sujet en une d'un fil d'actualité · Une sport	visuels	Marketing & édition	Couvertures	PUBLIER	published	2
/podcastcover	Couverture de podcast	visuels	Marketing & édition	Couvertures	PUBLIER	published	2
/poster	Affiche impact	visuels	Marketing & édition	Affiches & menus	BROUILLON (reprise)	archived	2
/powercover	Couverture business iconique	visuels	Marketing & édition	Couvertures	PUBLIER	published	2
/problemsolutionad	Problème-solution	visuels	Marketing & édition	Campagnes	BROUILLON (reprise)	archived	2
/productcarousel	Carrousel produit	visuels	Marketing & édition	Campagnes	BROUILLON (reprise)	archived	2
/profilelaunch	Lancement de profil	visuels	Marketing & édition	Identité & maquettes	BROUILLON (reprise)	archived	2
/receiptmemory	Ticket souvenir · Ticket de sortie	visuels	Marketing & édition	Affiches & menus	BROUILLON (nouvelle)	absente	0
/receiptposter	Affiche ticket de caisse	visuels	Marketing & édition	Affiches & menus	PUBLIER	published	2
/reelcover	Couverture Reels et TikTok · Accroche visuelle	visuels	Marketing & édition	Couvertures	BROUILLON (nouvelle)	absente	0
/restaurantmenu	Carte restaurant · Plat signature	visuels	Marketing & édition	Affiches & menus	BROUILLON (nouvelle)	archived	0
/seasonalcampaign	Campagne saisonnière	visuels	Marketing & édition	Campagnes	BROUILLON (reprise)	archived	2
/sportcover	Couverture sportive fictive · Champion de studio	visuels	Marketing & édition	Couvertures	PUBLIER	published	2
/storyad	Publicité en story	visuels	Marketing & édition	Campagnes	BROUILLON (reprise)	archived	2
/streamerkit	Kit visuel de streamer	visuels	Marketing & édition	Identité & maquettes	BROUILLON (reprise)	archived	2
/tabloidfrontpage	Une de tabloïd fictif	visuels	Marketing & édition	Couvertures	BROUILLON (reprise)	archived	2
/testimonialcard	Carte témoignage	visuels	Marketing & édition	Campagnes	BROUILLON (reprise)	archived	2
/tradebooth	Stand salon	visuels	Marketing & édition	Identité & maquettes	BROUILLON (reprise)	archived	2
/travelposter	Poster de destination · Affiche aérienne	visuels	Marketing & édition	Affiches & menus	PUBLIER	published	0
/vintageposter	Affiche vintage	visuels	Marketing & édition	Affiches & menus	PUBLIER	published	2
/webhero	Hero de site	visuels	Marketing & édition	Identité & maquettes	BROUILLON (reprise)	archived	2
/1920sportrait	Portrait années 1920	visuels	Portraits & sujets	Portraits éditoriaux	PUBLIER	published	2
/abidjaneditorial	Éditorial urbain ivoirien · Nuit de ville	visuels	Portraits & sujets	Portraits éditoriaux	BROUILLON (nouvelle)	absente	0
/afrobeatsstar	Star Afrobeats	visuels	Portraits & sujets	Portraits professionnels	PUBLIER	published	2
/ageprogression	Projection d'âge	visuels	Portraits & sujets	Liens & souvenirs	PUBLIER	published	2
/airportfit	Airport fit	visuels	Portraits & sujets	Portraits éditoriaux	BROUILLON (reprise)	archived	2
/ancientportrait	Portrait antique · Grèce héroïque	visuels	Portraits & sujets	Portraits éditoriaux	PUBLIER	published	2
/ancientportrait	Portrait antique · Rome en marbre vivant	visuels	Portraits & sujets	Portraits éditoriaux	PUBLIER	published	2
/ancientportrait	Portrait antique · Égypte solaire	visuels	Portraits & sujets	Portraits éditoriaux	PUBLIER	published	2
/artisanportrait	Portrait d’artisan	visuels	Portraits & sujets	Portraits professionnels	PUBLIER	published	2
/authorityseated	Portrait d'autorité assis · Bureau de direction	visuels	Portraits & sujets	Portraits professionnels	PUBLIER	published	2
/authorityseated	Portrait d'autorité assis · Fauteuil minimal	visuels	Portraits & sujets	Portraits professionnels	PUBLIER	published	2
/authorityseated	Portrait d'autorité assis · Studio pierre	visuels	Portraits & sujets	Portraits professionnels	PUBLIER	published	2
/avatarpro	Avatar professionnel	visuels	Portraits & sujets	Portraits professionnels	PUBLIER	published	2
/babyself	Version bébé imaginaire	visuels	Portraits & sujets	Liens & souvenirs	PUBLIER	published	2
/backgroundswap	Changer fond	visuels	Portraits & sujets	Retouches	BROUILLON (reprise)	archived	2
/beardstyle	Style de barbe	visuels	Portraits & sujets	Style & tenues	BROUILLON (reprise)	archived	2
/beautyportrait	Portrait beauté	visuels	Portraits & sujets	Portraits éditoriaux	BROUILLON (reprise)	archived	2
/birthdayportrait	Portrait anniversaire	visuels	Portraits & sujets	Liens & souvenirs	PUBLIER	published	2
/braidpreview	Aperçu tresses	visuels	Portraits & sujets	Style & tenues	PUBLIER	published	2
/brandportrait	Portrait de marque	visuels	Portraits & sujets	Portraits professionnels	BROUILLON (reprise)	archived	2
/btsfashion	Coulisses de shooting mode	visuels	Portraits & sujets	Style & tenues	PUBLIER	published	2
/businessidentity	Portrait de créateur · Atelier et outils	visuels	Portraits & sujets	Portraits professionnels	BROUILLON (nouvelle)	absente	0
/cameraangles	Planche de cadrages · Six vues cohérentes	visuels	Portraits & sujets	Style & tenues	BROUILLON (nouvelle)	absente	0
/campaignportrait	Portrait de campagne	visuels	Portraits & sujets	Portraits professionnels	PUBLIER	published	2
/castingcard	Comp card mannequin	visuels	Portraits & sujets	Style & tenues	PUBLIER	published	2
/ccdnight	Compact CCD de nuit	visuels	Portraits & sujets	Portraits éditoriaux	PUBLIER	published	2
/centralafricanstyle	Style Afrique centrale · Sape éditoriale	visuels	Portraits & sujets	Portraits éditoriaux	PUBLIER	published	0
/chefportrait	Portrait de chef	visuels	Portraits & sujets	Portraits professionnels	PUBLIER	published	2
/childmeet	Rencontre avec mon moi enfant	visuels	Portraits & sujets	Liens & souvenirs	PUBLIER	published	2
/chromagelportrait	Portrait aux gels colorés · Or et violet	visuels	Portraits & sujets	Portraits éditoriaux	PUBLIER	published	2
/coloranalysis	Analyse couleur visuelle	visuels	Portraits & sujets	Style & tenues	PUBLIER	published	2
/colorgrade	Color grading	visuels	Portraits & sujets	Retouches	BROUILLON (reprise)	archived	2
/colorrestore	Couleurs restaurées	visuels	Portraits & sujets	Retouches	PUBLIER	published	2
/colorswap	Changement couleur	visuels	Portraits & sujets	Retouches	PUBLIER	published	2
/coupleportrait	Portrait de couple	visuels	Portraits & sujets	Liens & souvenirs	PUBLIER	published	2
/croprecompose	Recadrage intelligent	visuels	Portraits & sujets	Retouches	BROUILLON (reprise)	archived	2
/cvportrait	Portrait pour CV	visuels	Portraits & sujets	Portraits professionnels	BROUILLON (reprise)	archived	2
/datingprofile	Série de profil naturel	visuels	Portraits & sujets	Style & tenues	BROUILLON (reprise)	archived	2
/deblur	Réduction du flou	visuels	Portraits & sujets	Retouches	BROUILLON (reprise)	archived	2
/decadeportrait	Portrait des décennies · Annuaire 80	visuels	Portraits & sujets	Portraits éditoriaux	PUBLIER	published	2
/decadeportrait	Portrait des décennies · Disco 70	visuels	Portraits & sujets	Portraits éditoriaux	PUBLIER	published	2
/decadeportrait	Portrait des décennies · Street 90	visuels	Portraits & sujets	Portraits éditoriaux	PUBLIER	published	2
/denimcampaignportrait	Campagne denim · Denim studio brut	visuels	Portraits & sujets	Style & tenues	PUBLIER	published	2
/denimcampaignportrait	Campagne denim · Double denim	visuels	Portraits & sujets	Style & tenues	PUBLIER	published	2
/depthblur	Flou de profondeur	visuels	Portraits & sujets	Retouches	BROUILLON (reprise)	archived	2
/digicamframe	Portrait compact numérique · Soirée au flash	visuels	Portraits & sujets	Portraits éditoriaux	BROUILLON (nouvelle)	absente	0
/djportrait	Portrait DJ	visuels	Portraits & sujets	Portraits professionnels	BROUILLON (reprise)	archived	2
/doctorportrait	Portrait médical	visuels	Portraits & sujets	Portraits professionnels	BROUILLON (reprise)	archived	2
/dreamcareergrid	Mes quatre carrières rêvées	visuels	Portraits & sujets	Style & tenues	PUBLIER	published	2
/eastafricanstyle	Style Afrique de l’Est · Côte swahilie	visuels	Portraits & sujets	Portraits éditoriaux	PUBLIER	published	0
/editorialportrait	Portrait éditorial	visuels	Portraits & sujets	Portraits éditoriaux	BROUILLON (reprise)	archived	2
/executivefullbody	Portrait professionnel en pied · Confiance dans un lobby	visuels	Portraits & sujets	Portraits professionnels	PUBLIER	published	2
/executivefullbody	Portrait professionnel en pied · Costume en studio	visuels	Portraits & sujets	Portraits professionnels	PUBLIER	published	2
/executivefullbody	Portrait professionnel en pied · Direction en salle de conférence	visuels	Portraits & sujets	Portraits professionnels	PUBLIER	published	2
/expression	Expression cible	visuels	Portraits & sujets	Retouches	BROUILLON (reprise)	archived	2
/extendframe	Extension de cadre	visuels	Portraits & sujets	Retouches	BROUILLON (reprise)	archived	2
/eyeglassglare	Reflets de lunettes	visuels	Portraits & sujets	Retouches	BROUILLON (reprise)	archived	2
/faceswapduo	Échange de visages en duo	visuels	Portraits & sujets	Retouches	PUBLIER	published	2
/familyportrait	Portrait de famille	visuels	Portraits & sujets	Liens & souvenirs	PUBLIER	published	2
/fashioncampaignset	Mini-campagne mode	visuels	Portraits & sujets	Style & tenues	BROUILLON (reprise)	archived	2
/fashionpolaroid	Digitals mannequin	visuels	Portraits & sujets	Style & tenues	PUBLIER	published	2
/festivaleditorial	Portrait de festival · Coulisses du festival	visuels	Portraits & sujets	Portraits éditoriaux	PUBLIER	published	2
/fitnessportrait	Portrait fitness	visuels	Portraits & sujets	Portraits professionnels	BROUILLON (reprise)	archived	2
/flowerstelephone	Selfie bouquet · Bouquet monumental	visuels	Portraits & sujets	Portraits éditoriaux	BROUILLON (nouvelle)	absente	0
/founderportrait	Portrait fondateur	visuels	Portraits & sujets	Portraits professionnels	PUBLIER	published	2
/freelanceicon	L'architecte des idées	visuels	Portraits & sujets	Portraits professionnels	PUBLIER	published	2
/freelanceicon	Le créatif aux pinces	visuels	Portraits & sujets	Portraits professionnels	PUBLIER	published	2
/friendgroupcast	Casting de notre groupe	visuels	Portraits & sujets	Liens & souvenirs	BROUILLON (reprise)	archived	2
/futurechild	Portrait d’enfant imaginaire	visuels	Portraits & sujets	Liens & souvenirs	PUBLIER	published	2
/futureportrait	Portrait prospectif · 2050 solaire	visuels	Portraits & sujets	Portraits éditoriaux	PUBLIER	published	2
/futureportrait	Portrait prospectif · 2100 orbital	visuels	Portraits & sujets	Portraits éditoriaux	PUBLIER	published	2
/futureportrait	Portrait prospectif · Afrofuturisme	visuels	Portraits & sujets	Portraits éditoriaux	PUBLIER	published	2
/galaeditorial	Éditorial de gala	visuels	Portraits & sujets	Portraits éditoriaux	BROUILLON (reprise)	archived	2
/genderflip	Mon autre présentation	visuels	Portraits & sujets	Liens & souvenirs	PUBLIER	published	2
/glasslayerportrait	Portrait derrière le verre · Verre embué	visuels	Portraits & sujets	Portraits éditoriaux	PUBLIER	published	2
/glasslayerportrait	Portrait derrière le verre · Vitre colorée	visuels	Portraits & sujets	Portraits éditoriaux	PUBLIER	published	2
/goalcelebration	Célébration de but · Glissade de victoire	visuels	Portraits & sujets	Portraits éditoriaux	BROUILLON (nouvelle)	absente	0
/goldenhourportrait	Heure dorée	visuels	Portraits & sujets	Portraits éditoriaux	PUBLIER	published	2
/graduationportrait	Portrait de diplôme	visuels	Portraits & sujets	Liens & souvenirs	PUBLIER	published	2
/haloeditorial	Portrait éditorial à lumière graphique · Anneau blanc	visuels	Portraits & sujets	Portraits éditoriaux	PUBLIER	published	2
/haloeditorial	Portrait éditorial à lumière graphique · Fenêtre ambre	visuels	Portraits & sujets	Portraits éditoriaux	PUBLIER	published	2
/haloeditorial	Portrait éditorial à lumière graphique · Triangle bleu	visuels	Portraits & sujets	Portraits éditoriaux	PUBLIER	published	2
/headshot	Headshot professionnel	visuels	Portraits & sujets	Portraits professionnels	PUBLIER	published	2
/headwrapstyle	Style de foulard	visuels	Portraits & sujets	Style & tenues	BROUILLON (reprise)	archived	2
/iceprincessselfie	Selfie princesse des glaces · Coulisses du bal	visuels	Portraits & sujets	Portraits éditoriaux	BROUILLON (nouvelle)	absente	0
/identitysheet	Planche d’identité visuelle	visuels	Portraits & sujets	Style & tenues	PUBLIER	published	2
/jpegrepair	Réparation JPEG	visuels	Portraits & sujets	Retouches	BROUILLON (reprise)	archived	2
/linkedinportrait	Portrait LinkedIn	visuels	Portraits & sujets	Portraits professionnels	BROUILLON (reprise)	archived	2
/lookbook	Lookbook mode	visuels	Portraits & sujets	Style & tenues	BROUILLON (reprise)	archived	2
/lookcontinuity	Continuité du même look	visuels	Portraits & sujets	Style & tenues	PUBLIER	published	2
/lowlightrescue	Sauvetage basse lumière	visuels	Portraits & sujets	Retouches	BROUILLON (reprise)	archived	2
/luxeloungeportrait	Portrait lounge premium · Hôtel galerie d'art	visuels	Portraits & sujets	Portraits éditoriaux	PUBLIER	published	2
/luxeloungeportrait	Portrait lounge premium · Rooftop au crépuscule	visuels	Portraits & sujets	Portraits éditoriaux	PUBLIER	published	2
/luxeloungeportrait	Portrait lounge premium · Salon velours émeraude	visuels	Portraits & sujets	Portraits éditoriaux	PUBLIER	published	2
/luxuryportrait	Portrait luxe	visuels	Portraits & sujets	Portraits éditoriaux	BROUILLON (reprise)	archived	2
/makeupboard	Planche maquillage	visuels	Portraits & sujets	Style & tenues	BROUILLON (reprise)	archived	2
/maternityportrait	Portrait maternité	visuels	Portraits & sujets	Liens & souvenirs	PUBLIER	published	2
/medievalportrait	Portrait médiéval · Cour de château	visuels	Portraits & sujets	Portraits éditoriaux	PUBLIER	published	2
/mirrorfit	Fit check miroir	visuels	Portraits & sujets	Portraits éditoriaux	BROUILLON (reprise)	archived	2
/moodboardfit	Lookbook personnel · Trois tenues, une identité	visuels	Portraits & sujets	Style & tenues	BROUILLON (nouvelle)	absente	0
/musicianportrait	Portrait musicien	visuels	Portraits & sujets	Portraits professionnels	BROUILLON (reprise)	archived	2
/noisecleanup	Réduction du bruit	visuels	Portraits & sujets	Retouches	BROUILLON (reprise)	archived	2
/objectreplace	Remplacer un objet	visuels	Portraits & sujets	Retouches	BROUILLON (reprise)	archived	2
/oldphotocolor	Colorisation photo ancienne	visuels	Portraits & sujets	Retouches	BROUILLON (reprise)	archived	2
/outfit	Changer tenue	visuels	Portraits & sujets	Style & tenues	PUBLIER	published	2
/outfitbreakdown	Décryptage de tenue	visuels	Portraits & sujets	Style & tenues	PUBLIER	published	2
/outfitgrid	Grille de tenues	visuels	Portraits & sujets	Style & tenues	BROUILLON (reprise)	archived	2
/paparazziflash	Paparazzi flash	visuels	Portraits & sujets	Portraits éditoriaux	PUBLIER	published	2
/passporteras	Portraits d’identité à travers les époques	visuels	Portraits & sujets	Portraits éditoriaux	PUBLIER	published	2
/pastfutureduo	Moi face à mon futur	visuels	Portraits & sujets	Liens & souvenirs	BROUILLON (reprise)	archived	2
/personalbrandkit	Kit photo de marque personnelle	visuels	Portraits & sujets	Style & tenues	BROUILLON (reprise)	archived	2
/photoboothstory	Histoire en photomaton	visuels	Portraits & sujets	Style & tenues	PUBLIER	published	2
/photodump	Photo dump cohérent · Journée à Abidjan	visuels	Portraits & sujets	Style & tenues	BROUILLON (nouvelle)	absente	0
/portraitbackground	Fond de portrait	visuels	Portraits & sujets	Retouches	BROUILLON (reprise)	archived	2
/posecoach	Variantes de pose	visuels	Portraits & sujets	Style & tenues	BROUILLON (reprise)	archived	2
/presskitportrait	Portrait dossier de presse	visuels	Portraits & sujets	Portraits professionnels	PUBLIER	published	2
/profilepicset	Pack de photos de profil	visuels	Portraits & sujets	Style & tenues	BROUILLON (reprise)	archived	2
/radiantspotlight	Portrait au halo lumineux · Halo bleu nocturne	visuels	Portraits & sujets	Portraits éditoriaux	PUBLIER	published	2
/radiantspotlight	Portrait au halo lumineux · Halo doré prestige	visuels	Portraits & sujets	Portraits éditoriaux	PUBLIER	published	2
/radiantspotlight	Portrait au halo lumineux · Halo rouge couture	visuels	Portraits & sujets	Portraits éditoriaux	PUBLIER	published	2
/raineditorial	Éditorial sous la pluie · Après la pluie	visuels	Portraits & sujets	Portraits éditoriaux	PUBLIER	published	2
/raineditorial	Éditorial sous la pluie · Averse urbaine	visuels	Portraits & sujets	Portraits éditoriaux	PUBLIER	published	2
/raineditorial	Éditorial sous la pluie · Parapluie transparent	visuels	Portraits & sujets	Portraits éditoriaux	PUBLIER	published	2
/redcarpet	Moment tapis rouge	visuels	Portraits & sujets	Portraits éditoriaux	PUBLIER	published	2
/reflectioneditorial	Portrait à reflets narratifs · Miroir sous la pluie	visuels	Portraits & sujets	Portraits éditoriaux	PUBLIER	published	2
/relightmatch	Harmonisation lumineuse	visuels	Portraits & sujets	Retouches	BROUILLON (reprise)	archived	2
/removeobject	Suppression d'objet	visuels	Portraits & sujets	Retouches	BROUILLON (reprise)	archived	2
/restorephoto	Restauration photo	visuels	Portraits & sujets	Retouches	BROUILLON (reprise)	archived	2
/retouchclean	Retouche naturelle	visuels	Portraits & sujets	Retouches	BROUILLON (reprise)	archived	2
/retro80s	Moi dans les années 80	visuels	Portraits & sujets	Portraits éditoriaux	BROUILLON (reprise)	archived	2
/rimlightprofile	Profil au contre-jour · Liseré bleu	visuels	Portraits & sujets	Portraits éditoriaux	PUBLIER	published	2
/rooftopeditorial	Éditorial sur toit urbain · Heure bleue	visuels	Portraits & sujets	Portraits éditoriaux	PUBLIER	published	2
/rooftopeditorial	Éditorial sur toit urbain · Midi architectural	visuels	Portraits & sujets	Portraits éditoriaux	PUBLIER	published	2
/rooftopeditorial	Éditorial sur toit urbain · Vent couture	visuels	Portraits & sujets	Portraits éditoriaux	PUBLIER	published	2
/runwaydebut	Début sur le podium	visuels	Portraits & sujets	Style & tenues	PUBLIER	published	2
/shadowmatch	Harmoniser les ombres	visuels	Portraits & sujets	Retouches	BROUILLON (reprise)	archived	2
/shadowsculpt	Portrait sculpté par l'ombre · Ombres de feuillage	visuels	Portraits & sujets	Portraits éditoriaux	PUBLIER	published	2
/shadowsculpt	Portrait sculpté par l'ombre · Ombres de stores	visuels	Portraits & sujets	Portraits éditoriaux	PUBLIER	published	2
/signaturelook	Look signature	visuels	Portraits & sujets	Style & tenues	BROUILLON (reprise)	archived	2
/silhouetteportrait	Silhouette contre-jour	visuels	Portraits & sujets	Portraits éditoriaux	PUBLIER	published	2
/silkcampaignportrait	Campagne soie · Soie ivoire	visuels	Portraits & sujets	Style & tenues	PUBLIER	published	2
/silkcampaignportrait	Campagne soie · Soie émeraude	visuels	Portraits & sujets	Style & tenues	PUBLIER	published	2
/skinretouch	Retouche peau naturelle	visuels	Portraits & sujets	Retouches	BROUILLON (reprise)	archived	2
/softwindowportrait	Portrait en lumière de fenêtre · Matin calme	visuels	Portraits & sujets	Portraits éditoriaux	PUBLIER	published	2
/softwindowportrait	Portrait en lumière de fenêtre · Pluie à la vitre	visuels	Portraits & sujets	Portraits éditoriaux	PUBLIER	published	2
/softwindowportrait	Portrait en lumière de fenêtre · Rideau de lin	visuels	Portraits & sujets	Portraits éditoriaux	PUBLIER	published	2
/southernafricanstyle	Style Afrique australe · Cape Town contemporain	visuels	Portraits & sujets	Portraits éditoriaux	PUBLIER	published	0
/speakerportrait	Portrait de conférencier	visuels	Portraits & sujets	Portraits professionnels	PUBLIER	published	2
/stagelegend	Portrait d'artiste en scène · Guitariste en répétition	visuels	Portraits & sujets	Portraits professionnels	PUBLIER	published	2
/streetcasting	Casting de rue	visuels	Portraits & sujets	Portraits professionnels	PUBLIER	published	2
/streetflashlook	Portrait street au flash · Parking mode	visuels	Portraits & sujets	Portraits éditoriaux	PUBLIER	published	2
/streetflashlook	Portrait street au flash · Près du taxi	visuels	Portraits & sujets	Portraits éditoriaux	PUBLIER	published	2
/streetportrait	Portrait de rue	visuels	Portraits & sujets	Portraits éditoriaux	BROUILLON (reprise)	archived	2
/studiorelight	Relighting studio	visuels	Portraits & sujets	Retouches	BROUILLON (reprise)	archived	2
/styleswapduo	Échange de styles	visuels	Portraits & sujets	Style & tenues	BROUILLON (reprise)	archived	2
/teamportrait	Équipe harmonisée	visuels	Portraits & sujets	Liens & souvenirs	PUBLIER	published	2
/textileportrait	Portrait textile · Indigo atelier	visuels	Portraits & sujets	Portraits éditoriaux	PUBLIER	published	0
/textremove	Retirer un texte	visuels	Portraits & sujets	Retouches	BROUILLON (reprise)	archived	2
/thenandnow	Deux époques · Cabine temporelle	visuels	Portraits & sujets	Liens & souvenirs	PUBLIER	published	2
/thenandnow	Deux époques · Diptyque 1980 et présent	visuels	Portraits & sujets	Liens & souvenirs	PUBLIER	published	2
/throwback2016	Retour en 2016	visuels	Portraits & sujets	Portraits éditoriaux	PUBLIER	published	2
/twinsurprise	Mon jumeau imaginaire	visuels	Portraits & sujets	Liens & souvenirs	BROUILLON (reprise)	archived	2
/upscale	Agrandissement propre	visuels	Portraits & sujets	Retouches	BROUILLON (reprise)	archived	2
/vintageportrait	Portrait rétro · Années folles	visuels	Portraits & sujets	Portraits éditoriaux	PUBLIER	published	2
/vintageportrait	Portrait rétro · Carte postale 1900	visuels	Portraits & sujets	Portraits éditoriaux	PUBLIER	published	2
/vintageportrait	Portrait rétro · Studio 1940	visuels	Portraits & sujets	Portraits éditoriaux	PUBLIER	published	2
/wardrobeboard	Planche de garde-robe	visuels	Portraits & sujets	Style & tenues	BROUILLON (reprise)	archived	2
/weddingportrait	Portrait de mariage	visuels	Portraits & sujets	Liens & souvenirs	PUBLIER	published	2
/westafricanstyle	Style ouest-africain · Bogolan minimal	visuels	Portraits & sujets	Portraits éditoriaux	PUBLIER	published	0
/y2kflash	Moi en mode Y2K	visuels	Portraits & sujets	Portraits éditoriaux	PUBLIER	published	2
/yearbook90s	Photo de classe années 90	visuels	Portraits & sujets	Portraits éditoriaux	PUBLIER	published	2
/beautyshot	Beauty shot produit	visuels	Produits	Présentation fidèle	BROUILLON (reprise)	archived	2
/chromeshot	Rendu chrome	visuels	Produits	Présentation fidèle	BROUILLON (reprise)	archived	2
/dynamicad	Publicité dynamique	visuels	Produits	Mises en scène créatives	BROUILLON (reprise)	archived	2
/floatingproduct	Produit en suspension	visuels	Produits	Présentation fidèle	BROUILLON (reprise)	archived	2
/giantproduct	Produit géant	visuels	Produits	Mises en scène créatives	BROUILLON (reprise)	archived	2
/glassmorph	Produit en verre	visuels	Produits	Mises en scène créatives	BROUILLON (reprise)	archived	2
/isometric	Vue isométrique	visuels	Produits	Présentation fidèle	PUBLIER	published	2
/levitation	Lévitation d'objets	visuels	Produits	Présentation fidèle	BROUILLON (reprise)	archived	2
/liquidsplash	Splash liquide	visuels	Produits	Présentation fidèle	BROUILLON (reprise)	archived	2
/luxmockup	Décor premium	visuels	Produits	Présentation fidèle	PUBLIER	published	2
/macrodetail	Macro matière	visuels	Produits	Présentation fidèle	BROUILLON (reprise)	archived	2
/packshot	Photo produit studio	visuels	Produits	Présentation fidèle	BROUILLON (reprise)	archived	2
/productangles	Produit sous tous les angles · Six vues fidèles	visuels	Produits	Présentation fidèle	BROUILLON (nouvelle)	absente	0
/productburst	Explosion de bénéfices	visuels	Produits	Mises en scène créatives	BROUILLON (reprise)	archived	2
/productcharacter	Produit personnage	visuels	Produits	Mises en scène créatives	BROUILLON (reprise)	archived	2
/productcleanup	Nettoyage produit	visuels	Produits	Présentation fidèle	BROUILLON (reprise)	archived	2
/productexplosion	Produit éclaté créatif · Ingrédients en suspension	visuels	Produits	Mises en scène créatives	BROUILLON (nouvelle)	absente	0
/productgrid	Grille de produits	visuels	Produits	Présentation fidèle	BROUILLON (reprise)	archived	2
/producthero	Hero produit	visuels	Produits	Présentation fidèle	BROUILLON (reprise)	archived	2
/productinuse	Produit en situation	visuels	Produits	Présentation fidèle	BROUILLON (reprise)	archived	2
/removebackground	Détourage propre	visuels	Produits	Présentation fidèle	BROUILLON (reprise)	archived	2
/retailstand	Présentoir magasin	visuels	Produits	Présentation fidèle	BROUILLON (reprise)	archived	2
/shelfmockup	Produit en rayon	visuels	Produits	Présentation fidèle	BROUILLON (reprise)	archived	2
/textureclean	Texture propre	visuels	Produits	Présentation fidèle	BROUILLON (reprise)	archived	2
/windowdisplay	Vitrine commerciale	visuels	Produits	Présentation fidèle	BROUILLON (reprise)	archived	2
/airflowview	Flux d’air visualisé	visuels	Schémas & technique	Flux & systèmes	BROUILLON (reprise)	archived	2
/anatomycutaway	Anatomie en coupe · Structures essentielles	visuels	Schémas & technique	Structures & coupes	BROUILLON (nouvelle)	absente	0
/anatomyview	Anatomie d’objet	visuels	Schémas & technique	Structures & coupes	PUBLIER	published	2
/assembly	Guide d’assemblage	visuels	Schémas & technique	Structures & coupes	BROUILLON (reprise)	archived	2
/beforeafterdiagram	Schéma avant-après	visuels	Schémas & technique	Explications visuelles	BROUILLON (reprise)	archived	2
/blueprint	Plan technique bleu	visuels	Schémas & technique	Plans & cotes	BROUILLON (reprise)	archived	2
/calloutdiagram	Schéma à repères	visuels	Schémas & technique	Explications visuelles	BROUILLON (reprise)	archived	2
/circuitclean	Schéma électrique lisible · Du croquis au schéma	visuels	Schémas & technique	Plans & cotes	BROUILLON (nouvelle)	absente	0
/circuittrace	Traçage de circuit	visuels	Schémas & technique	Plans & cotes	PUBLIER	published	2
/comparisongrid	Grille comparative	visuels	Schémas & technique	Explications visuelles	BROUILLON (reprise)	archived	2
/comparisonvisual	Comparatif technique	visuels	Schémas & technique	Explications visuelles	PUBLIER	published	2
/coveragezone	Zone de couverture	visuels	Schémas & technique	Flux & systèmes	BROUILLON (reprise)	archived	2
/crosssection	Coupe transversale	visuels	Schémas & technique	Structures & coupes	BROUILLON (reprise)	archived	2
/cutaway	Ouverture cutaway locale	visuels	Schémas & technique	Structures & coupes	BROUILLON (reprise)	archived	2
/datadiagram	Diagramme de données	visuels	Schémas & technique	Explications visuelles	BROUILLON (reprise)	archived	2
/datapipelinevisual	Pipeline de données	visuels	Schémas & technique	Flux & systèmes	BROUILLON (reprise)	archived	2
/digitaltwin	Jumeau numérique	visuels	Schémas & technique	Structures & coupes	PUBLIER	published	2
/dimensionview	Vue cotée	visuels	Schémas & technique	Plans & cotes	PUBLIER	published	2
/ecosystemmap	Carte d’écosystème	visuels	Schémas & technique	Explications visuelles	BROUILLON (reprise)	archived	2
/energypath	Chemin de l’énergie	visuels	Schémas & technique	Flux & systèmes	PUBLIER	published	2
/ergonomicreach	Zones d’atteinte ergonomique	visuels	Schémas & technique	Flux & systèmes	BROUILLON (reprise)	archived	2
/explodedassembly	Assemblage éclaté précis · Pièces et nomenclature	visuels	Schémas & technique	Structures & coupes	BROUILLON (nouvelle)	absente	0
/explodeview	Vue éclatée	visuels	Schémas & technique	Structures & coupes	PUBLIER	published	2
/eyetracking	Carte d’attention visuelle	visuels	Schémas & technique	Flux & systèmes	BROUILLON (reprise)	archived	2
/featurediagram	Fonctionnalités visualisées	visuels	Schémas & technique	Explications visuelles	BROUILLON (reprise)	archived	2
/floorplan	Plan espace	visuels	Schémas & technique	Plans & cotes	BROUILLON (reprise)	archived	2
/flowchartvisual	Organigramme de flux	visuels	Schémas & technique	Explications visuelles	BROUILLON (reprise)	archived	2
/geologycutaway	Coupe géologique	visuels	Schémas & technique	Structures & coupes	BROUILLON (reprise)	archived	2
/ghostview	Vue fantôme	visuels	Schémas & technique	Structures & coupes	BROUILLON (reprise)	archived	2
/infographic	Infographie claire	visuels	Schémas & technique	Explications visuelles	BROUILLON (reprise)	archived	2
/installationmap	Guide d’installation	visuels	Schémas & technique	Explications visuelles	BROUILLON (reprise)	archived	2
/instructionvisual	Notice visuelle	visuels	Schémas & technique	Explications visuelles	BROUILLON (reprise)	archived	2
/layerstack	Empilement des couches	visuels	Schémas & technique	Structures & coupes	BROUILLON (reprise)	archived	2
/lightsetup	Schéma d’éclairage photo	visuels	Schémas & technique	Flux & systèmes	PUBLIER	published	2
/maintenancevisual	Entretien illustré	visuels	Schémas & technique	Explications visuelles	BROUILLON (reprise)	archived	2
/mapvisual	Carte stylisée	visuels	Schémas & technique	Explications visuelles	BROUILLON (reprise)	archived	2
/materialscan	Scan des matières	visuels	Schémas & technique	Flux & systèmes	BROUILLON (reprise)	archived	2
/materialsection	Coupe de matière · Architecture des couches	visuels	Schémas & technique	Structures & coupes	BROUILLON (nouvelle)	absente	0
/mechanismcycle	Cycle du mécanisme	visuels	Schémas & technique	Structures & coupes	BROUILLON (reprise)	archived	2
/mechanismmotion	Mécanisme en mouvement · Trois positions	visuels	Schémas & technique	Structures & coupes	BROUILLON (nouvelle)	absente	0
/medicalillustration	Illustration médicale	visuels	Schémas & technique	Explications visuelles	BROUILLON (reprise)	archived	2
/networktopology	Topologie réseau	visuels	Schémas & technique	Flux & systèmes	BROUILLON (reprise)	archived	2
/neuralmachine	Réseau neuronal illustré · De l’entrée à la prédiction	visuels	Schémas & technique	Explications visuelles	BROUILLON (nouvelle)	absente	0
/orthographicboard	Planche de vues techniques · Coupe A–A	visuels	Schémas & technique	Plans & cotes	BROUILLON (nouvelle)	published	0
/packagingdieline	Aperçu de découpe packaging	visuels	Schémas & technique	Plans & cotes	BROUILLON (reprise)	archived	2
/partslabel	Pièces légendées	visuels	Schémas & technique	Structures & coupes	BROUILLON (reprise)	archived	2
/patentdrawing	Dessin brevet	visuels	Schémas & technique	Plans & cotes	PUBLIER	published	2
/pointcloud	Nuage de points 3D	visuels	Schémas & technique	Structures & coupes	PUBLIER	published	2
/processmap	Processus illustré · Flux en cinq étapes	visuels	Schémas & technique	Explications visuelles	BROUILLON (nouvelle)	absente	0
/processvisual	Processus visuel	visuels	Schémas & technique	Explications visuelles	BROUILLON (reprise)	archived	2
/reversecad	Reconstruction CAD conceptuelle	visuels	Schémas & technique	Structures & coupes	PUBLIER	published	2
/safetyvisual	Consignes de sécurité	visuels	Schémas & technique	Explications visuelles	BROUILLON (reprise)	archived	2
/schematic	Schéma simplifié	visuels	Schémas & technique	Explications visuelles	BROUILLON (reprise)	archived	2
/scientificplate	Planche scientifique	visuels	Schémas & technique	Explications visuelles	BROUILLON (reprise)	archived	2
/servicepoints	Points de maintenance	visuels	Schémas & technique	Flux & systèmes	PUBLIER	published	2
/shotboard	Storyboard de tournage	visuels	Schémas & technique	Explications visuelles	BROUILLON (reprise)	archived	2
/signalpath	Chemin du signal	visuels	Schémas & technique	Flux & systèmes	BROUILLON (reprise)	archived	2
/soundfield	Champ sonore	visuels	Schémas & technique	Flux & systèmes	BROUILLON (reprise)	archived	2
/specsheet	Fiche technique visuelle	visuels	Schémas & technique	Explications visuelles	BROUILLON (reprise)	archived	2
/stepdiagram	Étapes illustrées	visuels	Schémas & technique	Explications visuelles	BROUILLON (reprise)	archived	2
/stressmap	Carte de contraintes	visuels	Schémas & technique	Flux & systèmes	BROUILLON (reprise)	archived	2
/sunpath	Course du soleil	visuels	Schémas & technique	Flux & systèmes	BROUILLON (reprise)	archived	2
/thermalmap	Carte thermique	visuels	Schémas & technique	Flux & systèmes	PUBLIER	published	2
/timelinevisual	Frise chronologique visuelle	visuels	Schémas & technique	Explications visuelles	BROUILLON (reprise)	archived	2
/tolerancechain	Chaîne de tolérances	visuels	Schémas & technique	Plans & cotes	BROUILLON (reprise)	archived	2
/toolpath	Parcours d’outil	visuels	Schémas & technique	Plans & cotes	BROUILLON (reprise)	archived	2
/troubleshootvisual	Diagnostic visuel	visuels	Schémas & technique	Explications visuelles	BROUILLON (reprise)	archived	2
/weldmap	Carte des soudures	visuels	Schémas & technique	Plans & cotes	PUBLIER	published	2
/wireframe	Vue filaire	visuels	Schémas & technique	Structures & coupes	BROUILLON (reprise)	archived	2
/wiringroute	Parcours de câblage	visuels	Schémas & technique	Plans & cotes	BROUILLON (reprise)	archived	2
/xray	Vue X-ray	visuels	Schémas & technique	Structures & coupes	PUBLIER	published	2
/1950sstudio	Studio années 1950	-	-	-	ARCHIVER (hors_selection)	published	0
/1960smod	Portrait années 1960	-	-	-	ARCHIVER (hors_selection)	published	0
/1970soul	Portrait années 1970	-	-	-	ARCHIVER (hors_selection)	published	0
/1980sstudio	Studio années 1980	-	-	-	ARCHIVER (hors_selection)	published	0
/1990sflash	Flash années 1990	-	-	-	ARCHIVER (hors_selection)	published	0
/abidjancomicworld	La cour façon Aya	-	-	-	ARCHIVER (hors_selection)	published	0
/abidjancomicworld	La bande du quartier	-	-	-	ARCHIVER (hors_selection)	published	0
/abidjancomicworld	Le kiosque du futur	-	-	-	ARCHIVER (hors_selection)	published	0
/abidjandance	Coupé-décalé en studio	-	-	-	ARCHIVER (hors_selection)	published	0
/abidjandance	Répétition au miroir	-	-	-	ARCHIVER (hors_selection)	published	0
/abidjandance	Zouglou en cercle	-	-	-	ARCHIVER (hors_selection)	published	0
/abstractart	Composition abstraite - Op art	-	-	-	ARCHIVER (hors_selection)	published	0
/abstractart	Composition abstraite - Bauhaus	-	-	-	ARCHIVER (hors_selection)	published	0
/abstractart	Composition abstraite - Expression gestuelle	-	-	-	ARCHIVER (hors_selection)	published	0
/abstractwallpaper	Fond abstrait - Soie numérique	-	-	-	ARCHIVER (hors_selection)	published	0
/abstractwallpaper	Fond abstrait - Verre liquide	-	-	-	ARCHIVER (hors_selection)	published	0
/acceptancecriteria	Critères d'acceptation	-	-	-	ARCHIVER (regroupee)	archived	0
/accessoryfit	Essayer un accessoire - Chapeau	-	-	-	ARCHIVER (hors_selection)	published	0
/accessoryfit	Essayer un accessoire - Bijoux	-	-	-	ARCHIVER (hors_selection)	published	0
/accessoryfit	Essayer un accessoire - Lunettes	-	-	-	ARCHIVER (hors_selection)	published	0
/accessorytryon	Essayage accessoires	-	-	-	ARCHIVER (hors_selection)	archived	0
/accountingcoach	Assistant comptable - Écriture guidée	-	-	-	ARCHIVER (regroupee)	published	0
/acrylicpedestal	Piédestal acrylique	-	-	-	ARCHIVER (hors_selection)	published	0
/actionfigure	Figurine de collection - Boîte collector	-	-	-	ARCHIVER (regroupee)	published	0
/actionfigure	Figurine de collection - Figurine vinyle	-	-	-	ARCHIVER (regroupee)	published	0
/actionfigure	Figurine de collection - Blister métier	-	-	-	ARCHIVER (regroupee)	published	0
/actionhero	Héros d’action	-	-	-	ARCHIVER (hors_selection)	published	0
/adcopy	Laboratoire publicitaire	-	-	-	ARCHIVER (regroupee)	archived	0
/adcreative	Visuel publicitaire - Métaphore visuelle	-	-	-	ARCHIVER (regroupee)	published	0
/adcreative	Visuel publicitaire - Problème solution	-	-	-	ARCHIVER (regroupee)	published	0
/adcreative	Visuel publicitaire - Produit héro	-	-	-	ARCHIVER (regroupee)	published	0
/adcreative	Visuel publicitaire - Publicité UGC	-	-	-	ARCHIVER (regroupee)	published	0
/addobject	Insérer un objet - Insertion naturelle	-	-	-	ARCHIVER (hors_selection)	published	0
/addobject	Insérer un objet - Remplacement ciblé	-	-	-	ARCHIVER (hors_selection)	published	0
/addobject	Insérer un objet - Extension de décor	-	-	-	ARCHIVER (hors_selection)	published	0
/adinkrapack	Packaging adinkra	-	-	-	ARCHIVER (hors_selection)	published	0
/adminrequest	Demande administrative - Lettre de demande	-	-	-	ARCHIVER (hors_selection)	published	0
/adminrequest	Demande administrative - Dossier de pièces	-	-	-	ARCHIVER (hors_selection)	published	0
/adscript	Script publicitaire - Vidéo 30 secondes	-	-	-	ARCHIVER (regroupee)	published	0
/adultingposter	Le boss des lessives	-	-	-	ARCHIVER (hors_selection)	published	0
/adultingposter	Le frigo du dimanche	-	-	-	ARCHIVER (hors_selection)	published	0
/adultingposter	La réunion avec soi	-	-	-	ARCHIVER (hors_selection)	published	0
/adventuregame	Aventure à choix - Voyage interactif	-	-	-	ARCHIVER (regroupee)	published	0
/adventureportrait	Portrait aventure - Camp de montagne	-	-	-	ARCHIVER (hors_selection)	published	0
/adventureportrait	Portrait aventure - Randonnée documentaire	-	-	-	ARCHIVER (hors_selection)	published	0
/affiche-mission	Mission imprévue	-	-	-	ARCHIVER (hors_selection)	published	0
/africanart	Art contemporain africain - Collage textile	-	-	-	ARCHIVER (hors_selection)	published	0
/africanart	Art contemporain africain - Relief tissé	-	-	-	ARCHIVER (hors_selection)	published	0
/africanart	Art contemporain africain - Abstraction urbaine	-	-	-	ARCHIVER (hors_selection)	published	0
/africancapitalportrait	Capitale africaine	-	-	-	ARCHIVER (hors_selection)	published	0
/africancitycut	Dakar face au vent	-	-	-	ARCHIVER (hors_selection)	published	0
/africancitycut	Lagos en couleurs	-	-	-	ARCHIVER (hors_selection)	published	0
/africancitycut	Accra sur le toit	-	-	-	ARCHIVER (hors_selection)	published	0
/africanmodernism	Modernisme africain	-	-	-	ARCHIVER (hors_selection)	published	0
/africanvoices	Voix africaines simulées - Penseur africain	-	-	-	ARCHIVER (regroupee)	published	0
/africatravel	Voyage africain - Assinie plage	-	-	-	ARCHIVER (hors_selection)	published	0
/africatravel	Voyage africain - Zanzibar rivage	-	-	-	ARCHIVER (hors_selection)	published	0
/africatravel	Voyage africain - Abidjan lagune	-	-	-	ARCHIVER (hors_selection)	published	0
/africatravel	Voyage africain - Marrakech patio	-	-	-	ARCHIVER (hors_selection)	published	0
/afroatelier	Métal et tissage	-	-	-	ARCHIVER (hors_selection)	published	0
/afroatelier	Indigo au seuil	-	-	-	ARCHIVER (hors_selection)	published	0
/afroatelier	La couture visible	-	-	-	ARCHIVER (hors_selection)	published	0
/afrofuturistobject	Artefact afrofuturiste	-	-	-	ARCHIVER (hors_selection)	published	0
/afroshape	Forme afro	-	-	-	ARCHIVER (hors_selection)	published	0
/ageportrait	Projection d'âge - Enfance imaginaire	-	-	-	ARCHIVER (hors_selection)	published	0
/ageportrait	Projection d'âge - Version âgée	-	-	-	ARCHIVER (hors_selection)	published	0
/ageportrait	Projection d'âge - Triptyque des âges	-	-	-	ARCHIVER (hors_selection)	published	0
/agerewind	Rajeunissement narratif	-	-	-	ARCHIVER (hors_selection)	published	0
/airflowvisual	Circulation de l’air	-	-	-	ARCHIVER (hors_selection)	published	0
/albumcover	Pochette d’album	-	-	-	ARCHIVER (hors_selection)	published	0
/alibi	L’alibi impossible	-	-	-	ARCHIVER (regroupee)	archived	0
/althistory	Simulation historique alternative - Scénario politique fictif	-	-	-	ARCHIVER (regroupee)	published	0
/amazighheritage	Portrait amazigh	-	-	-	ARCHIVER (hors_selection)	published	0
/americatravel	Voyage américain - Havana rue	-	-	-	ARCHIVER (hors_selection)	published	0
/americatravel	Voyage américain - Rio belvédère	-	-	-	ARCHIVER (hors_selection)	published	0
/americatravel	Voyage américain - New York rooftop	-	-	-	ARCHIVER (hors_selection)	published	0
/anaglyphe	Décalage anaglyphe	-	-	-	ARCHIVER (hors_selection)	draft	0
/analogafternoon	Studio 1978 couleur	-	-	-	ARCHIVER (hors_selection)	published	0
/analogafternoon	Studio 1965	-	-	-	ARCHIVER (hors_selection)	published	0
/analogafternoon	Photo de quartier 1996	-	-	-	ARCHIVER (hors_selection)	published	0
/analogy	L’analogie utile	-	-	-	ARCHIVER (regroupee)	archived	0
/anatomyview	Anatomie pédagogique - Coupe simplifiée	-	-	-	ARCHIVER (regroupee)	published	0
/anatomyview	Anatomie pédagogique - Planche légendée	-	-	-	ARCHIVER (regroupee)	published	0
/ancestorportrait	Ancêtre imaginaire - Archive réinventée	-	-	-	ARCHIVER (hors_selection)	published	0
/ancestorportrait	Ancêtre imaginaire	-	-	-	ARCHIVER (hors_selection)	published	0
/ancestorportrait	Ancêtre imaginaire - Portrait de cour	-	-	-	ARCHIVER (hors_selection)	published	0
/androgynouslook	Look androgyne	-	-	-	ARCHIVER (hors_selection)	published	0
/angelordemon	Ange, démon ou hybride	-	-	-	ARCHIVER (hors_selection)	published	0
/animal-astronaute	Animal astronaute	-	-	-	ARCHIVER (hors_selection)	draft	0
/animaltotem	Votre animal totem	-	-	-	ARCHIVER (hors_selection)	published	0
/animatedroomscene	Pièce envahie par l'animation - Dessins vivants	-	-	-	ARCHIVER (hors_selection)	published	0
/animatedroomscene	Pièce envahie par l'animation - Créatures lumineuses	-	-	-	ARCHIVER (hors_selection)	published	0
/animatedroomscene	Pièce envahie par l'animation - Jouets animés	-	-	-	ARCHIVER (hors_selection)	published	0
/animationguest	Le compagnon Angry Birds	-	-	-	ARCHIVER (hors_selection)	published	0
/animationguest	Pause avec un minion	-	-	-	ARCHIVER (hors_selection)	published	0
/animationguest	Le voisin Totoro	-	-	-	ARCHIVER (hors_selection)	published	0
/animecityportrait	Portrait dans une ville animée - Quartier pastel	-	-	-	ARCHIVER (regroupee)	published	0
/animecityportrait	Portrait dans une ville animée - Toit urbain	-	-	-	ARCHIVER (regroupee)	published	0
/animeportrait	Portrait anime - Style Sailor Moon	-	-	-	ARCHIVER (regroupee)	published	0
/animeportrait	Portrait anime - Style Dragon Ball	-	-	-	ARCHIVER (regroupee)	published	0
/animeportrait	Portrait anime - Style Naruto	-	-	-	ARCHIVER (regroupee)	published	0
/animeportrait	Portrait anime - Anime cinéma	-	-	-	ARCHIVER (regroupee)	published	0
/animewallpaper	Fond anime - Train au crépuscule	-	-	-	ARCHIVER (hors_selection)	published	0
/animewallpaper	Fond anime - Ville sous pluie	-	-	-	ARCHIVER (hors_selection)	published	0
/anniversaryportrait	Anniversaire de couple	-	-	-	ARCHIVER (hors_selection)	published	0
/annotation-rouge	Annotations au crayon rouge	-	-	-	ARCHIVER (hors_selection)	published	0
/anti-brief	L’anti-brief	-	-	-	ARCHIVER (regroupee)	archived	0
/anti-jargon	Détecteur de jargon	-	-	-	ARCHIVER (hors_selection)	archived	0
/aodai	Portrait en áo dài	-	-	-	ARCHIVER (hors_selection)	published	0
/apioutline	Spécifier une API	-	-	-	ARCHIVER (regroupee)	archived	0
/applicationkit	Préparer une candidature	-	-	-	ARCHIVER (regroupee)	archived	0
/appstorecreative	Visuel App Store	-	-	-	ARCHIVER (hors_selection)	archived	0
/aquarelle-portrait	Portrait aquarelle	-	-	-	ARCHIVER (hors_selection)	published	0
/aquaticclose	L'œil sous la surface	-	-	-	ARCHIVER (hors_selection)	published	0
/aquaticclose	Le verre entre nous	-	-	-	ARCHIVER (hors_selection)	published	0
/aquaticclose	La piscine miroir	-	-	-	ARCHIVER (hors_selection)	published	0
/architecturalrender	Rendu architectural	-	-	-	ARCHIVER (hors_selection)	archived	0
/archiviste-futur	L’archiviste du futur	-	-	-	ARCHIVER (regroupee)	archived	0
/articlesummary	Résumer un article - Lecture rapide	-	-	-	ARCHIVER (regroupee)	published	0
/articlesummary	Résumer un article - Angles contradictoires	-	-	-	ARCHIVER (regroupee)	published	0
/artisanproductstory	Produit et geste artisanal	-	-	-	ARCHIVER (hors_selection)	published	0
/artnouveauobject	Affiche Art nouveau	-	-	-	ARCHIVER (hors_selection)	published	0
/artnouveauportrait	Portrait Art nouveau	-	-	-	ARCHIVER (hors_selection)	published	0
/asiatravel	Voyage asiatique - Bali terrasse	-	-	-	ARCHIVER (hors_selection)	published	0
/asiatravel	Voyage asiatique - Tokyo nocturne	-	-	-	ARCHIVER (hors_selection)	published	0
/asiatravel	Voyage asiatique - Séoul urbaine	-	-	-	ARCHIVER (hors_selection)	published	0
/assembly	Guide de montage - Séquence éclatée	-	-	-	ARCHIVER (regroupee)	published	0
/assembly	Guide de montage - Pièces repérées	-	-	-	ARCHIVER (regroupee)	published	0
/assessment	Créer une évaluation et son corrigé	-	-	-	ARCHIVER (regroupee)	archived	0
/assumptionaudit	Tester les hypothèses d’un projet	-	-	-	ARCHIVER (regroupee)	archived	0
/attentioncontract	Le créneau protégé	-	-	-	ARCHIVER (regroupee)	published	0
/attentioncontract	La reprise sans culpabilité	-	-	-	ARCHIVER (regroupee)	published	0
/attentioncontract	Le téléphone hors boucle	-	-	-	ARCHIVER (regroupee)	published	0
/attieketable	Table lagunaire	-	-	-	ARCHIVER (hors_selection)	published	0
/attieketable	Attiéké en strates	-	-	-	ARCHIVER (hors_selection)	published	0
/attieketable	Le geste du service	-	-	-	ARCHIVER (hors_selection)	published	0
/aubergiste	L’auberge des histoires	-	-	-	ARCHIVER (regroupee)	archived	0
/audienceadapt	Adapter à un public - Direction	-	-	-	ARCHIVER (regroupee)	published	0
/auraportraitqcm	Portrait d’aura	-	-	-	ARCHIVER (hors_selection)	published	0
/aurore	Voile d’aurore	-	-	-	ARCHIVER (hors_selection)	published	0
/authorportrait	Portrait d’auteur	-	-	-	ARCHIVER (hors_selection)	published	0
/avocat-du-diable	Avocat du diable	-	-	-	ARCHIVER (regroupee)	archived	0
/awardnight	Soirée de récompense	-	-	-	ARCHIVER (hors_selection)	published	0
/backgroundclean	Fond nettoyé	-	-	-	ARCHIVER (hors_selection)	published	0
/backlogtriage	Triage backlog	-	-	-	ARCHIVER (regroupee)	archived	0
/backstageeditorial	Portrait en coulisses - Loge miroir	-	-	-	ARCHIVER (hors_selection)	published	0
/backstageeditorial	Portrait en coulisses - Avant la scène	-	-	-	ARCHIVER (hors_selection)	published	0
/backstageeditorial	Portrait en coulisses - Après le spectacle	-	-	-	ARCHIVER (hors_selection)	published	0
/bagmockup	Mockup sac	-	-	-	ARCHIVER (hors_selection)	archived	0
/balancesheetreview	Analyse du bilan	-	-	-	ARCHIVER (regroupee)	archived	0
/balloonproduct	Produit ballon	-	-	-	ARCHIVER (hors_selection)	draft	0
/bambaraheritage	Portrait bambara	-	-	-	ARCHIVER (hors_selection)	published	0
/bamilekeheritage	Portrait bamiléké	-	-	-	ARCHIVER (hors_selection)	published	0
/bankingcampaignportrait	Portrait de campagne bancaire - Projet familial	-	-	-	ARCHIVER (hors_selection)	published	0
/bankingcampaignportrait	Portrait de campagne bancaire - Entrepreneur accompagné	-	-	-	ARCHIVER (hors_selection)	published	0
/bankingcampaignportrait	Portrait de campagne bancaire - Jeune actif	-	-	-	ARCHIVER (hors_selection)	published	0
/baouleheritage	Élégance baoulé	-	-	-	ARCHIVER (hors_selection)	published	0
/baroquedrama	Baroque dramatique	-	-	-	ARCHIVER (hors_selection)	published	0
/basketrypack	Packaging vannerie	-	-	-	ARCHIVER (hors_selection)	published	0
/bassamweekend	La galerie de Bassam	-	-	-	ARCHIVER (hors_selection)	published	0
/bassamweekend	Le carnet de route	-	-	-	ARCHIVER (hors_selection)	published	0
/bassamweekend	Assinie au calme	-	-	-	ARCHIVER (hors_selection)	published	0
/bathroomlifestyle	Scène de salle de bain	-	-	-	ARCHIVER (hors_selection)	published	0
/bathroomredesign	Réaménager une salle de bain	-	-	-	ARCHIVER (hors_selection)	archived	0
/batmandialogue	Batman, stratège nocturne — Plan de mission	-	-	-	ARCHIVER (regroupee)	published	0
/bauhausobject	Affiche Bauhaus	-	-	-	ARCHIVER (hors_selection)	published	0
/bauhausportrait	Portrait Bauhaus	-	-	-	ARCHIVER (hors_selection)	published	0
/beachportrait	Portrait de plage - Éditorial parasol	-	-	-	ARCHIVER (hors_selection)	published	0
/beachportrait	Portrait de plage - Lumière d'aube	-	-	-	ARCHIVER (hors_selection)	published	0
/beamcut	Le quadrillage discret	-	-	-	ARCHIVER (hors_selection)	published	0
/beamcut	La fente dorée	-	-	-	ARCHIVER (hors_selection)	published	0
/beamcut	Le cercle de scène	-	-	-	ARCHIVER (hors_selection)	published	0
/beardstyle	Essayer une barbe - Moustache rétro	-	-	-	ARCHIVER (regroupee)	published	0
/beardstyle	Essayer une barbe - Rasage propre	-	-	-	ARCHIVER (regroupee)	published	0
/beardstyle	Essayer une barbe - Barbe sculptée	-	-	-	ARCHIVER (regroupee)	published	0
/beautyboard	Planche maquillage - Trois palettes	-	-	-	ARCHIVER (hors_selection)	published	0
/beautyboard	Planche maquillage - Jour et soir	-	-	-	ARCHIVER (hors_selection)	published	0
/beautynegative	La ligne de gloss	-	-	-	ARCHIVER (hors_selection)	published	0
/beautynegative	L'œil et l'ombre	-	-	-	ARCHIVER (hors_selection)	published	0
/beautynegative	La raie lumière	-	-	-	ARCHIVER (hors_selection)	published	0
/beautyproduct	Photo cosmétique - Texture crème	-	-	-	ARCHIVER (hors_selection)	published	0
/beautyproduct	Photo cosmétique - Sérum laboratoire	-	-	-	ARCHIVER (hors_selection)	published	0
/beautyproduct	Photo cosmétique - Parfum minéral	-	-	-	ARCHIVER (hors_selection)	published	0
/beautyproductcampaign	Campagne produit beauté - Crème minérale	-	-	-	ARCHIVER (hors_selection)	published	0
/beautyproductcampaign	Campagne produit beauté - Sérum et eau	-	-	-	ARCHIVER (hors_selection)	published	0
/beautyproductcampaign	Campagne produit beauté - Maquillage couleur	-	-	-	ARCHIVER (hors_selection)	published	0
/bedroom	Aménager une chambre - Hôtel serein	-	-	-	ARCHIVER (hors_selection)	published	0
/bedroom	Aménager une chambre - Petit espace	-	-	-	ARCHIVER (hors_selection)	published	0
/bedroomredesign	Réaménager une chambre	-	-	-	ARCHIVER (hors_selection)	archived	0
/beforeafterad	Démonstration avant après - Processus en trois images	-	-	-	ARCHIVER (regroupee)	published	0
/beforeafterad	Démonstration avant après - Comparaison honnête	-	-	-	ARCHIVER (regroupee)	published	0
/benefitmetaphor	Le choix éclairé	-	-	-	ARCHIVER (hors_selection)	published	0
/benefitmetaphor	La simplicité en un geste	-	-	-	ARCHIVER (hors_selection)	published	0
/benefitmetaphor	Le problème rapetisse	-	-	-	ARCHIVER (hors_selection)	published	0
/beveragecampaign	Campagne boisson - Table de fête	-	-	-	ARCHIVER (hors_selection)	published	0
/beveragecampaign	Campagne boisson - Saveur fruit	-	-	-	ARCHIVER (hors_selection)	published	0
/beveragecampaign	Campagne boisson - Fraîcheur extrême	-	-	-	ARCHIVER (hors_selection)	published	0
/billboard	Mockup affichage - Abribus	-	-	-	ARCHIVER (hors_selection)	published	0
/billboard	Mockup affichage - Façade anamorphique	-	-	-	ARCHIVER (hors_selection)	published	0
/billboard	Panneau publicitaire	-	-	-	ARCHIVER (hors_selection)	published	0
/billboard	Mockup affichage - Grand panneau	-	-	-	ARCHIVER (hors_selection)	published	0
/billboardescape	Sortir d'une affiche — Affiche urbaine	-	-	-	ARCHIVER (regroupee)	published	0
/biomaterialfinish	Biomatière	-	-	-	ARCHIVER (hors_selection)	published	0
/biopicposter	Affiche de biopic	-	-	-	ARCHIVER (hors_selection)	published	0
/birthcard	Annonce de naissance - Carte typographique	-	-	-	ARCHIVER (hors_selection)	published	0
/birthcard	Annonce de naissance - Souvenir photo	-	-	-	ARCHIVER (hors_selection)	published	0
/birthday	Célébrer un anniversaire - Portrait gâteau	-	-	-	ARCHIVER (hors_selection)	published	0
/birthday	Célébrer un anniversaire - Affiche anniversaire	-	-	-	ARCHIVER (hors_selection)	published	0
/birthday	Célébrer un anniversaire - Mini studio ballon	-	-	-	ARCHIVER (hors_selection)	published	0
/birthdaydecor	Décoration anniversaire	-	-	-	ARCHIVER (hors_selection)	archived	0
/birthdayinvite	Invitation anniversaire - Carte illustrée	-	-	-	ARCHIVER (hors_selection)	published	0
/birthdayinvite	Invitation anniversaire - Photo et typographie	-	-	-	ARCHIVER (hors_selection)	published	0
/blackvelvet	Velours noir	-	-	-	ARCHIVER (hors_selection)	published	0
/blemishremove	Retouches localisées	-	-	-	ARCHIVER (hors_selection)	archived	0
/blockbustermoment	Moment de blockbuster - Évacuation urbaine	-	-	-	ARCHIVER (hors_selection)	published	0
/blockbustermoment	Moment de blockbuster - Sauvetage aérien	-	-	-	ARCHIVER (hors_selection)	published	0
/blockbustermoment	Moment de blockbuster - Course et explosion	-	-	-	ARCHIVER (hors_selection)	published	0
/blogoutline	Plan article	-	-	-	ARCHIVER (regroupee)	archived	0
/blogpost	Rédiger un article ou une tribune	-	-	-	ARCHIVER (regroupee)	archived	0
/bluehourportrait	Heure bleue	-	-	-	ARCHIVER (hors_selection)	published	0
/blueprint	Plan illustratif - Plan bleu	-	-	-	ARCHIVER (regroupee)	published	0
/blueprint	Plan illustratif - Plan isométrique	-	-	-	ARCHIVER (regroupee)	published	0
/blueprint	Plan illustratif - Plan blanc	-	-	-	ARCHIVER (regroupee)	published	0
/boardgame-lab	Atelier jeu de société	-	-	-	ARCHIVER (regroupee)	archived	0
/boardmemo	Note au conseil	-	-	-	ARCHIVER (regroupee)	archived	0
/boboheritage	Portrait bobo	-	-	-	ARCHIVER (hors_selection)	published	0
/bogolanpack	Packaging bogolan	-	-	-	ARCHIVER (hors_selection)	published	0
/bookconcept	L'objet révélateur	-	-	-	ARCHIVER (hors_selection)	published	0
/bookconcept	La lettre en scène	-	-	-	ARCHIVER (hors_selection)	published	0
/bookconcept	Le paysage découpé	-	-	-	ARCHIVER (hors_selection)	published	0
/bookcover	Couverture de livre - Essai pro	-	-	-	ARCHIVER (regroupee)	published	0
/bookcover	Couverture de livre - Roman littéraire	-	-	-	ARCHIVER (regroupee)	published	0
/bookcover	Couverture de livre	-	-	-	ARCHIVER (regroupee)	archived	0
/bookmockup	Livre en situation - Livre sur table	-	-	-	ARCHIVER (hors_selection)	published	0
/bookmockup	Livre en situation - Livre tenu	-	-	-	ARCHIVER (hors_selection)	published	0
/botanicalobject	Objet végétal	-	-	-	ARCHIVER (hors_selection)	draft	0
/botanicalplate	Planche botanique	-	-	-	ARCHIVER (hors_selection)	published	0
/bottlelabel	Étiquette bouteille	-	-	-	ARCHIVER (hors_selection)	published	0
/bottlemockup	Mockup bouteille	-	-	-	ARCHIVER (hors_selection)	archived	0
/boxmockup	Boîte personnalisée	-	-	-	ARCHIVER (hors_selection)	published	0
/braingame	Défi intellectuel - Mémoire	-	-	-	ARCHIVER (regroupee)	published	0
/braingame	Défi intellectuel - Calcul mental	-	-	-	ARCHIVER (regroupee)	published	0
/brainstorm	Brainstorm structuré	-	-	-	ARCHIVER (hors_selection)	archived	0
/brandboard	Planche de marque - Identité tactile	-	-	-	ARCHIVER (regroupee)	published	0
/brandmascot	Mascotte de marque	-	-	-	ARCHIVER (hors_selection)	archived	0
/brandmascot	Mascotte de marque - Mascotte 3D	-	-	-	ARCHIVER (hors_selection)	published	0
/brandmascot	Mascotte de marque - Mascotte papier	-	-	-	ARCHIVER (hors_selection)	published	0
/brandmascot	Mascotte de marque - Mascotte flat	-	-	-	ARCHIVER (hors_selection)	published	0
/brandmascotencounter	Rencontre avec une mascotte de marque - Mascotte en événement	-	-	-	ARCHIVER (hors_selection)	published	0
/brandmascotencounter	Rencontre avec une mascotte de marque - Mascotte en boutique	-	-	-	ARCHIVER (hors_selection)	published	0
/brandmascotencounter	Rencontre avec une mascotte de marque - Mascotte en studio	-	-	-	ARCHIVER (hors_selection)	published	0
/brandmascotobject	Objet mascotte	-	-	-	ARCHIVER (hors_selection)	published	0
/brandmaterial	Terre et lumière	-	-	-	ARCHIVER (hors_selection)	published	0
/brandmaterial	Métal et mandarine	-	-	-	ARCHIVER (hors_selection)	published	0
/brandmaterial	Papier et cobalt	-	-	-	ARCHIVER (hors_selection)	published	0
/brandstory	Récit de marque - Récit fondateur	-	-	-	ARCHIVER (regroupee)	published	0
/brandstory	Raconter une marque	-	-	-	ARCHIVER (regroupee)	archived	0
/brandvoice	Définir une voix de marque	-	-	-	ARCHIVER (regroupee)	archived	0
/brandworld	Univers de marque - Météo de marque	-	-	-	ARCHIVER (hors_selection)	published	0
/brandworld	Univers de marque - Ville produit	-	-	-	ARCHIVER (hors_selection)	published	0
/brandworld	Univers de marque - Musée miniature	-	-	-	ARCHIVER (hors_selection)	published	0
/brandworld	Un univers de marque	-	-	-	ARCHIVER (hors_selection)	published	0
/break_even	Seuil de rentabilité	-	-	-	ARCHIVER (regroupee)	archived	0
/breakingframe	La laverie verte	-	-	-	ARCHIVER (hors_selection)	published	0
/breakingframe	Le canapé du laboratoire	-	-	-	ARCHIVER (hors_selection)	published	0
/breakingframe	Le camping-car au désert	-	-	-	ARCHIVER (hors_selection)	published	0
/bridalbeauty	Beauté de cérémonie	-	-	-	ARCHIVER (hors_selection)	published	0
/briefanalyse	Analyse brief	-	-	-	ARCHIVER (regroupee)	archived	0
/brochurecover	Couverture brochure	-	-	-	ARCHIVER (hors_selection)	archived	0
/budget	Construire un budget - Budget prévisionnel	-	-	-	ARCHIVER (regroupee)	published	0
/budget	Construire un budget - Budget versus réel	-	-	-	ARCHIVER (regroupee)	published	0
/budgetplan	Construire et suivre un budget	-	-	-	ARCHIVER (regroupee)	archived	0
/budgetvariance	Analyse des écarts budgétaires	-	-	-	ARCHIVER (regroupee)	archived	0
/bugreport	Rapport de bug	-	-	-	ARCHIVER (regroupee)	archived	0
/buildingconcept	Concept architectural - Bioclimatique	-	-	-	ARCHIVER (hors_selection)	published	0
/buildingconcept	Concept architectural - Pavillon culturel	-	-	-	ARCHIVER (hors_selection)	published	0
/bundlemockup	Bundle produit	-	-	-	ARCHIVER (hors_selection)	archived	0
/bundleoffer	Offre groupée	-	-	-	ARCHIVER (hors_selection)	published	0
/businesscover	Business - référence Forbes	-	-	-	ARCHIVER (hors_selection)	published	0
/businesscover	Couverture business fictive - Fortune inspiré	-	-	-	ARCHIVER (hors_selection)	published	0
/businesscover	Couverture business fictive - Forbes inspiré	-	-	-	ARCHIVER (hors_selection)	published	0
/businesscover	Couverture business fictive - Magazine fondateur	-	-	-	ARCHIVER (hors_selection)	published	0
/businessgame	Simulation d'entreprise - Startup runway	-	-	-	ARCHIVER (regroupee)	published	0
/businessgame	Simulation d'entreprise - Boutique 30 jours	-	-	-	ARCHIVER (regroupee)	published	0
/businesslook	Tenue professionnelle - Smart casual	-	-	-	ARCHIVER (hors_selection)	published	0
/businesslook	Tenue professionnelle - Costume créateur	-	-	-	ARCHIVER (hors_selection)	published	0
/businessmentor	Mentor entreprise - Solopreneur	-	-	-	ARCHIVER (regroupee)	published	0
/businessmentor	Mentor entreprise - Validation terrain	-	-	-	ARCHIVER (regroupee)	published	0
/businessmodel	Définir un modèle économique	-	-	-	ARCHIVER (regroupee)	archived	0
/businessplan	Business plan - Plan investisseur	-	-	-	ARCHIVER (regroupee)	published	0
/businessplan	Construire un business plan	-	-	-	ARCHIVER (regroupee)	archived	0
/businessplan	Business plan - Modèle financier	-	-	-	ARCHIVER (regroupee)	published	0
/bustportrait	Plan poitrine	-	-	-	ARCHIVER (hors_selection)	published	0
/butterflylighting	Éclairage papillon	-	-	-	ARCHIVER (hors_selection)	published	0
/cafe-meteorite	Café météorite	-	-	-	ARCHIVER (hors_selection)	draft	0
/calabashpack	Coffret calebasse	-	-	-	ARCHIVER (hors_selection)	published	0
/calendarvisual	Événement dans un calendrier - Compte à rebours anniversaire	-	-	-	ARCHIVER (hors_selection)	published	0
/calendarvisual	Événement dans un calendrier - Calendrier de lancement	-	-	-	ARCHIVER (hors_selection)	published	0
/calendarvisual	Événement dans un calendrier - Semaine créative	-	-	-	ARCHIVER (hors_selection)	published	0
/calendarwallpaper	Fond calendrier - Calendrier mensuel	-	-	-	ARCHIVER (hors_selection)	published	0
/calendarwallpaper	Fond calendrier - Agenda visuel	-	-	-	ARCHIVER (hors_selection)	published	0
/calligraphy	Calligraphie - Plume classique	-	-	-	ARCHIVER (hors_selection)	published	0
/calligraphy	Calligraphie - Brush lettering	-	-	-	ARCHIVER (hors_selection)	published	0
/calligraphyportrait	Portrait et calligraphie - Initiale graphique	-	-	-	ARCHIVER (hors_selection)	published	0
/calligraphyportrait	Portrait et calligraphie - Mot couronne	-	-	-	ARCHIVER (hors_selection)	published	0
/calligraphyportrait	Portrait et calligraphie - Phrase en fond	-	-	-	ARCHIVER (hors_selection)	published	0
/campaignbillboard	Portrait sur panneau	-	-	-	ARCHIVER (hors_selection)	published	0
/campaignbrief	Brief de campagne	-	-	-	ARCHIVER (regroupee)	archived	0
/campusescape	Le badge oublié	-	-	-	ARCHIVER (regroupee)	published	0
/campusescape	Le dernier rendu	-	-	-	ARCHIVER (regroupee)	published	0
/campusnight	Le dancefloor graphique	-	-	-	ARCHIVER (hors_selection)	published	0
/campusnight	Le billet géant	-	-	-	ARCHIVER (hors_selection)	published	0
/campusnight	La date en lumière	-	-	-	ARCHIVER (hors_selection)	published	0
/candidchaos	Chaos, mais avec style	-	-	-	ARCHIVER (hors_selection)	published	0
/candyobject	Objet bonbon	-	-	-	ARCHIVER (hors_selection)	draft	0
/canmockup	Canette publicitaire	-	-	-	ARCHIVER (hors_selection)	published	0
/capexplan	Évaluer un investissement d’entreprise	-	-	-	ARCHIVER (regroupee)	archived	0
/capsulelook	Capsule personnelle	-	-	-	ARCHIVER (hors_selection)	published	0
/captchamirror	Miroir façon CAPTCHA - Miroir quadrillé	-	-	-	ARCHIVER (hors_selection)	published	0
/captchamirror	Miroir façon CAPTCHA - Vitrine puzzle	-	-	-	ARCHIVER (hors_selection)	published	0
/careerarchetype	Archétype de carrière	-	-	-	ARCHIVER (hors_selection)	draft	0
/careercompass	Le point de départ RIASEC	-	-	-	ARCHIVER (regroupee)	published	0
/careercompass	Lire son profil officiel	-	-	-	ARCHIVER (regroupee)	published	0
/careercompass	Le test terrain	-	-	-	ARCHIVER (regroupee)	published	0
/careerplan	Construire un plan de progression professionnelle	-	-	-	ARCHIVER (hors_selection)	archived	0
/careerposter	Affiche de carrière - Parcours en trois étapes	-	-	-	ARCHIVER (hors_selection)	published	0
/careerposter	Affiche de carrière - Une expertise	-	-	-	ARCHIVER (hors_selection)	published	0
/caribbeanstyle	Style Amériques et Caraïbes - Carnaval éditorial	-	-	-	ARCHIVER (hors_selection)	published	0
/caribbeanstyle	Style Amériques et Caraïbes - Havana cinéma	-	-	-	ARCHIVER (hors_selection)	published	0
/caribbeanstyle	Style Amériques et Caraïbes - Andes textile	-	-	-	ARCHIVER (hors_selection)	published	0
/carnet-voyage	Carnet de voyage	-	-	-	ARCHIVER (hors_selection)	published	0
/carouselcover	Cover carousel	-	-	-	ARCHIVER (hors_selection)	archived	0
/carouseltext	Texte de carrousel - Carrousel pédagogique	-	-	-	ARCHIVER (regroupee)	published	0
/carouseltext	Texte de carrousel	-	-	-	ARCHIVER (regroupee)	archived	0
/carshot	Photo automobile - Studio tunnel	-	-	-	ARCHIVER (hors_selection)	published	0
/carshot	Photo automobile - Route cinéma	-	-	-	ARCHIVER (hors_selection)	published	0
/carshot	Photo automobile - Détail premium	-	-	-	ARCHIVER (hors_selection)	published	0
/carte-manuscrite	Carte manuscrite	-	-	-	ARCHIVER (hors_selection)	published	0
/cartoonportrait	Portrait cartoon - Cartoon rétro	-	-	-	ARCHIVER (hors_selection)	published	0
/cartoonportrait	Portrait cartoon - Animation 3D familiale	-	-	-	ARCHIVER (hors_selection)	published	0
/cartoonportrait	Portrait cartoon - Style Simpsons	-	-	-	ARCHIVER (hors_selection)	published	0
/case_study	Valoriser un résultat client réel	-	-	-	ARCHIVER (regroupee)	archived	0
/cashanalysis	Analyser la trésorerie - Plan d'action cash	-	-	-	ARCHIVER (regroupee)	published	0
/cashanalysis	Analyser la trésorerie - Tension de trésorerie	-	-	-	ARCHIVER (regroupee)	published	0
/cashbackappad	Publicité application cashback - Cashback commerce local	-	-	-	ARCHIVER (hors_selection)	published	0
/cashbackappad	Publicité application cashback - Économies du foyer	-	-	-	ARCHIVER (hors_selection)	published	0
/cashbackappad	Publicité application cashback - Récompense mobile	-	-	-	ARCHIVER (hors_selection)	published	0
/cashflowforecast	Prévoir sa trésorerie	-	-	-	ARCHIVER (regroupee)	archived	0
/cashreconciliation	Rapprocher banque et comptabilité	-	-	-	ARCHIVER (regroupee)	archived	0
/catalogconsistency	Série homogénéisée	-	-	-	ARCHIVER (hors_selection)	published	0
/catalogcover	Couverture catalogue	-	-	-	ARCHIVER (hors_selection)	archived	0
/catalogset	Série photo produit	-	-	-	ARCHIVER (hors_selection)	published	0
/catalogueangle	Le trio utile	-	-	-	ARCHIVER (hors_selection)	published	0
/catalogueangle	Le détail qui décide	-	-	-	ARCHIVER (hors_selection)	published	0
/catalogueangle	L'objet en main	-	-	-	ARCHIVER (hors_selection)	published	0
/causes-cachees	Explorer les causes	-	-	-	ARCHIVER (regroupee)	archived	0
/causticportrait	Portrait aux caustiques — Verre solaire	-	-	-	ARCHIVER (regroupee)	published	0
/caustiques	Lumière d’eau	-	-	-	ARCHIVER (hors_selection)	draft	0
/centralafricanstyle	Style Afrique centrale - Textile kuba	-	-	-	ARCHIVER (regroupee)	published	0
/ceramicfinish	Finition céramique	-	-	-	ARCHIVER (hors_selection)	published	0
/chalkdrawing	Dessin à la craie - Menu de café	-	-	-	ARCHIVER (hors_selection)	published	0
/chalkdrawing	Dessin à la craie - Tableau pédagogique	-	-	-	ARCHIVER (hors_selection)	published	0
/chalkmenu	Vitrine au feutre	-	-	-	ARCHIVER (hors_selection)	published	0
/chalkmenu	Ardoise du jour	-	-	-	ARCHIVER (hors_selection)	published	0
/chalkmenu	Étiquette de comptoir	-	-	-	ARCHIVER (hors_selection)	published	0
/chalkstory	Composition à la craie - Mur de campagne	-	-	-	ARCHIVER (hors_selection)	published	0
/chalkstory	Composition à la craie - Portrait et mots	-	-	-	ARCHIVER (hors_selection)	published	0
/chalkstory	Composition à la craie - Menu à la craie	-	-	-	ARCHIVER (hors_selection)	published	0
/changelog	Changelog	-	-	-	ARCHIVER (regroupee)	archived	0
/changeplan	Accompagner un changement	-	-	-	ARCHIVER (regroupee)	archived	0
/chaptertwenty	Le nouveau chapitre	-	-	-	ARCHIVER (hors_selection)	published	0
/chaptertwenty	Le lancement personnel	-	-	-	ARCHIVER (hors_selection)	published	0
/chaptertwenty	Les bougies à hauteur d'yeux	-	-	-	ARCHIVER (hors_selection)	published	0
/charcoalobject	Fusain	-	-	-	ARCHIVER (hors_selection)	draft	0
/chatconversationmock	Conversation de messagerie mise en scène - Échange client	-	-	-	ARCHIVER (hors_selection)	published	0
/chatconversationmock	Conversation de messagerie mise en scène - Groupe d'amis	-	-	-	ARCHIVER (hors_selection)	published	0
/chatconversationmock	Conversation de messagerie mise en scène - Conversation WhatsApp	-	-	-	ARCHIVER (hors_selection)	published	0
/cheatsheet	Fiche de repères	-	-	-	ARCHIVER (regroupee)	archived	0
/checklist	Penser en vérifications	-	-	-	ARCHIVER (regroupee)	archived	0
/checklist	Checklist	-	-	-	ARCHIVER (regroupee)	archived	0
/chef-projet	Chef de projet	-	-	-	ARCHIVER (regroupee)	archived	0
/childdrawing3d	Dessin d’enfant en 3D	-	-	-	ARCHIVER (hors_selection)	published	0
/childme	Moi enfant	-	-	-	ARCHIVER (hors_selection)	published	0
/chocolateobject	Objet chocolat	-	-	-	ARCHIVER (hors_selection)	draft	0
/chrissvoss	Négociation inspirée de Chris Voss	-	-	-	ARCHIVER (regroupee)	archived	0
/christmas	Créer un souvenir de Noël - Boule de neige	-	-	-	ARCHIVER (hors_selection)	published	0
/christmas	Créer un souvenir de Noël - Carte familiale	-	-	-	ARCHIVER (hors_selection)	published	0
/christmas	Créer un souvenir de Noël - Portrait fenêtre	-	-	-	ARCHIVER (hors_selection)	published	0
/chromagelportrait	Portrait aux gels colorés - Rouge et bleu	-	-	-	ARCHIVER (regroupee)	published	0
/chromagelportrait	Portrait aux gels colorés - Vert et magenta	-	-	-	ARCHIVER (regroupee)	published	0
/chromaticcollage	Collage contemporain — Prisme éditorial	-	-	-	ARCHIVER (hors_selection)	published	0
/chromaticcollage	Collage contemporain — Bandes déplacées	-	-	-	ARCHIVER (hors_selection)	published	0
/chrome-ailes	Ailes de chrome	-	-	-	ARCHIVER (hors_selection)	draft	0
/chromefinish	Chrome miroir	-	-	-	ARCHIVER (hors_selection)	published	0
/chromeportrait	Portrait chrome	-	-	-	ARCHIVER (hors_selection)	draft	0
/churnhypothesis	Hypotheses churn	-	-	-	ARCHIVER (hors_selection)	archived	0
/cialdini	Atelier persuasion	-	-	-	ARCHIVER (regroupee)	archived	0
/cinematiccompanion	Compagnon de cinéma - Duo d'animation	-	-	-	ARCHIVER (hors_selection)	published	0
/cinematiccompanion	Compagnon de cinéma - Robot amical	-	-	-	ARCHIVER (hors_selection)	published	0
/cinematiccompanion	Compagnon de cinéma - Créature fantastique	-	-	-	ARCHIVER (hors_selection)	published	0
/circuittrace	Lecture de circuit - Schéma de principe	-	-	-	ARCHIVER (regroupee)	published	0
/circuittrace	Lecture de circuit - Pistes annotées	-	-	-	ARCHIVER (regroupee)	published	0
/citybillboardcampaign	Campagne sur panneau urbain - Station de transport	-	-	-	ARCHIVER (hors_selection)	published	0
/citybillboardcampaign	Campagne sur panneau urbain - Grand carrefour de jour	-	-	-	ARCHIVER (hors_selection)	published	0
/citybillboardcampaign	Campagne sur panneau urbain - Panneau à Abidjan la nuit	-	-	-	ARCHIVER (hors_selection)	published	0
/citydoubleportrait	Double exposition urbaine - Métropole néon	-	-	-	ARCHIVER (hors_selection)	published	0
/citydoubleportrait	Double exposition urbaine - Quartier en mémoire	-	-	-	ARCHIVER (hors_selection)	published	0
/citydoubleportrait	Double exposition urbaine - Profil et skyline	-	-	-	ARCHIVER (hors_selection)	published	0
/cityfold	Ville repliée — Ville en cube	-	-	-	ARCHIVER (hors_selection)	published	0
/cityfold	Ville repliée — Rue verticale	-	-	-	ARCHIVER (hors_selection)	published	0
/citysoul	La ville qui vous ressemble	-	-	-	ARCHIVER (hors_selection)	published	0
/claimlens	Le benchmark propre	-	-	-	ARCHIVER (regroupee)	published	0
/claimlens	Vrai, plausible ou absent	-	-	-	ARCHIVER (regroupee)	published	0
/claimlens	La tendance sous preuve	-	-	-	ARCHIVER (regroupee)	published	0
/claydesk	Bureau en pâte à modeler	-	-	-	ARCHIVER (hors_selection)	draft	0
/clayobject	Objet en argile	-	-	-	ARCHIVER (hors_selection)	draft	0
/clayportrait	Personnage en argile	-	-	-	ARCHIVER (hors_selection)	draft	0
/clayrender	Volume en argile neutre	-	-	-	ARCHIVER (hors_selection)	published	0
/cleancutout	Détourage propre	-	-	-	ARCHIVER (hors_selection)	published	0
/client-difficile	Le client difficile	-	-	-	ARCHIVER (regroupee)	archived	0
/client-perdu	Pourquoi je n’achète pas	-	-	-	ARCHIVER (regroupee)	archived	0
/closeupportrait	Très gros plan	-	-	-	ARCHIVER (hors_selection)	published	0
/cloudobject	Objet nuage	-	-	-	ARCHIVER (hors_selection)	draft	0
/cloudroom	Pièce dans les nuages — Salon aérien	-	-	-	ARCHIVER (hors_selection)	published	0
/cloudroom	Pièce dans les nuages — Chambre de brume	-	-	-	ARCHIVER (hors_selection)	published	0
/cocoaheritagepack	Coffret héritage cacao	-	-	-	ARCHIVER (hors_selection)	published	0
/code-secret	Le code secret	-	-	-	ARCHIVER (regroupee)	archived	0
/codereview	Relire du code et proposer des corrections	-	-	-	ARCHIVER (regroupee)	archived	0
/cognitivebias	Biais possibles	-	-	-	ARCHIVER (regroupee)	archived	0
/coldemail	Atelier prospection	-	-	-	ARCHIVER (regroupee)	archived	0
/coldmail	Cold email	-	-	-	ARCHIVER (regroupee)	archived	0
/coldsip	Le mur de glace	-	-	-	ARCHIVER (hors_selection)	published	0
/coldsip	Le verre au soleil	-	-	-	ARCHIVER (hors_selection)	published	0
/coldsip	Le splash latéral	-	-	-	ARCHIVER (hors_selection)	published	0
/collage-carte	Portrait cartographique	-	-	-	ARCHIVER (hors_selection)	published	0
/collage-riso	Collage risographié	-	-	-	ARCHIVER (hors_selection)	published	0
/collage-xerox	Collage photocopie	-	-	-	ARCHIVER (hors_selection)	published	0
/collectionsplan	Organiser les relances d’impayés	-	-	-	ARCHIVER (regroupee)	archived	0
/collision-idees	Collision d’idées	-	-	-	ARCHIVER (regroupee)	archived	0
/colorpalette	Palette vestimentaire	-	-	-	ARCHIVER (regroupee)	archived	0
/colorways	Gamme de couleurs	-	-	-	ARCHIVER (hors_selection)	published	0
/comiccover	Couverture BD - Manga poche	-	-	-	ARCHIVER (hors_selection)	published	0
/comiccover	Couverture BD - Franco-belge	-	-	-	ARCHIVER (hors_selection)	published	0
/comiccover	Couverture de comics	-	-	-	ARCHIVER (hors_selection)	published	0
/comiccover	Couverture BD - Comic américain	-	-	-	ARCHIVER (hors_selection)	published	0
/comicinkobject	Encrage comics	-	-	-	ARCHIVER (hors_selection)	draft	0
/communityportrait	Portrait communautaire	-	-	-	ARCHIVER (hors_selection)	published	0
/communitypost	Message communauté	-	-	-	ARCHIVER (regroupee)	archived	0
/comparisonvisual	Comparatif pédagogique - Deux options	-	-	-	ARCHIVER (regroupee)	published	0
/comparisonvisual	Comparatif pédagogique - Matrice	-	-	-	ARCHIVER (regroupee)	published	0
/compatibilityvisual	Compatibilité visuelle	-	-	-	ARCHIVER (hors_selection)	published	0
/competitor	Analyse concurrente	-	-	-	ARCHIVER (regroupee)	archived	0
/conceptmap	Carte conceptuelle	-	-	-	ARCHIVER (regroupee)	archived	0
/concepttie	Cravate conceptuelle - Cravate circuit	-	-	-	ARCHIVER (hors_selection)	published	0
/concepttie	Cravate conceptuelle - Cravate océan	-	-	-	ARCHIVER (hors_selection)	published	0
/concepttie	Cravate conceptuelle - Cravate végétale	-	-	-	ARCHIVER (hors_selection)	published	0
/concepttie	Cravate conceptuelle - Cravate partition	-	-	-	ARCHIVER (hors_selection)	published	0
/concepttie	Cravate conceptuelle - Cravate architecture	-	-	-	ARCHIVER (hors_selection)	published	0
/concertposter	Affiche concert - Portrait scène	-	-	-	ARCHIVER (hors_selection)	published	0
/concertposter	Affiche concert - Typographie rythmique	-	-	-	ARCHIVER (hors_selection)	published	0
/concertposter	Affiche de concert	-	-	-	ARCHIVER (hors_selection)	published	0
/conferenceposter	Affiche conférence - Grille multi invités	-	-	-	ARCHIVER (hors_selection)	published	0
/conferenceposter	Affiche conférence - Intervenant hero	-	-	-	ARCHIVER (hors_selection)	published	0
/conseil-de-crise	Conseil de crise	-	-	-	ARCHIVER (regroupee)	archived	0
/conseil-royaume	Le conseil du royaume	-	-	-	ARCHIVER (regroupee)	archived	0
/contentaudit	Trier et améliorer ses contenus	-	-	-	ARCHIVER (hors_selection)	archived	0
/contentbrief	Brief de contenu	-	-	-	ARCHIVER (regroupee)	archived	0
/contentcalendar	Calendrier éditorial - Série de lancement	-	-	-	ARCHIVER (regroupee)	published	0
/contentcalendar	Calendrier éditorial - Calendrier mensuel	-	-	-	ARCHIVER (regroupee)	published	0
/contentops	La bibliothèque de preuves	-	-	-	ARCHIVER (regroupee)	published	0
/contentops	La semaine réalisable	-	-	-	ARCHIVER (regroupee)	published	0
/contentops	Le brief visuel précis	-	-	-	ARCHIVER (regroupee)	published	0
/contentrepurpose	Décliner un contenu existant	-	-	-	ARCHIVER (regroupee)	archived	0
/contractamendment	Rédiger un avenant	-	-	-	ARCHIVER (regroupee)	archived	0
/contractdraft	Préparer un modèle de contrat	-	-	-	ARCHIVER (regroupee)	archived	0
/contractreview	Examiner un contrat - Revue des risques	-	-	-	ARCHIVER (regroupee)	published	0
/contractreview	Comprendre et relire un document juridique	-	-	-	ARCHIVER (regroupee)	archived	0
/contractreview	Examiner un contrat - Table de négociation	-	-	-	ARCHIVER (regroupee)	published	0
/contracttermination	Préparer une résiliation contractuelle	-	-	-	ARCHIVER (regroupee)	archived	0
/contrainte-folle	La contrainte folle	-	-	-	ARCHIVER (regroupee)	archived	0
/conversiondiagnosis	Mobile au pouce	-	-	-	ARCHIVER (hors_selection)	published	0
/conversiondiagnosis	La promesse et la preuve	-	-	-	ARCHIVER (hors_selection)	published	0
/conversiondiagnosis	Les trois frictions	-	-	-	ARCHIVER (hors_selection)	published	0
/conversionplan	Plan de conversion	-	-	-	ARCHIVER (hors_selection)	archived	0
/convertcontent	Convertir un contenu - Texte vers checklist	-	-	-	ARCHIVER (hors_selection)	published	0
/convertcontent	Convertir un contenu - Document vers slides	-	-	-	ARCHIVER (hors_selection)	published	0
/convertcontent	Convertir un contenu - Tableau vers CSV	-	-	-	ARCHIVER (hors_selection)	published	0
/copyaudit	Audit copy	-	-	-	ARCHIVER (hors_selection)	archived	0
/copywriter	Atelier de copywriting	-	-	-	ARCHIVER (regroupee)	archived	0
/corporateportrait	Portrait corporate	-	-	-	ARCHIVER (hors_selection)	archived	0
/costcutplan	Plan de réduction des coûts	-	-	-	ARCHIVER (regroupee)	archived	0
/counterdisplay	Présentoir de comptoir	-	-	-	ARCHIVER (hors_selection)	published	0
/coupleportrait	Portrait de couple - Cabine photo	-	-	-	ARCHIVER (regroupee)	published	0
/coupleportrait	Portrait de couple - Double profil	-	-	-	ARCHIVER (regroupee)	published	0
/coupleportrait	Portrait de couple - Cinéma domestique	-	-	-	ARCHIVER (regroupee)	published	0
/coupletimeline	Chronologie de couple - Trois projections	-	-	-	ARCHIVER (hors_selection)	published	0
/coupletimeline	Chronologie de couple	-	-	-	ARCHIVER (hors_selection)	published	0
/coupletimeline	Chronologie de couple - Trois souvenirs	-	-	-	ARCHIVER (hors_selection)	published	0
/couturefragrancead	Campagne parfum couture - Chanel noir	-	-	-	ARCHIVER (hors_selection)	published	0
/couturefragrancead	Campagne parfum couture - Parfum en ville	-	-	-	ARCHIVER (hors_selection)	published	0
/couturefragrancead	Campagne parfum couture - Parfum sur soie	-	-	-	ARCHIVER (hors_selection)	published	0
/couturelook	Look haute couture	-	-	-	ARCHIVER (hors_selection)	published	0
/cover-football	Couverture football	-	-	-	ARCHIVER (hors_selection)	published	0
/cover-musique	Couverture - référence Rolling Stone	-	-	-	ARCHIVER (hors_selection)	published	0
/cover-running	Couverture running	-	-	-	ARCHIVER (hors_selection)	published	0
/coverletter	Lettre de motivation	-	-	-	ARCHIVER (regroupee)	archived	0
/creativebrief	Préparer un brief de création	-	-	-	ARCHIVER (regroupee)	archived	0
/creatoradscene	La démonstration au miroir	-	-	-	ARCHIVER (hors_selection)	published	0
/creatoradscene	Le bureau vécu	-	-	-	ARCHIVER (hors_selection)	published	0
/creatoradscene	Le sac ouvert	-	-	-	ARCHIVER (hors_selection)	published	0
/creatorcorner	Le studio podcast compact	-	-	-	ARCHIVER (hors_selection)	published	0
/creatorcorner	Le bureau de nuit calme	-	-	-	ARCHIVER (hors_selection)	published	0
/creatorcorner	La boutique en une étagère	-	-	-	ARCHIVER (hors_selection)	published	0
/creatorcover	Miniature de contenu	-	-	-	ARCHIVER (hors_selection)	published	0
/creatoroffer	Offre UGC claire	-	-	-	ARCHIVER (hors_selection)	published	0
/creatoroffer	Kit média sans faux chiffres	-	-	-	ARCHIVER (hors_selection)	published	0
/creatoroffer	Pitch de partenariat	-	-	-	ARCHIVER (hors_selection)	published	0
/creatorportrait	Portrait de créateur	-	-	-	ARCHIVER (hors_selection)	published	0
/creatorscope	Compte rendu de livraison	-	-	-	ARCHIVER (hors_selection)	published	0
/creatorscope	Périmètre sans surprise	-	-	-	ARCHIVER (hors_selection)	published	0
/creatorscope	Autorisation d'utilisation	-	-	-	ARCHIVER (hors_selection)	published	0
/creaturedesign	Créature originale - Bestiaire naturel	-	-	-	ARCHIVER (hors_selection)	published	0
/creaturedesign	Créature originale - Mascotte expressive	-	-	-	ARCHIVER (hors_selection)	published	0
/crisisstatement	Communiquer en situation sensible	-	-	-	ARCHIVER (hors_selection)	archived	0
/criticalfriend	Critique constructive - Stress test	-	-	-	ARCHIVER (regroupee)	published	0
/critique-design	Critique de design	-	-	-	ARCHIVER (regroupee)	archived	0
/croquis-mode	Croquis de styliste	-	-	-	ARCHIVER (hors_selection)	published	0
/croquis-produit	Croquis produit au feutre	-	-	-	ARCHIVER (hors_selection)	published	0
/crosssection	Coupe produit - Écorché partiel	-	-	-	ARCHIVER (regroupee)	published	0
/crosssection	Coupe produit - Coupe centrale	-	-	-	ARCHIVER (regroupee)	published	0
/crystalobject	Objet cristal	-	-	-	ARCHIVER (hors_selection)	draft	0
/cubistobject	Objet cubiste	-	-	-	ARCHIVER (hors_selection)	draft	0
/cubistportrait	Portrait cubiste	-	-	-	ARCHIVER (hors_selection)	published	0
/culturalbrandfusion	Marque et esthétique culturelle - Architecture locale	-	-	-	ARCHIVER (hors_selection)	published	0
/culturalbrandfusion	Marque et esthétique culturelle - Artisanat premium	-	-	-	ARCHIVER (hors_selection)	published	0
/culturalbrandfusion	Marque et esthétique culturelle - Textile local contemporain	-	-	-	ARCHIVER (hors_selection)	published	0
/culturalcelebration	Célébration culturelle - Diwali lumineux	-	-	-	ARCHIVER (hors_selection)	published	0
/culturalcelebration	Célébration culturelle - Fête nationale	-	-	-	ARCHIVER (hors_selection)	published	0
/culturalcelebration	Célébration culturelle - Aïd familial	-	-	-	ARCHIVER (hors_selection)	published	0
/cupmockup	Mockup gobelet	-	-	-	ARCHIVER (hors_selection)	archived	0
/customerfeedback	Feedback client	-	-	-	ARCHIVER (regroupee)	archived	0
/customersegment	Comprendre et segmenter ses clients	-	-	-	ARCHIVER (hors_selection)	archived	0
/customsneaker	Sneaker personnalisée	-	-	-	ARCHIVER (hors_selection)	archived	0
/cutoutreality	Le cadre transportable	-	-	-	ARCHIVER (regroupee)	published	0
/cv	Améliorer un CV - CV exécutif	-	-	-	ARCHIVER (regroupee)	published	0
/cyberportrait	Portrait cyberpunk - Marché nocturne	-	-	-	ARCHIVER (hors_selection)	published	0
/cyberportrait	Portrait cyberpunk - Studio chrome	-	-	-	ARCHIVER (hors_selection)	published	0
/cyberpunkcharacter	Personnage cyberpunk	-	-	-	ARCHIVER (hors_selection)	published	0
/dalidream	Rêve surréaliste — Objets liquides	-	-	-	ARCHIVER (hors_selection)	published	0
/dalidream	Portrait - Salvador Dalí	-	-	-	ARCHIVER (hors_selection)	published	0
/dalidream	Rêve surréaliste — Architecture impossible	-	-	-	ARCHIVER (hors_selection)	published	0
/dashboard	Penser en tableau de bord	-	-	-	ARCHIVER (hors_selection)	archived	0
/dataaudit	Auditer un jeu de données - Qualité des données	-	-	-	ARCHIVER (regroupee)	published	0
/databasedesign	Concevoir une base de données	-	-	-	ARCHIVER (regroupee)	archived	0
/datainsights	Analyser un jeu de données	-	-	-	ARCHIVER (regroupee)	archived	0
/datingprofilemock	Profil de rencontre éditorial - Profil sobre	-	-	-	ARCHIVER (hors_selection)	published	0
/datingprofilemock	Profil de rencontre éditorial - Profil voyage	-	-	-	ARCHIVER (hors_selection)	published	0
/datingprofilemock	Profil de rencontre éditorial - Profil créatif	-	-	-	ARCHIVER (hors_selection)	published	0
/daytonight	Changer l'heure - Heure bleue	-	-	-	ARCHIVER (regroupee)	published	0
/daytonight	Changer l'heure - Nuit cinéma	-	-	-	ARCHIVER (regroupee)	published	0
/debate	Débat contradictoire - Débat à deux camps	-	-	-	ARCHIVER (regroupee)	published	0
/debate	Débat contradictoire - Contradicteur loyal	-	-	-	ARCHIVER (regroupee)	published	0
/debate-arena	Arène de débat	-	-	-	ARCHIVER (regroupee)	archived	0
/debtplan	Organiser le remboursement de ses dettes	-	-	-	ARCHIVER (regroupee)	archived	0
/debugfix	Diagnostiquer et corriger un problème technique	-	-	-	ARCHIVER (regroupee)	archived	0
/decision-tree	Arbre de décision	-	-	-	ARCHIVER (regroupee)	archived	0
/decisionlog	Tenir un journal des décisions	-	-	-	ARCHIVER (regroupee)	archived	0
/decisionmatrix	Préparer une décision argumentée	-	-	-	ARCHIVER (regroupee)	archived	0
/decisionmatrix	Aide à la décision - Pré-mortem	-	-	-	ARCHIVER (regroupee)	published	0
/decisionpartner	Partenaire de conseil - Conseil pratique	-	-	-	ARCHIVER (regroupee)	published	0
/decisionpartner	Partenaire de conseil - Prise de recul	-	-	-	ARCHIVER (regroupee)	published	0
/decisionrehearsal	Le contre-exemple utile	-	-	-	ARCHIVER (hors_selection)	published	0
/decisionrehearsal	La décision réversible	-	-	-	ARCHIVER (hors_selection)	published	0
/decisionrehearsal	Le journal de pari	-	-	-	ARCHIVER (hors_selection)	published	0
/delegationbrief	Brief de délégation	-	-	-	ARCHIVER (regroupee)	archived	0
/deliveryad	Publicité livraison	-	-	-	ARCHIVER (hors_selection)	archived	0
/deliveryappcampaign	Campagne application de livraison - Commande familiale	-	-	-	ARCHIVER (hors_selection)	published	0
/deliveryappcampaign	Campagne application de livraison - Livreur en ville	-	-	-	ARCHIVER (hors_selection)	published	0
/deliveryappcampaign	Campagne application de livraison - Chef ambassadeur	-	-	-	ARCHIVER (hors_selection)	published	0
/deliverybag	Sac de livraison	-	-	-	ARCHIVER (hors_selection)	published	0
/denimcampaignportrait	Campagne denim - Denim en ville	-	-	-	ARCHIVER (regroupee)	published	0
/desertodyssey	Odyssée désertique — Expédition Arrakis	-	-	-	ARCHIVER (hors_selection)	published	0
/desertodyssey	Odyssée désertique — Conseil du désert	-	-	-	ARCHIVER (hors_selection)	published	0
/designcritic	Directeur artistique - UX mobile	-	-	-	ARCHIVER (regroupee)	published	0
/designcritic	Directeur artistique - Exploration DA	-	-	-	ARCHIVER (regroupee)	published	0
/desklifestyle	Bureau quotidien	-	-	-	ARCHIVER (hors_selection)	published	0
/desksetup	Aménager un poste de travail - Créateur	-	-	-	ARCHIVER (hors_selection)	published	0
/desksetup	Aménager un poste de travail - Télétravail compact	-	-	-	ARCHIVER (hors_selection)	published	0
/desktopwallpaper	Fond ordinateur - Double écran	-	-	-	ARCHIVER (hors_selection)	published	0
/desktopwallpaper	Fond ordinateur - Panorama calme	-	-	-	ARCHIVER (hors_selection)	published	0
/detective-noir	Le détective noir	-	-	-	ARCHIVER (regroupee)	archived	0
/detective-objet	L’objet mystérieux	-	-	-	ARCHIVER (regroupee)	archived	0
/detectivedialogue	Détective fictif - Sherlock inspiré	-	-	-	ARCHIVER (regroupee)	published	0
/devcoach	Assistant développement - Débogage guidé	-	-	-	ARCHIVER (regroupee)	published	0
/devcoach	Assistant développement - Revue architecture	-	-	-	ARCHIVER (regroupee)	published	0
/devicekeyvisual	Visuel de lancement technologique - Écouteurs en lévitation	-	-	-	ARCHIVER (hors_selection)	published	0
/devicekeyvisual	Visuel de lancement technologique - Smartphone lumière	-	-	-	ARCHIVER (hors_selection)	published	0
/devicekeyvisual	Visuel de lancement technologique - Ordinateur en usage	-	-	-	ARCHIVER (hors_selection)	published	0
/dialogue	Dialogue naturel	-	-	-	ARCHIVER (regroupee)	archived	0
/diarycollage	Collage de journal personnel - Vision personnelle	-	-	-	ARCHIVER (hors_selection)	published	0
/diarycollage	Collage de journal personnel - Journal de voyage	-	-	-	ARCHIVER (hors_selection)	published	0
/diarycollage	Collage de journal personnel - Page de l'année	-	-	-	ARCHIVER (hors_selection)	published	0
/digitalnostalgia	Compact 2008	-	-	-	ARCHIVER (hors_selection)	published	0
/digitalnostalgia	Cybercafé 2003	-	-	-	ARCHIVER (hors_selection)	published	0
/digitalnostalgia	Webcam 2006	-	-	-	ARCHIVER (hors_selection)	published	0
/digitalreceiptad	Reçu numérique publicitaire - Reçu mode	-	-	-	ARCHIVER (hors_selection)	published	0
/digitalreceiptad	Reçu numérique publicitaire - Reçu café	-	-	-	ARCHIVER (hors_selection)	published	0
/digitalreceiptad	Reçu numérique publicitaire - Reçu voyage	-	-	-	ARCHIVER (hors_selection)	published	0
/dimensionview	Vue cotée - Objet mesuré	-	-	-	ARCHIVER (regroupee)	published	0
/dimensionview	Vue cotée - Pièce mesurée	-	-	-	ARCHIVER (regroupee)	published	0
/directeur-artistique	Direction artistique	-	-	-	ARCHIVER (regroupee)	archived	0
/discoverycall	Trame découverte	-	-	-	ARCHIVER (hors_selection)	archived	0
/displaystand	Présentoir magasin	-	-	-	ARCHIVER (hors_selection)	published	0
/disposablefilm	Pellicule jetable	-	-	-	ARCHIVER (hors_selection)	archived	0
/dmcommerce	Relance sans pression	-	-	-	ARCHIVER (regroupee)	published	0
/dmcommerce	Réponse à une demande de prix	-	-	-	ARCHIVER (regroupee)	published	0
/docsummary	Synthétiser un document - Table d'extraction	-	-	-	ARCHIVER (regroupee)	published	0
/docsummary	Synthétiser un document - Note de lecture	-	-	-	ARCHIVER (regroupee)	published	0
/docsynthese	Résumer et croiser des documents	-	-	-	ARCHIVER (regroupee)	archived	0
/documentaryportrait	Portrait documentaire	-	-	-	ARCHIVER (hors_selection)	published	0
/documentaudit	Auditer un document - Grille de conformité interne	-	-	-	ARCHIVER (regroupee)	published	0
/documentaudit	Auditer un document - Audit de cohérence	-	-	-	ARCHIVER (regroupee)	published	0
/doodleavatar	Gribouillage vers avatar	-	-	-	ARCHIVER (hors_selection)	published	0
/double-exposition-foret	Double exposition forêt	-	-	-	ARCHIVER (hors_selection)	published	0
/double-exposition-ville	Double exposition urbaine	-	-	-	ARCHIVER (hors_selection)	published	0
/doubleexposure	Double exposition - Forêt intérieure	-	-	-	ARCHIVER (regroupee)	published	0
/doubleexposure	Double exposition - Ville intérieure	-	-	-	ARCHIVER (regroupee)	published	0
/doubleexposure	Double exposition - Océan intérieur	-	-	-	ARCHIVER (regroupee)	published	0
/dreamroom	Pièce impossible	-	-	-	ARCHIVER (hors_selection)	draft	0
/dreamtravel	Voyage impossible - Hôtel sous-marin	-	-	-	ARCHIVER (hors_selection)	published	0
/dreamtravel	Voyage impossible - Îles flottantes	-	-	-	ARCHIVER (hors_selection)	published	0
/dreamtravel	Voyage impossible - Train lunaire	-	-	-	ARCHIVER (hors_selection)	published	0
/dresscode	Décoder un dress code	-	-	-	ARCHIVER (regroupee)	archived	0
/drinkshot	Photo de boisson - Canette glacée	-	-	-	ARCHIVER (hors_selection)	published	0
/drinkshot	Photo de boisson - Splash studio	-	-	-	ARCHIVER (hors_selection)	published	0
/drinkshot	Photo de boisson - Cocktail sans marque	-	-	-	ARCHIVER (hors_selection)	published	0
/duediligence	Préparer une vérification approfondie	-	-	-	ARCHIVER (regroupee)	archived	0
/duochoreography	Dos à dos, même horizon	-	-	-	ARCHIVER (hors_selection)	published	0
/duochoreography	Deux hauteurs	-	-	-	ARCHIVER (hors_selection)	published	0
/duochoreography	Le banc asymétrique	-	-	-	ARCHIVER (hors_selection)	published	0
/duotonebeauty	Portrait beauté bichromatique - Beauté magenta et cyan	-	-	-	ARCHIVER (hors_selection)	published	0
/duotonebeauty	Portrait beauté bichromatique - Beauté ambre et turquoise	-	-	-	ARCHIVER (hors_selection)	published	0
/duotonebeauty	Portrait beauté bichromatique - Beauté violet et rouge	-	-	-	ARCHIVER (hors_selection)	published	0
/duotoneportrait	Portrait duotone	-	-	-	ARCHIVER (hors_selection)	archived	0
/dutchportrait	Angle incliné	-	-	-	ARCHIVER (hors_selection)	published	0
/dutchproduct	Angle hollandais	-	-	-	ARCHIVER (hors_selection)	published	0
/dutchstilllife	Nature morte hollandaise	-	-	-	ARCHIVER (hors_selection)	published	0
/eastafricanstyle	Style Afrique de l’Est - Éditorial éthiopien	-	-	-	ARCHIVER (regroupee)	published	0
/eastasianstyle	Style Asie orientale - Hanbok contemporain	-	-	-	ARCHIVER (hors_selection)	published	0
/eastasianstyle	Style Asie orientale - Kimono de studio	-	-	-	ARCHIVER (hors_selection)	published	0
/eastasianstyle	Style Asie orientale - Qipao cinéma	-	-	-	ARCHIVER (hors_selection)	published	0
/eclipseportrait	Éclipse de studio — Éclipse urbaine	-	-	-	ARCHIVER (regroupee)	published	0
/ecomcrop	Recadrage e-commerce	-	-	-	ARCHIVER (hors_selection)	published	0
/ecommerce	Visuels e-commerce - Fiche bénéfices	-	-	-	ARCHIVER (hors_selection)	published	0
/ecommerce	Visuels e-commerce - Hero détouré	-	-	-	ARCHIVER (hors_selection)	published	0
/ecommerce	Visuels e-commerce - Grille de vues	-	-	-	ARCHIVER (hors_selection)	published	0
/ecommerceofferbanner	Bannière d'offre e-commerce - Livraison offerte	-	-	-	ARCHIVER (hors_selection)	published	0
/ecommerceofferbanner	Bannière d'offre e-commerce - Sélection premium	-	-	-	ARCHIVER (hors_selection)	published	0
/ecommerceofferbanner	Bannière d'offre e-commerce - Vente flash	-	-	-	ARCHIVER (hors_selection)	published	0
/editorialcalendar	Planifier ses contenus	-	-	-	ARCHIVER (regroupee)	archived	0
/editorialfashion	Éditorial mode	-	-	-	ARCHIVER (hors_selection)	archived	0
/editorialportrait	Portrait éditorial - Vogue inspiré	-	-	-	ARCHIVER (regroupee)	published	0
/editorialportrait	Portrait éditorial - Monochrome sculptural	-	-	-	ARCHIVER (regroupee)	published	0
/editorialportrait	Portrait éditorial - Portrait fragmenté	-	-	-	ARCHIVER (regroupee)	published	0
/elementguardian	Gardien élémentaire	-	-	-	ARCHIVER (hors_selection)	draft	0
/email	Rédiger un e-mail - Réponse délicate	-	-	-	ARCHIVER (regroupee)	published	0
/email	Rédiger un e-mail - Relance douce	-	-	-	ARCHIVER (regroupee)	published	0
/emailfunnel	Funnel email	-	-	-	ARCHIVER (hors_selection)	archived	0
/emberportrait	Portrait de braises — Rim light de forge	-	-	-	ARCHIVER (regroupee)	published	0
/embroideredobject	Objet brodé	-	-	-	ARCHIVER (hors_selection)	draft	0
/embroideredportrait	Portrait brodé	-	-	-	ARCHIVER (hors_selection)	draft	0
/employmentcontract	Préparer un contrat de travail	-	-	-	ARCHIVER (regroupee)	archived	0
/energyflow	Flux d’énergie	-	-	-	ARCHIVER (hors_selection)	published	0
/engagement	Visuel de fiançailles - Couple au crépuscule	-	-	-	ARCHIVER (hors_selection)	published	0
/engagement	Visuel de fiançailles - Mains et bague	-	-	-	ARCHIVER (hors_selection)	published	0
/engagementportrait	Portrait de fiançailles	-	-	-	ARCHIVER (hors_selection)	published	0
/enquete	Enquête à résoudre	-	-	-	ARCHIVER (regroupee)	archived	0
/entonnoir	Penser en entonnoir	-	-	-	ARCHIVER (hors_selection)	archived	0
/escaliers-infinis	Escaliers impossibles	-	-	-	ARCHIVER (hors_selection)	draft	0
/escape-room	Escape room conversationnelle	-	-	-	ARCHIVER (regroupee)	archived	0
/escapegame	Escape game - Escape illustré	-	-	-	ARCHIVER (regroupee)	published	0
/escapegame	Escape game - Escape narratif	-	-	-	ARCHIVER (regroupee)	published	0
/europeanstyle	Style européen - Scandinave	-	-	-	ARCHIVER (hors_selection)	published	0
/europeanstyle	Style européen - Riviera	-	-	-	ARCHIVER (hors_selection)	published	0
/europetravel	Voyage européen - Santorin	-	-	-	ARCHIVER (hors_selection)	published	0
/europetravel	Voyage européen - Rome cinéma	-	-	-	ARCHIVER (hors_selection)	published	0
/europetravel	Voyage européen - Paris pluie	-	-	-	ARCHIVER (hors_selection)	published	0
/eveninglook	Tenue de soirée	-	-	-	ARCHIVER (hors_selection)	published	0
/eventdecor	Décoration événementielle	-	-	-	ARCHIVER (hors_selection)	archived	0
/eventposter	Affiche événement	-	-	-	ARCHIVER (hors_selection)	archived	0
/everydayhero	Héros du quotidien	-	-	-	ARCHIVER (hors_selection)	published	0
/evidencecheck	Vérifier des affirmations	-	-	-	ARCHIVER (regroupee)	archived	0
/executivebrief	Brief de décision - Une page décideur	-	-	-	ARCHIVER (regroupee)	published	0
/executiveportrait	Portrait dirigeant	-	-	-	ARCHIVER (hors_selection)	published	0
/executivesummary	Synthèse dirigeant	-	-	-	ARCHIVER (regroupee)	archived	0
/expand	Étendre une image - Format paysage	-	-	-	ARCHIVER (hors_selection)	published	0
/expand	Étendre une image - Format vertical	-	-	-	ARCHIVER (hors_selection)	published	0
/expandtext	Développer un contenu - Ajout de preuves	-	-	-	ARCHIVER (regroupee)	published	0
/expandtext	Développer un contenu - Développement argumenté	-	-	-	ARCHIVER (regroupee)	published	0
/expansionplan	Plan d’expansion	-	-	-	ARCHIVER (hors_selection)	archived	0
/expenseaudit	Analyser et réduire ses dépenses	-	-	-	ARCHIVER (regroupee)	archived	0
/explainlike	Explication adaptée	-	-	-	ARCHIVER (hors_selection)	archived	0
/explodeview	Vue éclatée - Éclaté isométrique	-	-	-	ARCHIVER (regroupee)	published	0
/explodeview	Vue éclatée - Éclaté axial	-	-	-	ARCHIVER (regroupee)	published	0
/explodeview	Vue éclatée - Éclaté publicitaire	-	-	-	ARCHIVER (regroupee)	published	0
/expressionistportrait	Expressionnisme	-	-	-	ARCHIVER (hors_selection)	published	0
/extremecloseup	Détail extrême	-	-	-	ARCHIVER (hors_selection)	published	0
/fabricfinish	Finition textile	-	-	-	ARCHIVER (hors_selection)	published	0
/facaderedesign	Repenser une façade - Rénovation contemporaine	-	-	-	ARCHIVER (hors_selection)	published	0
/facaderedesign	Repenser une façade - Végétalisation	-	-	-	ARCHIVER (hors_selection)	published	0
/facilitateur	Réunion qui avance	-	-	-	ARCHIVER (regroupee)	archived	0
/fact-or-fluff	Faits ou blabla	-	-	-	ARCHIVER (regroupee)	archived	0
/factcheck	Vérifier des affirmations - Table de vérification	-	-	-	ARCHIVER (regroupee)	published	0
/factcheck	Vérifier des affirmations - Note de rectification	-	-	-	ARCHIVER (regroupee)	published	0
/faille-temporelle	Faille temporelle	-	-	-	ARCHIVER (hors_selection)	draft	0
/failuremode	Mode de défaillance	-	-	-	ARCHIVER (hors_selection)	published	0
/fairytaleportrait	Portrait de conte - Livre pop-up	-	-	-	ARCHIVER (hors_selection)	published	0
/fairytaleportrait	Portrait de conte - Forêt enchantée	-	-	-	ARCHIVER (hors_selection)	published	0
/familygathering	Réunion familiale - Jardin de générations	-	-	-	ARCHIVER (hors_selection)	published	0
/familygathering	Réunion familiale - Portrait de salon	-	-	-	ARCHIVER (hors_selection)	published	0
/familygathering	Réunion familiale - Grande table	-	-	-	ARCHIVER (hors_selection)	published	0
/familygenerations	Générations réunies	-	-	-	ARCHIVER (hors_selection)	published	0
/familyportrait	Portrait de famille - Studio intemporel	-	-	-	ARCHIVER (regroupee)	published	0
/familyportrait	Portrait de famille - Portrait peint	-	-	-	ARCHIVER (regroupee)	published	0
/familyportrait	Portrait de famille - Silhouettes au soleil	-	-	-	ARCHIVER (regroupee)	published	0
/familysignature	Portrait signature de famille	-	-	-	ARCHIVER (hors_selection)	published	0
/familyuse	Usage familial	-	-	-	ARCHIVER (hors_selection)	published	0
/fantasyportrait	Portrait fantasy - Gardien sylvestre	-	-	-	ARCHIVER (hors_selection)	published	0
/fantasyportrait	Portrait fantasy - Mage bibliothèque	-	-	-	ARCHIVER (hors_selection)	published	0
/fantasyportrait	Portrait fantasy - Cour dragon	-	-	-	ARCHIVER (hors_selection)	published	0
/fantasyroyalty	Royauté fantastique	-	-	-	ARCHIVER (hors_selection)	published	0
/fantasythroneportrait	Portrait sur trône fantastique - Trône de glace	-	-	-	ARCHIVER (hors_selection)	published	0
/fantasythroneportrait	Portrait sur trône fantastique - Trône végétal	-	-	-	ARCHIVER (hors_selection)	published	0
/fantasythroneportrait	Portrait sur trône fantastique - Trône solaire	-	-	-	ARCHIVER (hors_selection)	published	0
/faq	Créer une FAQ utile	-	-	-	ARCHIVER (hors_selection)	archived	0
/fashioncover	Couverture mode fictive - Haute couture indépendante	-	-	-	ARCHIVER (regroupee)	published	0
/fashionmagazine	Mode - référence Vogue	-	-	-	ARCHIVER (hors_selection)	published	0
/fashionproduct	Photo produit mode - Vêtement à plat	-	-	-	ARCHIVER (hors_selection)	published	0
/fashionproduct	Photo produit mode - Sac architecturé	-	-	-	ARCHIVER (hors_selection)	published	0
/fashionproduct	Photo produit mode - Sneaker suspendue	-	-	-	ARCHIVER (hors_selection)	published	0
/fauvistportrait	Portrait fauve	-	-	-	ARCHIVER (hors_selection)	published	0
/feasibilitystudy	Évaluer la faisabilité d’un projet	-	-	-	ARCHIVER (regroupee)	archived	0
/featurebrief	Brief de fonctionnalité	-	-	-	ARCHIVER (regroupee)	archived	0
/featurecallout	Fonction annotée	-	-	-	ARCHIVER (hors_selection)	published	0
/featurefocus	Fonctionnalité vedette	-	-	-	ARCHIVER (hors_selection)	published	0
/featurematrix	Matrice features	-	-	-	ARCHIVER (regroupee)	archived	0
/feedbackdojo	Recevoir une critique	-	-	-	ARCHIVER (regroupee)	published	0
/feedbackdojo	Dire non proprement	-	-	-	ARCHIVER (regroupee)	published	0
/festivaleditorial	Portrait de festival - Festival de jour	-	-	-	ARCHIVER (regroupee)	published	0
/festivaleditorial	Portrait de festival - Festival de nuit	-	-	-	ARCHIVER (regroupee)	published	0
/festivalportrait	Portrait de festival	-	-	-	ARCHIVER (hors_selection)	published	0
/festivalposter	Affiche festival - Collage tropical	-	-	-	ARCHIVER (hors_selection)	published	0
/festivalposter	Affiche festival - Affiche modulaire	-	-	-	ARCHIVER (hors_selection)	published	0
/festivalpulse	La scène papier	-	-	-	ARCHIVER (hors_selection)	published	0
/festivalpulse	Rythme lagunaire	-	-	-	ARCHIVER (hors_selection)	published	0
/festivalpulse	La foule vue d'en haut	-	-	-	ARCHIVER (hors_selection)	published	0
/feynman	Comprendre simplement	-	-	-	ARCHIVER (regroupee)	archived	0
/fictionmentor	Mentor de fiction - Yoda inspiré	-	-	-	ARCHIVER (regroupee)	published	0
/fictionmentor	Mentor de fiction - Capitaine spatial	-	-	-	ARCHIVER (regroupee)	published	0
/financecases	Scénarios financiers	-	-	-	ARCHIVER (regroupee)	archived	0
/financecoach	Assistant financier - Budget accompagné	-	-	-	ARCHIVER (hors_selection)	published	0
/financecoach	Assistant financier - Arbitrage investissement	-	-	-	ARCHIVER (hors_selection)	published	0
/financialanalysis	Analyser des états financiers - Ratios traçables	-	-	-	ARCHIVER (regroupee)	published	0
/financialanalysis	Analyser des états financiers - Diagnostic de performance	-	-	-	ARCHIVER (regroupee)	published	0
/financialdashboard	Construire un tableau de bord financier	-	-	-	ARCHIVER (regroupee)	archived	0
/financialmodel	Construire un modèle financier	-	-	-	ARCHIVER (regroupee)	archived	0
/financialratios	Ratios financiers	-	-	-	ARCHIVER (regroupee)	archived	0
/financialreport	Rapport financier - Note SYSCOHADA	-	-	-	ARCHIVER (regroupee)	published	0
/financialreport	Rapport financier - Rapport de gestion	-	-	-	ARCHIVER (regroupee)	published	0
/financialreview	Comprendre ses résultats financiers	-	-	-	ARCHIVER (regroupee)	archived	0
/fireportrait	Portrait de feu	-	-	-	ARCHIVER (hors_selection)	published	0
/first-principles	Premiers principes	-	-	-	ARCHIVER (hors_selection)	archived	0
/fisheyeproduct	Photo produit fisheye	-	-	-	ARCHIVER (hors_selection)	published	0
/fivewhys	Les cinq pourquoi	-	-	-	ARCHIVER (regroupee)	archived	0
/flashcards	Cartes mémoire	-	-	-	ARCHIVER (regroupee)	archived	0
/flatlay	Vue à plat	-	-	-	ARCHIVER (hors_selection)	published	0
/floatingproduct	Produit en lévitation	-	-	-	ARCHIVER (regroupee)	published	0
/floatingstairs	Escaliers impossibles — Escalier dans le vide	-	-	-	ARCHIVER (regroupee)	published	0
/floorplan3d	Plan 3D - Vue isométrique	-	-	-	ARCHIVER (hors_selection)	published	0
/floorplan3d	Plan 3D - Coupe habitée	-	-	-	ARCHIVER (hors_selection)	published	0
/floraison	Floraison instantanée	-	-	-	ARCHIVER (hors_selection)	draft	0
/flowerbody	Corps floral	-	-	-	ARCHIVER (hors_selection)	draft	0
/fluidpath	Cheminement des fluides	-	-	-	ARCHIVER (hors_selection)	published	0
/followup	Suivi action	-	-	-	ARCHIVER (regroupee)	archived	0
/followupsequence	Séquence de relance	-	-	-	ARCHIVER (hors_selection)	archived	0
/foodhero	Photo de plat fidèle	-	-	-	ARCHIVER (hors_selection)	published	0
/foodlevitate	Le burger radiographié	-	-	-	ARCHIVER (hors_selection)	published	0
/foodlevitate	Le bol architecturé	-	-	-	ARCHIVER (hors_selection)	published	0
/foodlevitate	Alloco suspendu	-	-	-	ARCHIVER (hors_selection)	published	0
/foodmenuphoto	Photo de menu	-	-	-	ARCHIVER (hors_selection)	archived	0
/foodposter	Affiche de plat	-	-	-	ARCHIVER (hors_selection)	archived	0
/foodshot	Photo culinaire - Vue du dessus	-	-	-	ARCHIVER (hors_selection)	published	0
/foodshot	Photo culinaire - Street food	-	-	-	ARCHIVER (hors_selection)	published	0
/foodshot	Photo culinaire - Assiette gastronomique	-	-	-	ARCHIVER (hors_selection)	published	0
/foodstyling	Food styling	-	-	-	ARCHIVER (hors_selection)	archived	0
/formatdoc	Mettre en forme un document - Document professionnel	-	-	-	ARCHIVER (regroupee)	published	0
/formatdoc	Mettre en forme un document - PDF de présentation	-	-	-	ARCHIVER (regroupee)	published	0
/formula	Construire une formule - Formule Google Sheets	-	-	-	ARCHIVER (regroupee)	published	0
/formula	Construire une formule - Formule Excel	-	-	-	ARCHIVER (regroupee)	published	0
/fossilobject	Objet fossile	-	-	-	ARCHIVER (hors_selection)	draft	0
/founderdialogue	Mentor entrepreneur simulé - Steve Jobs inspiré	-	-	-	ARCHIVER (regroupee)	published	0
/founderdialogue	Mentor entrepreneur simulé - Fondateur frugal	-	-	-	ARCHIVER (regroupee)	published	0
/foundermag	Magazine de fondateur original - Double page	-	-	-	ARCHIVER (regroupee)	published	0
/founderproductportrait	Fondateur avec son produit - Fondateur en atelier	-	-	-	ARCHIVER (hors_selection)	published	0
/founderproductportrait	Fondateur avec son produit - Fondateur en studio	-	-	-	ARCHIVER (hors_selection)	published	0
/founderproductportrait	Fondateur avec son produit - Fondateur et équipe	-	-	-	ARCHIVER (hors_selection)	published	0
/fragranceworld	Univers de parfum - Paysage minéral	-	-	-	ARCHIVER (hors_selection)	published	0
/fragranceworld	Univers de parfum - Pluie de pétales	-	-	-	ARCHIVER (hors_selection)	published	0
/fragranceworld	Univers de parfum - Jardin d'ingrédients	-	-	-	ARCHIVER (hors_selection)	published	0
/franchisebrief	Structurer un projet de franchise	-	-	-	ARCHIVER (hors_selection)	archived	0
/freelancecontract	Contrat freelance	-	-	-	ARCHIVER (regroupee)	archived	0
/freelanceicon	Le développeur au tableau	-	-	-	ARCHIVER (regroupee)	published	0
/freemannarrator	Narrateur inspiré de Morgan Freeman — Perspective et recul	-	-	-	ARCHIVER (regroupee)	published	0
/freemannarrator	Narrateur inspiré de Morgan Freeman — Récit apaisé	-	-	-	ARCHIVER (regroupee)	published	0
/freezeecho	Trois instants, une image	-	-	-	ARCHIVER (hors_selection)	draft	0
/fridabotanical	Portrait - Frida Kahlo	-	-	-	ARCHIVER (hors_selection)	published	0
/friendcontact	Cabine à trois	-	-	-	ARCHIVER (hors_selection)	published	0
/friendcontact	Dernière rangée	-	-	-	ARCHIVER (hors_selection)	published	0
/friendcontact	La table des amis	-	-	-	ARCHIVER (hors_selection)	published	0
/friendshipportrait	Portrait d’amitié	-	-	-	ARCHIVER (hors_selection)	published	0
/frontview	Vue de face	-	-	-	ARCHIVER (hors_selection)	published	0
/frozenimpact	Impact suspendu — Impact d'eau	-	-	-	ARCHIVER (regroupee)	published	0
/fullbodyportrait	Portrait en pied	-	-	-	ARCHIVER (hors_selection)	published	0
/fumee-coloree	Fumée sculptée	-	-	-	ARCHIVER (hors_selection)	draft	0
/fundingneeds	Estimer un besoin de financement	-	-	-	ARCHIVER (regroupee)	archived	0
/funnelaudit	Diagnostiquer les freins à la conversion	-	-	-	ARCHIVER (hors_selection)	archived	0
/fusain	Portrait au fusain	-	-	-	ARCHIVER (hors_selection)	published	0
/future2050	Portrait 2050	-	-	-	ARCHIVER (hors_selection)	published	0
/futurearchaeology	Archéologie du futur	-	-	-	ARCHIVER (hors_selection)	published	0
/futuredescendant	Descendant futur	-	-	-	ARCHIVER (hors_selection)	published	0
/futureelder	Portrait futur âgé	-	-	-	ARCHIVER (hors_selection)	published	0
/futureheadline	Une de mon futur	-	-	-	ARCHIVER (hors_selection)	published	0
/gameavatar	Avatar de jeu - Pixel RPG	-	-	-	ARCHIVER (hors_selection)	published	0
/gameavatar	Avatar de jeu - RPG réaliste	-	-	-	ARCHIVER (hors_selection)	published	0
/gameavatar	Avatar de jeu - Carte de personnage	-	-	-	ARCHIVER (hors_selection)	published	0
/gamecharacter	Personnage de jeu	-	-	-	ARCHIVER (hors_selection)	published	0
/gamecover	Jaquette de jeu fictif - RPG épique	-	-	-	ARCHIVER (hors_selection)	published	0
/gamecover	Jaquette de jeu fictif - Course arcade	-	-	-	ARCHIVER (hors_selection)	published	0
/gamecover	Jaquette de jeu fictif - Indie pixel	-	-	-	ARCHIVER (hors_selection)	published	0
/gameworldavatar	Avatar dans un monde de jeu - Commandant stratégique	-	-	-	ARCHIVER (hors_selection)	published	0
/gameworldavatar	Avatar dans un monde de jeu - Héros de RPG	-	-	-	ARCHIVER (hors_selection)	published	0
/gameworldavatar	Avatar dans un monde de jeu - Pilote de course	-	-	-	ARCHIVER (hors_selection)	published	0
/gapanalysis	Passer de l’existant à une cible	-	-	-	ARCHIVER (regroupee)	archived	0
/gardendesign	Aménager un jardin - Cour compacte	-	-	-	ARCHIVER (hors_selection)	published	0
/gardendesign	Aménager un jardin - Tropical sobre	-	-	-	ARCHIVER (hors_selection)	published	0
/gdprcheck	Repérage RGPD	-	-	-	ARCHIVER (regroupee)	archived	0
/ghostview	Vue transparente - Coque fantôme	-	-	-	ARCHIVER (regroupee)	published	0
/ghostview	Vue transparente - Verre dépoli	-	-	-	ARCHIVER (regroupee)	published	0
/giantcity	Géant dans la ville	-	-	-	ARCHIVER (hors_selection)	published	0
/giantcompanion	Rencontre avec un personnage géant - Géant sur la plage	-	-	-	ARCHIVER (regroupee)	published	0
/giantcompanion	Rencontre avec un personnage géant - Géant en ville	-	-	-	ARCHIVER (regroupee)	published	0
/giantme	Personne géante - Ville miniature	-	-	-	ARCHIVER (hors_selection)	published	0
/giantme	Personne géante - Table domestique	-	-	-	ARCHIVER (hors_selection)	published	0
/giftboxmockup	Coffret cadeau	-	-	-	ARCHIVER (hors_selection)	published	0
/giftcard	Carte cadeau	-	-	-	ARCHIVER (hors_selection)	archived	0
/giftscene	Produit en cadeau	-	-	-	ARCHIVER (hors_selection)	published	0
/glarecontrol	Reflets contrôlés	-	-	-	ARCHIVER (hors_selection)	published	0
/glassestry	Essai lunettes	-	-	-	ARCHIVER (hors_selection)	published	0
/glassestryon	Essayage lunettes	-	-	-	ARCHIVER (hors_selection)	archived	0
/glassfinish	Finition verre	-	-	-	ARCHIVER (hors_selection)	published	0
/glasslayerportrait	Portrait derrière le verre - Prisme optique	-	-	-	ARCHIVER (regroupee)	published	0
/glassportrait	Portrait derrière verre - Verre strié	-	-	-	ARCHIVER (hors_selection)	published	0
/glassportrait	Portrait derrière verre - Vitre pluie	-	-	-	ARCHIVER (hors_selection)	published	0
/glassportrait	Sculpture de verre	-	-	-	ARCHIVER (hors_selection)	draft	0
/glassportrait	Portrait derrière verre - Prisme	-	-	-	ARCHIVER (hors_selection)	published	0
/glassskin	Verre sculptural — Armure de verre	-	-	-	ARCHIVER (regroupee)	published	0
/glossfinish	Finition brillante	-	-	-	ARCHIVER (hors_selection)	published	0
/glossycloseup	Gros plan beauté brillant - Gloss naturel	-	-	-	ARCHIVER (hors_selection)	published	0
/glossycloseup	Gros plan beauté brillant - Regard métallique	-	-	-	ARCHIVER (hors_selection)	published	0
/glossycloseup	Gros plan beauté brillant - Bijou de visage	-	-	-	ARCHIVER (hors_selection)	published	0
/goalcoach	Coach d'objectif - Habitude	-	-	-	ARCHIVER (regroupee)	published	0
/goalcoach	Coach d'objectif - Plan progressif	-	-	-	ARCHIVER (regroupee)	published	0
/goalsystem	Système d’objectifs	-	-	-	ARCHIVER (regroupee)	archived	0
/goldseam	Or et réparation — Céramique kintsugi	-	-	-	ARCHIVER (hors_selection)	published	0
/goldseam	Or et réparation — Costume coutures d'or	-	-	-	ARCHIVER (hors_selection)	published	0
/gothamscene	Scène nocturne de Gotham — Signal sur les toits	-	-	-	ARCHIVER (hors_selection)	published	0
/gothamscene	Scène nocturne de Gotham — Enquête dans la ruelle	-	-	-	ARCHIVER (hors_selection)	published	0
/gouache-portrait	Portrait gouache	-	-	-	ARCHIVER (hors_selection)	published	0
/gouacheobject	Gouache	-	-	-	ARCHIVER (hors_selection)	published	0
/gouroheritage	Portrait gouro	-	-	-	ARCHIVER (hors_selection)	published	0
/gradientbackdrop	Fond dégradé	-	-	-	ARCHIVER (hors_selection)	published	0
/gradientfinish	Dégradé matière	-	-	-	ARCHIVER (hors_selection)	published	0
/graduation	Célébrer un diplôme - Portrait campus	-	-	-	ARCHIVER (hors_selection)	published	0
/graduation	Célébrer un diplôme - Affiche réussite	-	-	-	ARCHIVER (hors_selection)	published	0
/graduation	Célébrer un diplôme - Lancer de toque	-	-	-	ARCHIVER (hors_selection)	published	0
/graduationlook	Tenue de diplômé	-	-	-	ARCHIVER (hors_selection)	published	0
/graphite	Portrait graphite	-	-	-	ARCHIVER (hors_selection)	published	0
/gravitypause	Gravité en pause	-	-	-	ARCHIVER (hors_selection)	draft	0
/growthideas	Trouver et tester des idées utiles	-	-	-	ARCHIVER (hors_selection)	archived	0
/gtmplan	Préparer l’accès à un marché	-	-	-	ARCHIVER (hors_selection)	archived	0
/gummyobject	Objet gélifié	-	-	-	ARCHIVER (hors_selection)	draft	0
/gymlifestyle	Univers sportif	-	-	-	ARCHIVER (hors_selection)	published	0
/habeshaceremony	Cérémonie habesha	-	-	-	ARCHIVER (hors_selection)	published	0
/hairboard	Planche de coiffures - Quatre coupes	-	-	-	ARCHIVER (hors_selection)	published	0
/hairboard	Planche de coiffures - Vue salon trois angles	-	-	-	ARCHIVER (hors_selection)	published	0
/haircolor	Simuler une coloration - Coloration cachée	-	-	-	ARCHIVER (hors_selection)	published	0
/haircolor	Simuler une coloration - Couleur uniforme	-	-	-	ARCHIVER (hors_selection)	published	0
/haircolor	Couleur de cheveux	-	-	-	ARCHIVER (hors_selection)	published	0
/haircolor	Simuler une coloration - Split dye	-	-	-	ARCHIVER (hors_selection)	published	0
/haircolor	Simuler une coloration - Balayage	-	-	-	ARCHIVER (hors_selection)	published	0
/hairstyle	Nouvelle coiffure	-	-	-	ARCHIVER (hors_selection)	published	0
/hairstyle	Essayer une coiffure - Locks	-	-	-	ARCHIVER (hors_selection)	published	0
/hairstyle	Essayer une coiffure - Coupe courte	-	-	-	ARCHIVER (hors_selection)	published	0
/hairstyle	Essayer une coiffure - Perruque	-	-	-	ARCHIVER (hors_selection)	published	0
/hairstyle	Essayer une coiffure - Tresses	-	-	-	ARCHIVER (hors_selection)	published	0
/halloween	Portrait Halloween - Sorcière éditoriale	-	-	-	ARCHIVER (hors_selection)	published	0
/halloween	Portrait Halloween - Affiche horreur 80	-	-	-	ARCHIVER (hors_selection)	published	0
/halloween	Portrait Halloween - Cabinet gothique	-	-	-	ARCHIVER (hors_selection)	published	0
/halo-electrique	Halo électrique	-	-	-	ARCHIVER (hors_selection)	draft	0
/hanbokportrait	Portrait en hanbok	-	-	-	ARCHIVER (hors_selection)	published	0
/handheldproduct	Produit en main	-	-	-	ARCHIVER (hors_selection)	published	0
/handletteredlabel	Étiquette lettrée à la main - Bocal artisanal	-	-	-	ARCHIVER (hors_selection)	published	0
/handletteredlabel	Étiquette lettrée à la main - Bougie	-	-	-	ARCHIVER (hors_selection)	published	0
/handletteredlabel	Étiquette lettrée à la main - Boisson artisanale	-	-	-	ARCHIVER (hors_selection)	published	0
/handoffclean	Plan de migration prudent	-	-	-	ARCHIVER (regroupee)	published	0
/handoffclean	Ticket sans ambiguïté	-	-	-	ARCHIVER (regroupee)	published	0
/handoffclean	Recette de fonctionnalité	-	-	-	ARCHIVER (regroupee)	published	0
/handover	Préparer une passation	-	-	-	ARCHIVER (regroupee)	archived	0
/handwritten	Rendu manuscrit - Tableau de notes	-	-	-	ARCHIVER (regroupee)	published	0
/handwritten	Rendu manuscrit - Carnet d'étude	-	-	-	ARCHIVER (regroupee)	published	0
/handwritten	Rendu manuscrit - Lettre personnelle	-	-	-	ARCHIVER (regroupee)	published	0
/handwrittenmenu	Menu manuscrit premium - Menu gastronomique	-	-	-	ARCHIVER (hors_selection)	published	0
/handwrittenmenu	Menu manuscrit premium - Carte de café	-	-	-	ARCHIVER (hors_selection)	published	0
/handwrittenmenu	Menu manuscrit premium - Menu bistrot	-	-	-	ARCHIVER (hors_selection)	published	0
/handwrittenmessage	Message manuscrit mis en scène - Lettre intime	-	-	-	ARCHIVER (hors_selection)	published	0
/handwrittenmessage	Message manuscrit mis en scène - Mot sur miroir	-	-	-	ARCHIVER (hors_selection)	published	0
/handwrittenmessage	Message manuscrit mis en scène - Carte cadeau	-	-	-	ARCHIVER (hors_selection)	published	0
/happy2027	Vœux 2027 - Gala entre amis	-	-	-	ARCHIVER (hors_selection)	published	0
/happy2027	Vœux 2027 - Carte photo de vœux	-	-	-	ARCHIVER (hors_selection)	published	0
/happy2027	Vœux 2027 - Montage familial	-	-	-	ARCHIVER (hors_selection)	published	0
/happy2027	Vœux 2027 - Affiche 2027	-	-	-	ARCHIVER (hors_selection)	published	0
/happy2027	Vœux 2027 - Sapin de lumière	-	-	-	ARCHIVER (hors_selection)	published	0
/hardflashportrait	Flash frontal	-	-	-	ARCHIVER (hors_selection)	published	0
/hardlightdiary	Ombre de palmier	-	-	-	ARCHIVER (hors_selection)	published	0
/hardlightdiary	Store vénitien	-	-	-	ARCHIVER (hors_selection)	published	0
/hardlightdiary	Midi sur béton	-	-	-	ARCHIVER (hors_selection)	published	0
/hauntedmirror	Reflet hanté	-	-	-	ARCHIVER (hors_selection)	draft	0
/hausaheritage	Élégance haoussa	-	-	-	ARCHIVER (hors_selection)	published	0
/headline	Accroches fortes	-	-	-	ARCHIVER (regroupee)	archived	0
/headshot	Portrait professionnel - Créatif chaleureux	-	-	-	ARCHIVER (regroupee)	published	0
/headshot	Portrait professionnel - Dirigeant cinéma	-	-	-	ARCHIVER (regroupee)	published	0
/headshot	Portrait professionnel - LinkedIn naturel	-	-	-	ARCHIVER (regroupee)	published	0
/headshot	Portrait professionnel - Fondateur high key	-	-	-	ARCHIVER (regroupee)	published	0
/heritagewatchad	Publicité de montre patrimoniale - Rolex patrimoine	-	-	-	ARCHIVER (hors_selection)	published	0
/heritagewatchad	Publicité de montre patrimoniale - Macro mécanisme	-	-	-	ARCHIVER (hors_selection)	published	0
/heritagewatchad	Publicité de montre patrimoniale - Montre et costume	-	-	-	ARCHIVER (hors_selection)	published	0
/heroangle	Angle héroïque	-	-	-	ARCHIVER (hors_selection)	published	0
/heroensembleposter	Affiche d'équipe héroïque - Duo rival	-	-	-	ARCHIVER (regroupee)	published	0
/heroensembleposter	Affiche d'équipe héroïque - Équipe de cinq	-	-	-	ARCHIVER (regroupee)	published	0
/heroportrait	Portrait de super-héros - Symbiote doré	-	-	-	ARCHIVER (hors_selection)	published	0
/heroportrait	Portrait de super-héros - Armure afrofuturiste	-	-	-	ARCHIVER (hors_selection)	published	0
/heroportrait	Portrait de super-héros - Héros urbain	-	-	-	ARCHIVER (hors_selection)	published	0
/highangleportrait	Plongée douce	-	-	-	ARCHIVER (hors_selection)	published	0
/highangleproduct	Vue en plongée	-	-	-	ARCHIVER (hors_selection)	published	0
/highkeyproduct	Studio high-key	-	-	-	ARCHIVER (hors_selection)	published	0
/historydialogue	Dialogue historique simulé - Entretien historique	-	-	-	ARCHIVER (regroupee)	published	0
/hokusaiwave	Portrait - Katsushika Hokusai	-	-	-	ARCHIVER (hors_selection)	published	0
/holidaycreative	Créatif fête	-	-	-	ARCHIVER (hors_selection)	archived	0
/hologlass	Verre augmenté — Vitrine holographique	-	-	-	ARCHIVER (regroupee)	published	0
/hologram	Hologramme - Portrait scanner	-	-	-	ARCHIVER (hors_selection)	published	0
/hologram	Hologramme - Projection table	-	-	-	ARCHIVER (hors_selection)	published	0
/hologramportrait	Portrait hologramme	-	-	-	ARCHIVER (hors_selection)	published	0
/homerdialogue	Homer Simpson, pragmatique décalé — Problème du quotidien	-	-	-	ARCHIVER (regroupee)	published	0
/homestaging	Valoriser un logement - Meublé discret	-	-	-	ARCHIVER (regroupee)	published	0
/homestaging	Valoriser un logement - Désencombrement	-	-	-	ARCHIVER (regroupee)	published	0
/horrorposter	Affiche d’horreur	-	-	-	ARCHIVER (hors_selection)	published	0
/howitworks	Comment ça fonctionne	-	-	-	ARCHIVER (hors_selection)	published	0
/howtovisual	Guide visuel pratique - Checklist illustrée	-	-	-	ARCHIVER (hors_selection)	published	0
/howtovisual	Guide visuel pratique - Pas à pas	-	-	-	ARCHIVER (hors_selection)	published	0
/hrcoach	Assistant ressources humaines - Recrutement	-	-	-	ARCHIVER (regroupee)	published	0
/hudportrait	Portrait interface futuriste - Radar lumineux	-	-	-	ARCHIVER (hors_selection)	published	0
/hudportrait	Portrait interface futuriste - HUD métier	-	-	-	ARCHIVER (hors_selection)	published	0
/humanize	Rendre un texte naturel - Voix personnelle	-	-	-	ARCHIVER (regroupee)	published	0
/humanize	Rendre un texte naturel - Voix de marque	-	-	-	ARCHIVER (regroupee)	published	0
/humanlanding	Landing page humaine	-	-	-	ARCHIVER (regroupee)	archived	0
/icearmor	Glace sculptée — Objet gelé	-	-	-	ARCHIVER (regroupee)	published	0
/iceobject	Objet de glace	-	-	-	ARCHIVER (hors_selection)	draft	0
/iceportrait	Sculpture de glace	-	-	-	ARCHIVER (hors_selection)	draft	0
/ideation	Atelier d'idées - Idées contraintes	-	-	-	ARCHIVER (regroupee)	published	0
/idphoto	Photo d'identité préparatoire - Recadrage conforme	-	-	-	ARCHIVER (hors_selection)	published	0
/idphoto	Photo d'identité préparatoire - Fond neutre	-	-	-	ARCHIVER (hors_selection)	published	0
/igboheritage	Portrait igbo	-	-	-	ARCHIVER (hors_selection)	published	0
/ile-survie	L’île des décisions	-	-	-	ARCHIVER (regroupee)	archived	0
/imagepromptdebug	Debug image prompt	-	-	-	ARCHIVER (regroupee)	archived	0
/impossiblescene	Scène impossible - Ville dans cheveux	-	-	-	ARCHIVER (hors_selection)	published	0
/impossiblescene	Scène impossible - Plafond gravitationnel	-	-	-	ARCHIVER (hors_selection)	published	0
/impossiblescene	Scène impossible - Poche géante	-	-	-	ARCHIVER (hors_selection)	published	0
/impressionistobject	Objet impressionniste	-	-	-	ARCHIVER (hors_selection)	published	0
/indianweddingportrait	Mariage punjabi	-	-	-	ARCHIVER (hors_selection)	published	0
/infographic	Infographie - Chiffre clé	-	-	-	ARCHIVER (regroupee)	published	0
/infographic	Infographie - Infographie modulaire	-	-	-	ARCHIVER (regroupee)	published	0
/infographic	Infographie - Infographie verticale	-	-	-	ARCHIVER (regroupee)	published	0
/ingredientburst	Explosion d’ingrédients	-	-	-	ARCHIVER (hors_selection)	archived	0
/ingredienthero	Ingrédients vedettes	-	-	-	ARCHIVER (hors_selection)	published	0
/ingredientstory	Histoire des ingrédients - Ingrédients en lévitation	-	-	-	ARCHIVER (hors_selection)	published	0
/ingredientstory	Histoire des ingrédients - Flat lay recette	-	-	-	ARCHIVER (hors_selection)	published	0
/inkdrawing	Dessin à l'encre - Ligne continue	-	-	-	ARCHIVER (hors_selection)	published	0
/inkdrawing	Dessin à l'encre - Gravure	-	-	-	ARCHIVER (hors_selection)	published	0
/inkmargin	Lettre sur papier ivoire	-	-	-	ARCHIVER (hors_selection)	published	0
/inkmargin	Le carnet de créatif	-	-	-	ARCHIVER (hors_selection)	published	0
/inkmargin	Notes au stylo bleu	-	-	-	ARCHIVER (hors_selection)	published	0
/inkobject	Encre expressive	-	-	-	ARCHIVER (hors_selection)	published	0
/inktechnicalposter	Plan technique à l'encre - Croquis d'architecture	-	-	-	ARCHIVER (hors_selection)	published	0
/inktechnicalposter	Plan technique à l'encre - Mécanisme à l'encre	-	-	-	ARCHIVER (hors_selection)	published	0
/inktechnicalposter	Plan technique à l'encre - Objet annoté	-	-	-	ARCHIVER (hors_selection)	published	0
/innerchildhug	Rencontre avec son enfant intérieur	-	-	-	ARCHIVER (hors_selection)	published	0
/insectself	Humain-insecte	-	-	-	ARCHIVER (hors_selection)	draft	0
/instagramcaption	Caption Instagram	-	-	-	ARCHIVER (regroupee)	archived	0
/installationguide	Guide d’installation	-	-	-	ARCHIVER (hors_selection)	published	0
/interviewgame	Simulation d'entretien - Entretien RH	-	-	-	ARCHIVER (regroupee)	published	0
/interviewgame	Simulation d'entretien - Entretien technique	-	-	-	ARCHIVER (regroupee)	published	0
/interviewkit	Kit de recrutement - Guide entretien	-	-	-	ARCHIVER (regroupee)	published	0
/interviewkit	Kit de recrutement - Grille de notation	-	-	-	ARCHIVER (regroupee)	published	0
/interviewprep	Se préparer à un entretien	-	-	-	ARCHIVER (hors_selection)	archived	0
/interviewquestions	Questions d'entretien	-	-	-	ARCHIVER (hors_selection)	archived	0
/inventory	Suivre un stock - Stock calculé	-	-	-	ARCHIVER (hors_selection)	published	0
/inventory	Suivre un stock - Inventaire physique	-	-	-	ARCHIVER (hors_selection)	published	0
/investisseur	Face à l’investisseur	-	-	-	ARCHIVER (regroupee)	archived	0
/investmentbrief	Comprendre un investissement	-	-	-	ARCHIVER (hors_selection)	archived	0
/investorpitch	Pitch investisseur	-	-	-	ARCHIVER (regroupee)	archived	0
/investorreveal	Révélation produit investisseurs	-	-	-	ARCHIVER (hors_selection)	published	0
/invisiblepedestal	Objet en lévitation — Produit suspendu	-	-	-	ARCHIVER (regroupee)	published	0
/invitation	Invitation visuelle - Papier embossé	-	-	-	ARCHIVER (regroupee)	published	0
/invoice	Préparer ou contrôler une facture	-	-	-	ARCHIVER (regroupee)	archived	0
/invoice	Préparer une facture - Facture calculée	-	-	-	ARCHIVER (regroupee)	published	0
/invoice	Préparer une facture - Facture PDF	-	-	-	ARCHIVER (regroupee)	published	0
/invoicecheck	Contrôle de facture	-	-	-	ARCHIVER (regroupee)	archived	0
/iridescentfinish	Iridescence	-	-	-	ARCHIVER (hors_selection)	published	0
/isometric	Scène isométrique - Ville diorama	-	-	-	ARCHIVER (regroupee)	published	0
/isometric	Scène isométrique - Bureau métier	-	-	-	ARCHIVER (regroupee)	published	0
/isometric	Scène isométrique - Pièce miniature	-	-	-	ARCHIVER (regroupee)	published	0
/ivorianeditorial	Éditorial ivoirien - Baoulé contemporain	-	-	-	ARCHIVER (hors_selection)	published	0
/ivorianeditorial	Éditorial ivoirien - Sénoufo graphique	-	-	-	ARCHIVER (hors_selection)	published	0
/ivorianeditorial	Éditorial ivoirien - Abidjan couture	-	-	-	ARCHIVER (hors_selection)	published	0
/ivorianvoice	Message de boutique WhatsApp	-	-	-	ARCHIVER (regroupee)	published	0
/ivorianvoice	Lancement campus	-	-	-	ARCHIVER (regroupee)	published	0
/jarlabel	Pot et bocal	-	-	-	ARCHIVER (hors_selection)	published	0
/jeu-negociation	Le marché des alliances	-	-	-	ARCHIVER (regroupee)	archived	0
/jewelfocusportrait	Portrait centré sur le bijou - Collier signature	-	-	-	ARCHIVER (hors_selection)	published	0
/jewelfocusportrait	Portrait centré sur le bijou - Montre au poignet	-	-	-	ARCHIVER (hors_selection)	published	0
/jewelfocusportrait	Portrait centré sur le bijou - Boucles d'oreilles	-	-	-	ARCHIVER (hors_selection)	published	0
/jewelrydetail	Bijou en détail	-	-	-	ARCHIVER (hors_selection)	published	0
/jewelryhousead	Campagne haute joaillerie - Cartier rouge	-	-	-	ARCHIVER (hors_selection)	published	0
/jewelryhousead	Campagne haute joaillerie - Bijou architecture	-	-	-	ARCHIVER (hors_selection)	published	0
/jewelryhousead	Campagne haute joaillerie - Portrait joaillerie	-	-	-	ARCHIVER (hors_selection)	published	0
/jewelrytryon	Essayage bijoux	-	-	-	ARCHIVER (hors_selection)	archived	0
/jobdescription	Fiche de poste - Annonce emploi	-	-	-	ARCHIVER (regroupee)	published	0
/jobdescription	Fiche de poste - Fiche de poste	-	-	-	ARCHIVER (regroupee)	published	0
/journey	Cartographier l’expérience client	-	-	-	ARCHIVER (hors_selection)	archived	0
/jurassicexpedition	Expédition préhistorique fictive — Rencontre dans la brume	-	-	-	ARCHIVER (hors_selection)	published	0
/jurassicexpedition	Expédition préhistorique fictive — Observatoire tropical	-	-	-	ARCHIVER (hors_selection)	published	0
/jury-sans-pitie	Jury sans pitié	-	-	-	ARCHIVER (regroupee)	archived	0
/kabyle	Portrait kabyle	-	-	-	ARCHIVER (hors_selection)	published	0
/kaiju-bureau	Géant de bureau	-	-	-	ARCHIVER (hors_selection)	draft	0
/kebaya	Portrait en kebaya	-	-	-	ARCHIVER (hors_selection)	published	0
/kente-ewe	Portrait kente ewe	-	-	-	ARCHIVER (hors_selection)	published	0
/kenteedition	Édition kente	-	-	-	ARCHIVER (hors_selection)	published	0
/kenteheritage	Portrait kente	-	-	-	ARCHIVER (hors_selection)	published	0
/keyextract	Extraire les informations clés - Faits et chiffres	-	-	-	ARCHIVER (regroupee)	published	0
/keyextract	Extraire les informations clés - Engagements à suivre	-	-	-	ARCHIVER (regroupee)	published	0
/keyholeclub	Dans le judas	-	-	-	ARCHIVER (hors_selection)	published	0
/keyholeclub	Cabine du DJ	-	-	-	ARCHIVER (hors_selection)	published	0
/keyholeclub	Sous le panier	-	-	-	ARCHIVER (hors_selection)	published	0
/kimonoheritage	Portrait en kimono	-	-	-	ARCHIVER (hors_selection)	published	0
/kingdomportrait	Portrait des royaumes africains - Nubie royale	-	-	-	ARCHIVER (hors_selection)	published	0
/kingdomportrait	Portrait des royaumes africains - Cour akan	-	-	-	ARCHIVER (hors_selection)	published	0
/kingdomportrait	Portrait des royaumes africains - Cour du Mali	-	-	-	ARCHIVER (hors_selection)	published	0
/kitchen	Aménager une cuisine - Cuisine sombre	-	-	-	ARCHIVER (hors_selection)	published	0
/kitchen	Aménager une cuisine - Cuisine claire	-	-	-	ARCHIVER (hors_selection)	published	0
/kitchenlifestyle	Scène de cuisine	-	-	-	ARCHIVER (hors_selection)	published	0
/kitchenredesign	Réaménager une cuisine	-	-	-	ARCHIVER (hors_selection)	archived	0
/klimtgold	Portrait - Gustav Klimt	-	-	-	ARCHIVER (hors_selection)	published	0
/kpi	Définir des indicateurs utiles	-	-	-	ARCHIVER (regroupee)	archived	0
/labelmockup	Étiquette sur produit	-	-	-	ARCHIVER (hors_selection)	published	0
/labelstraighten	Étiquette redressée	-	-	-	ARCHIVER (hors_selection)	published	0
/lagoonhour	Escalier du matin	-	-	-	ARCHIVER (hors_selection)	published	0
/lagoonhour	Plateau bleu nuit	-	-	-	ARCHIVER (hors_selection)	published	0
/lagoonhour	Lagune argentée	-	-	-	ARCHIVER (hors_selection)	published	0
/lagoonmystery	Le studio fermé	-	-	-	ARCHIVER (regroupee)	published	0
/lagoonmystery	Le carnet du maquis	-	-	-	ARCHIVER (regroupee)	published	0
/lagoonvoices	Le technicien tranquille	-	-	-	ARCHIVER (regroupee)	published	0
/lagoonvoices	La DJ des possibles	-	-	-	ARCHIVER (regroupee)	published	0
/lagoonvoices	La curatrice du Plateau	-	-	-	ARCHIVER (regroupee)	published	0
/landingaudit	Audit landing	-	-	-	ARCHIVER (hors_selection)	archived	0
/landingbuild	HTML accessible	-	-	-	ARCHIVER (hors_selection)	published	0
/landingbuild	Prototype de contenu	-	-	-	ARCHIVER (hors_selection)	published	0
/landingbuild	Plan mobile d'abord	-	-	-	ARCHIVER (hors_selection)	published	0
/landingcopy	Créer ou améliorer une page de vente	-	-	-	ARCHIVER (regroupee)	archived	0
/landingpage	Rédiger une landing page - Page de vente	-	-	-	ARCHIVER (regroupee)	published	0
/landingpage	Rédiger une landing page - Page d'inscription	-	-	-	ARCHIVER (regroupee)	published	0
/landingpage	Atelier page de vente	-	-	-	ARCHIVER (regroupee)	archived	0
/landingproduct	Le téléchargement utile	-	-	-	ARCHIVER (regroupee)	published	0
/landingproduct	L'outil en action	-	-	-	ARCHIVER (regroupee)	published	0
/landingproduct	La liste d'attente honnête	-	-	-	ARCHIVER (regroupee)	published	0
/landingproof	La page sans témoignages	-	-	-	ARCHIVER (regroupee)	published	0
/landingproof	La page preuve d'abord	-	-	-	ARCHIVER (regroupee)	published	0
/landingproof	La page comparaison	-	-	-	ARCHIVER (regroupee)	published	0
/landingservice	Le freelance en une page	-	-	-	ARCHIVER (regroupee)	published	0
/landingservice	La formation concrète	-	-	-	ARCHIVER (regroupee)	published	0
/landingservice	Le rendez-vous local	-	-	-	ARCHIVER (regroupee)	published	0
/laser-grid	Grille laser	-	-	-	ARCHIVER (hors_selection)	draft	0
/launchmicrocopy	Le paywall clair	-	-	-	ARCHIVER (regroupee)	published	0
/launchmicrocopy	Le premier usage	-	-	-	ARCHIVER (regroupee)	published	0
/launchplan	Préparer un lancement	-	-	-	ARCHIVER (hors_selection)	archived	0
/launchposter	Affiche de lancement	-	-	-	ARCHIVER (hors_selection)	published	0
/launchposter	Affiche de lancement	-	-	-	ARCHIVER (hors_selection)	archived	0
/launchtriptych	Usage décisif	-	-	-	ARCHIVER (hors_selection)	published	0
/launchtriptych	Révélation centrale	-	-	-	ARCHIVER (hors_selection)	published	0
/launchtriptych	Mystère matière	-	-	-	ARCHIVER (hors_selection)	published	0
/launchvisual	Visuel de lancement - Reveal	-	-	-	ARCHIVER (hors_selection)	published	0
/launchvisual	Visuel de lancement - Compte à rebours	-	-	-	ARCHIVER (hors_selection)	published	0
/launchvisual	Visuel de lancement - Teaser	-	-	-	ARCHIVER (hors_selection)	published	0
/lavaobject	Objet volcanique	-	-	-	ARCHIVER (hors_selection)	draft	0
/leadershipavatar	Avatar de leadership	-	-	-	ARCHIVER (hors_selection)	published	0
/leadmagnet	Créer un contenu utile à offrir	-	-	-	ARCHIVER (regroupee)	archived	0
/learn	Comprendre et réviser un sujet	-	-	-	ARCHIVER (regroupee)	archived	0
/learnback	Le rappel avant indice	-	-	-	ARCHIVER (regroupee)	published	0
/learnback	Le contraste utile	-	-	-	ARCHIVER (regroupee)	published	0
/learnback	Explique à un ami	-	-	-	ARCHIVER (regroupee)	published	0
/learningpath	Construire un parcours d’apprentissage	-	-	-	ARCHIVER (regroupee)	archived	0
/leatherfinish	Finition cuir	-	-	-	ARCHIVER (hors_selection)	published	0
/legacyportrait	Portrait d’héritage	-	-	-	ARCHIVER (hors_selection)	published	0
/legalassistant	Assistant juridique documentaire - Préparer rendez-vous	-	-	-	ARCHIVER (regroupee)	published	0
/legalnotice	Préparer les mentions légales	-	-	-	ARCHIVER (regroupee)	archived	0
/legalplain	Texte simplifiée	-	-	-	ARCHIVER (regroupee)	archived	0
/legalportrait	Portrait juridique	-	-	-	ARCHIVER (hors_selection)	published	0
/legalriskreview	Revue de risques juridiques	-	-	-	ARCHIVER (regroupee)	archived	0
/lenticular	Portrait lenticulaire fixe	-	-	-	ARCHIVER (hors_selection)	draft	0
/lessonplan	Construire un cours - Fiche exercices	-	-	-	ARCHIVER (regroupee)	published	0
/lessonplan	Construire un cours - Support de cours	-	-	-	ARCHIVER (regroupee)	published	0
/lessonplan	Construire un cours - Plan de séance	-	-	-	ARCHIVER (regroupee)	published	0
/lessonplan	Construire une séance de formation	-	-	-	ARCHIVER (regroupee)	archived	0
/letter	Rédiger un courrier - Courrier formel	-	-	-	ARCHIVER (regroupee)	published	0
/letter	Rédiger un courrier - Message personnel	-	-	-	ARCHIVER (regroupee)	published	0
/levitationorbit	Orbite en lévitation	-	-	-	ARCHIVER (hors_selection)	published	0
/lifeline	Frise de vie	-	-	-	ARCHIVER (hors_selection)	published	0
/lightpaintingobject	Objet peint par la lumière	-	-	-	ARCHIVER (hors_selection)	draft	0
/lightportrait	Étude de lumière - Projecteur circulaire	-	-	-	ARCHIVER (hors_selection)	published	0
/lightportrait	Étude de lumière - Lumière fenêtre	-	-	-	ARCHIVER (hors_selection)	published	0
/lightportrait	Étude de lumière - Lumière cinéma latérale	-	-	-	ARCHIVER (hors_selection)	published	0
/ligne-continue	Portrait en un trait	-	-	-	ARCHIVER (hors_selection)	published	0
/liminalself	Pause dans un lieu étrange	-	-	-	ARCHIVER (hors_selection)	draft	0
/limiteddrop	Édition limitée	-	-	-	ARCHIVER (hors_selection)	published	0
/linkedinad	Publicité LinkedIn	-	-	-	ARCHIVER (hors_selection)	archived	0
/liquidchrome	Chrome liquide — Produit chrome fondu	-	-	-	ARCHIVER (regroupee)	published	0
/liquidobject	Objet liquide	-	-	-	ARCHIVER (hors_selection)	draft	0
/livingroom	Aménager un salon - Minimal chaleureux	-	-	-	ARCHIVER (hors_selection)	published	0
/livingroom	Aménager un salon - Japandi	-	-	-	ARCHIVER (hors_selection)	published	0
/livingroom	Aménager un salon - Afro contemporain	-	-	-	ARCHIVER (hors_selection)	published	0
/livingtype	Portrait typographique — Silhouette de mots	-	-	-	ARCHIVER (hors_selection)	published	0
/livingtype	Portrait typographique — Sortie de cadre	-	-	-	ARCHIVER (hors_selection)	published	0
/loancompare	Comparer des offres de financement	-	-	-	ARCHIVER (hors_selection)	archived	0
/localcontract	Contrat adapté au territoire — Prestation indépendante	-	-	-	ARCHIVER (regroupee)	published	0
/localcontract	Contrat adapté au territoire — Accord de confidentialité	-	-	-	ARCHIVER (regroupee)	published	0
/localdeliverable	Livrable professionnel localisé — Procès-verbal de réception	-	-	-	ARCHIVER (regroupee)	published	0
/localfuture	Mon quartier demain	-	-	-	ARCHIVER (hors_selection)	draft	0
/localizedappad	Publicité d'application localisée - Application de mobilité	-	-	-	ARCHIVER (hors_selection)	published	0
/localizedappad	Publicité d'application localisée - Application de livraison locale	-	-	-	ARCHIVER (hors_selection)	published	0
/localizedappad	Publicité d'application localisée - Application de cashback	-	-	-	ARCHIVER (hors_selection)	published	0
/localposter	Affiche commerce local - Service clair	-	-	-	ARCHIVER (hors_selection)	published	0
/localposter	Affiche commerce local - Menu illustré	-	-	-	ARCHIVER (hors_selection)	published	0
/localproducthero	Produit local en vedette	-	-	-	ARCHIVER (hors_selection)	published	0
/locksignature	Le symbole personnel	-	-	-	ARCHIVER (hors_selection)	published	0
/locksignature	L'initiale en verre	-	-	-	ARCHIVER (hors_selection)	published	0
/locksignature	Le chiffre intime	-	-	-	ARCHIVER (hors_selection)	published	0
/locspreview	Aperçu locks	-	-	-	ARCHIVER (hors_selection)	published	0
/logo	Concept de logo - Symbole géométrique	-	-	-	ARCHIVER (regroupee)	published	0
/logo	Concept de logo - Wordmark	-	-	-	ARCHIVER (regroupee)	published	0
/loopavenue	Le quartier anneau	-	-	-	ARCHIVER (regroupee)	published	0
/loopavenue	Le carrefour plié	-	-	-	ARCHIVER (regroupee)	published	0
/lovelanguageportrait	Portrait du langage affectif	-	-	-	ARCHIVER (hors_selection)	published	0
/lowangleportrait	Contre-plongée héroïque	-	-	-	ARCHIVER (hors_selection)	published	0
/lowangleproduct	Contre-plongée produit	-	-	-	ARCHIVER (hors_selection)	published	0
/lowkeyproduct	Studio low-key	-	-	-	ARCHIVER (hors_selection)	published	0
/lowpolyobject	Low-poly	-	-	-	ARCHIVER (hors_selection)	published	0
/loyaltyvisual	Carte de fidélité	-	-	-	ARCHIVER (hors_selection)	published	0
/luxewallpaper	Fond luxe - Marbre discret	-	-	-	ARCHIVER (hors_selection)	published	0
/luxewallpaper	Fond luxe - Métal brossé	-	-	-	ARCHIVER (hors_selection)	published	0
/luxuryad	Publicité luxe - Velours et or	-	-	-	ARCHIVER (hors_selection)	published	0
/luxuryad	Publicité luxe - Campagne musée	-	-	-	ARCHIVER (hors_selection)	published	0
/luxuryad	Publicité luxe - Silence minéral	-	-	-	ARCHIVER (hors_selection)	published	0
/luxuryliving	Intérieur haut de gamme	-	-	-	ARCHIVER (hors_selection)	published	0
/luxurytravel	Voyage de luxe - Resort serein	-	-	-	ARCHIVER (hors_selection)	published	0
/luxurytravel	Voyage de luxe - Yacht éditorial	-	-	-	ARCHIVER (hors_selection)	published	0
/magnetisme	Champ magnétique	-	-	-	ARCHIVER (hors_selection)	draft	0
/maintenanceguide	Entretien illustré	-	-	-	ARCHIVER (hors_selection)	published	0
/makeup	Essayer un maquillage - Éditorial graphique	-	-	-	ARCHIVER (hors_selection)	published	0
/makeup	Essayer un maquillage - Glamour soirée	-	-	-	ARCHIVER (hors_selection)	published	0
/makeup	Essayer un maquillage - Peau naturelle	-	-	-	ARCHIVER (hors_selection)	published	0
/makeup	Essai maquillage	-	-	-	ARCHIVER (hors_selection)	archived	0
/makeuptry	Essai maquillage	-	-	-	ARCHIVER (hors_selection)	published	0
/manifesto	Manifeste de marque	-	-	-	ARCHIVER (regroupee)	archived	0
/mapmemory	Souvenir sur interface cartographique - Itinéraire photo	-	-	-	ARCHIVER (hors_selection)	published	0
/mapmemory	Souvenir sur interface cartographique - Parcours à deux	-	-	-	ARCHIVER (hors_selection)	published	0
/mapmemory	Souvenir sur interface cartographique - Souvenir de ville	-	-	-	ARCHIVER (hors_selection)	published	0
/mapvisual	Carte explicative - Plan de trajet	-	-	-	ARCHIVER (regroupee)	published	0
/mapvisual	Carte explicative - Carte géographique	-	-	-	ARCHIVER (regroupee)	published	0
/maquisafterglow	Les chaises bleues	-	-	-	ARCHIVER (hors_selection)	published	0
/maquisafterglow	L'addition du soir	-	-	-	ARCHIVER (hors_selection)	published	0
/maquisafterglow	Le solo du guitariste	-	-	-	ARCHIVER (hors_selection)	published	0
/marginanalysis	Analyse des marges	-	-	-	ARCHIVER (regroupee)	archived	0
/mariage-bengali	Mariage bengali	-	-	-	ARCHIVER (hors_selection)	published	0
/mariage-tamoul	Mariage tamoul	-	-	-	ARCHIVER (hors_selection)	published	0
/markerheadline	Titre au marqueur - Marqueur noir brut	-	-	-	ARCHIVER (hors_selection)	published	0
/markerheadline	Titre au marqueur - Titre barré	-	-	-	ARCHIVER (hors_selection)	published	0
/markerheadline	Titre au marqueur - Marqueur fluorescent	-	-	-	ARCHIVER (hors_selection)	published	0
/marketentry	Plan d’entrée sur un marché	-	-	-	ARCHIVER (hors_selection)	archived	0
/marketingcoach	Conseiller marketing - Positionnement	-	-	-	ARCHIVER (regroupee)	published	0
/marketingcoach	Conseiller marketing - Acquisition	-	-	-	ARCHIVER (regroupee)	published	0
/marketingcoach	Conseiller marketing - Lancement	-	-	-	ARCHIVER (regroupee)	published	0
/marketplacehero	Image principale marketplace	-	-	-	ARCHIVER (hors_selection)	published	0
/marketplacevisual	Annonce marketplace mise en scène - Mode seconde main	-	-	-	ARCHIVER (hors_selection)	published	0
/marketplacevisual	Annonce marketplace mise en scène - Objet d'occasion	-	-	-	ARCHIVER (hors_selection)	published	0
/marketplacevisual	Annonce marketplace mise en scène - Mobilier local	-	-	-	ARCHIVER (hors_selection)	published	0
/marketresearch	Étudier un marché et ses acteurs	-	-	-	ARCHIVER (regroupee)	archived	0
/marketstudy	Étude de marché - Marché accessible	-	-	-	ARCHIVER (regroupee)	published	0
/marque-page	Moi dans le livre	-	-	-	ARCHIVER (hors_selection)	published	0
/masqueradelight	Le diable velours	-	-	-	ARCHIVER (hors_selection)	published	0
/masqueradelight	Le fantôme couture	-	-	-	ARCHIVER (hors_selection)	published	0
/masqueradelight	La lune masquée	-	-	-	ARCHIVER (hors_selection)	published	0
/materialswap	Changer une matière - Papier plié	-	-	-	ARCHIVER (hors_selection)	published	0
/materialswap	Changer une matière - Cristal	-	-	-	ARCHIVER (hors_selection)	published	0
/materialswap	Changer une matière - Métal brossé	-	-	-	ARCHIVER (hors_selection)	published	0
/materialswap	Changement de matière	-	-	-	ARCHIVER (hors_selection)	published	0
/materialswap	Changer une matière - Céramique	-	-	-	ARCHIVER (hors_selection)	published	0
/matissecutout	Portrait - Henri Matisse	-	-	-	ARCHIVER (hors_selection)	published	0
/matrixlobby	Le reflet numérique	-	-	-	ARCHIVER (hors_selection)	published	0
/matrixlobby	La station vide	-	-	-	ARCHIVER (hors_selection)	published	0
/matrixlobby	Le hall en suspension	-	-	-	ARCHIVER (hors_selection)	published	0
/mattefinish	Finition mate	-	-	-	ARCHIVER (hors_selection)	published	0
/mechanismview	Comprendre un mécanisme - Séquence de mouvement	-	-	-	ARCHIVER (hors_selection)	published	0
/mechanismview	Comprendre un mécanisme - Coupe fonctionnelle	-	-	-	ARCHIVER (hors_selection)	published	0
/medicalanatomy	Anatomie corporelle pédagogique	-	-	-	ARCHIVER (hors_selection)	published	0
/medicalportrait	Portrait médical	-	-	-	ARCHIVER (hors_selection)	published	0
/medicalvisual	Support médical pédagogique - Fiche prévention	-	-	-	ARCHIVER (hors_selection)	published	0
/medicalvisual	Support médical pédagogique - Planche explicative	-	-	-	ARCHIVER (hors_selection)	published	0
/medievalportrait	Portrait médiéval - Atelier du manuscrit	-	-	-	ARCHIVER (regroupee)	published	0
/medievalportrait	Portrait médiéval - Chevalier au repos	-	-	-	ARCHIVER (regroupee)	published	0
/meetingagenda	Préparer une réunion utile	-	-	-	ARCHIVER (regroupee)	archived	0
/meetingnotes	Compte rendu de réunion - Registre de suivi	-	-	-	ARCHIVER (regroupee)	published	0
/meetingnotes	Produire un compte rendu et ses actions	-	-	-	ARCHIVER (regroupee)	archived	0
/memecard	Créer un mème visuel - Deux panneaux	-	-	-	ARCHIVER (hors_selection)	published	0
/memecard	Créer un mème visuel - Réaction de studio	-	-	-	ARCHIVER (hors_selection)	published	0
/memecard	Créer un mème visuel - Affiche absurde	-	-	-	ARCHIVER (hors_selection)	published	0
/memoryportrait	Composer un souvenir - Retrouvailles imaginées	-	-	-	ARCHIVER (hors_selection)	published	0
/memoryportrait	Composer un souvenir - Then and now	-	-	-	ARCHIVER (hors_selection)	published	0
/memoryportrait	Composer un souvenir - Album papier	-	-	-	ARCHIVER (hors_selection)	published	0
/mentorandme	Mon mentor et moi	-	-	-	ARCHIVER (hors_selection)	published	0
/menuboard	Panneau menu	-	-	-	ARCHIVER (hors_selection)	archived	0
/menucard	Carte de menu illustrée	-	-	-	ARCHIVER (hors_selection)	published	0
/menuhero	Hero menu	-	-	-	ARCHIVER (hors_selection)	archived	0
/merchdrop	Collection de merchandising	-	-	-	ARCHIVER (hors_selection)	archived	0
/messagepro	Rédiger un message professionnel	-	-	-	ARCHIVER (regroupee)	archived	0
/metaad	Publicité Meta	-	-	-	ARCHIVER (hors_selection)	archived	0
/metalfinish	Finition métal	-	-	-	ARCHIVER (hors_selection)	published	0
/metallicstudio	Studio métallique	-	-	-	ARCHIVER (hors_selection)	published	0
/metaphore-marque	Métaphores de marque	-	-	-	ARCHIVER (hors_selection)	archived	0
/metropolishero	Rencontre à Metropolis — Toit au soleil	-	-	-	ARCHIVER (hors_selection)	published	0
/metropolishero	Rencontre à Metropolis — Sauvetage de cinéma	-	-	-	ARCHIVER (hors_selection)	published	0
/microbusinessgame	Le premier client	-	-	-	ARCHIVER (regroupee)	published	0
/microbusinessgame	La boutique pop-up	-	-	-	ARCHIVER (regroupee)	published	0
/microscopeworld	Monde microscopique	-	-	-	ARCHIVER (hors_selection)	draft	0
/middleeaststyle	Style Moyen-Orient - Atelier de soie	-	-	-	ARCHIVER (hors_selection)	published	0
/middleeaststyle	Style Moyen-Orient - Éditorial désert	-	-	-	ARCHIVER (hors_selection)	published	0
/mini-barista	Mini barista	-	-	-	ARCHIVER (hors_selection)	draft	0
/miniature	Personne miniature - Dans le bureau	-	-	-	ARCHIVER (regroupee)	published	0
/miniature	Personne miniature - Sur la paume	-	-	-	ARCHIVER (regroupee)	published	0
/miniature	Personne miniature - Au bord de tasse	-	-	-	ARCHIVER (regroupee)	published	0
/miniceo	Mini dirigeant - Conseil miniature	-	-	-	ARCHIVER (regroupee)	published	0
/miniceo	Mini dirigeant - Bureau enfant imaginaire	-	-	-	ARCHIVER (regroupee)	published	0
/miniceo	Mini dirigeant - Pitch sur estrade	-	-	-	ARCHIVER (regroupee)	published	0
/minimalwallpaper	Fond minimaliste - Sculpture papier	-	-	-	ARCHIVER (hors_selection)	published	0
/minimalwallpaper	Fond minimaliste - Ligne zen	-	-	-	ARCHIVER (hors_selection)	published	0
/miroirs-triptyque	Trois miroirs	-	-	-	ARCHIVER (hors_selection)	published	0
/mirrorbase	Socle miroir	-	-	-	ARCHIVER (hors_selection)	published	0
/mirrortriptych	Triptyque de miroirs - Cabine mode	-	-	-	ARCHIVER (regroupee)	published	0
/mirrortriptych	Triptyque de miroirs - Trois angles	-	-	-	ARCHIVER (regroupee)	published	0
/mockup	Mockup produit - Panneau urbain	-	-	-	ARCHIVER (hors_selection)	published	0
/mockup	Mockup produit - Rayon boutique	-	-	-	ARCHIVER (hors_selection)	published	0
/mockup	Mockup produit - Écran téléphone	-	-	-	ARCHIVER (hors_selection)	published	0
/moderationreply	Réponse de modération	-	-	-	ARCHIVER (regroupee)	archived	0
/modestfashion	Mode pudique	-	-	-	ARCHIVER (hors_selection)	published	0
/momentum	Relancer l'action - Retour après échec	-	-	-	ARCHIVER (regroupee)	published	0
/momentum	Relancer l'action - Premier pas	-	-	-	ARCHIVER (regroupee)	published	0
/monetizationplan	Plan de monétisation	-	-	-	ARCHIVER (hors_selection)	archived	0
/monetlight	Lumière impressionniste — Matin brumeux	-	-	-	ARCHIVER (hors_selection)	published	0
/monetlight	Lumière impressionniste — Jardin de reflets	-	-	-	ARCHIVER (hors_selection)	published	0
/monetportrait	Portrait - Claude Monet	-	-	-	ARCHIVER (hors_selection)	published	0
/monochromeportrait	Portrait monochrome	-	-	-	ARCHIVER (hors_selection)	archived	0
/monochromestudio	Studio monochrome	-	-	-	ARCHIVER (hors_selection)	published	0
/monoiconportrait	Icône monochrome - Grain argentique	-	-	-	ARCHIVER (hors_selection)	published	0
/monoiconportrait	Icône monochrome - Noir et blanc profond	-	-	-	ARCHIVER (hors_selection)	published	0
/monoiconportrait	Icône monochrome - Noir et blanc clair	-	-	-	ARCHIVER (hors_selection)	published	0
/monthlyclose	Préparer la clôture mensuelle	-	-	-	ARCHIVER (regroupee)	archived	0
/morphostyle	Coupes et préférences	-	-	-	ARCHIVER (regroupee)	archived	0
/mosaicobject	Objet mosaïque	-	-	-	ARCHIVER (hors_selection)	draft	0
/mosaicportrait	Portrait mosaïque	-	-	-	ARCHIVER (hors_selection)	draft	0
/mossiheritage	Élégance mossi	-	-	-	ARCHIVER (hors_selection)	published	0
/mossobject	Objet moussu	-	-	-	ARCHIVER (hors_selection)	draft	0
/motionblurportrait	Portrait à mouvement contrôlé - Geste dansé	-	-	-	ARCHIVER (regroupee)	published	0
/motioneditor	Le virage	-	-	-	ARCHIVER (hors_selection)	published	0
/motioneditor	Une seule mèche	-	-	-	ARCHIVER (hors_selection)	published	0
/motioneditor	Net dans la foule	-	-	-	ARCHIVER (hors_selection)	published	0
/motionportrait	Effet de mouvement - Filé cinétique	-	-	-	ARCHIVER (hors_selection)	published	0
/motionportrait	Effet de mouvement - Chronophotographie	-	-	-	ARCHIVER (hors_selection)	published	0
/motionportrait	Mouvement figé	-	-	-	ARCHIVER (hors_selection)	published	0
/motionportrait	Effet de mouvement - Pose longue	-	-	-	ARCHIVER (hors_selection)	published	0
/mou	Protocole d’accord	-	-	-	ARCHIVER (regroupee)	archived	0
/mousse-pop	Explosion de mousse	-	-	-	ARCHIVER (hors_selection)	draft	0
/movieposter	Affiche de film fictif - Thriller minimal	-	-	-	ARCHIVER (hors_selection)	published	0
/movieposter	Affiche de film fictif - Comédie romantique	-	-	-	ARCHIVER (hors_selection)	published	0
/movieposter	Affiche d’aventure originale	-	-	-	ARCHIVER (hors_selection)	published	0
/movieposter	Affiche de film fictif - Épopée chorale	-	-	-	ARCHIVER (hors_selection)	published	0
/multisummary	Synthèse de plusieurs sources - Matrice des convergences	-	-	-	ARCHIVER (regroupee)	published	0
/multisummary	Synthèse de plusieurs sources - Note de synthèse	-	-	-	ARCHIVER (regroupee)	published	0
/musclemap	Carte musculaire	-	-	-	ARCHIVER (hors_selection)	published	0
/musee-frigo	Musée du frigo	-	-	-	ARCHIVER (hors_selection)	draft	0
/museumartifact	Objet exposé au musée	-	-	-	ARCHIVER (hors_selection)	published	0
/museumartportal	Entrer dans une œuvre d'art - Galerie immersive	-	-	-	ARCHIVER (hors_selection)	published	0
/museumartportal	Entrer dans une œuvre d'art - Œuvre moderne	-	-	-	ARCHIVER (hors_selection)	published	0
/museumartportal	Entrer dans une œuvre d'art - Sculpture vivante	-	-	-	ARCHIVER (hors_selection)	published	0
/museumportrait	Portrait de musée - Cadre ancien	-	-	-	ARCHIVER (hors_selection)	published	0
/museumportrait	Portrait de musée - Atelier en cours	-	-	-	ARCHIVER (hors_selection)	published	0
/musiccover	Couverture musicale - Pochette conceptuelle	-	-	-	ARCHIVER (hors_selection)	published	0
/musiccover	Couverture musicale - Vinyle rétro	-	-	-	ARCHIVER (hors_selection)	published	0
/musiccover	Couverture musicale - Pochette analogique	-	-	-	ARCHIVER (hors_selection)	published	0
/musicianpress	Photo presse musicale	-	-	-	ARCHIVER (hors_selection)	published	0
/musicorbit	Portrait et musique - Lecteurs flottants	-	-	-	ARCHIVER (hors_selection)	published	0
/musicorbit	Portrait et musique - Pochette vivante	-	-	-	ARCHIVER (hors_selection)	published	0
/musicorbit	Portrait et musique - Chambre indie	-	-	-	ARCHIVER (hors_selection)	published	0
/musicpersona	Votre persona musicale	-	-	-	ARCHIVER (hors_selection)	published	0
/musicplayerportrait	Portrait avec lecteur musical - Lecteur minimal clair	-	-	-	ARCHIVER (hors_selection)	published	0
/musicplayerportrait	Portrait avec lecteur musical - Lecteur vinyle	-	-	-	ARCHIVER (hors_selection)	published	0
/musicplayerportrait	Portrait avec lecteur musical - Mini lecteur transparent	-	-	-	ARCHIVER (hors_selection)	published	0
/mysterygame	Enquête interactive - Enquête visuelle	-	-	-	ARCHIVER (regroupee)	published	0
/mysterygame	Enquête interactive - Dossier policier	-	-	-	ARCHIVER (regroupee)	published	0
/mythicarchetype	Votre archétype mythique	-	-	-	ARCHIVER (hors_selection)	published	0
/mythportrait	Portrait mythologique - Nordique	-	-	-	ARCHIVER (hors_selection)	published	0
/mythportrait	Portrait mythologique - Olympe	-	-	-	ARCHIVER (hors_selection)	published	0
/mythportrait	Portrait mythologique - Légende africaine	-	-	-	ARCHIVER (hors_selection)	published	0
/nailart	Prévisualiser une manucure - Chrome	-	-	-	ARCHIVER (hors_selection)	published	0
/nailart	Prévisualiser une manucure - Micro French	-	-	-	ARCHIVER (hors_selection)	published	0
/nailart	Prévisualiser une manucure - Motif botanique	-	-	-	ARCHIVER (hors_selection)	published	0
/nailartpreview	Nail art	-	-	-	ARCHIVER (hors_selection)	published	0
/naivefolkportrait	Art naïf	-	-	-	ARCHIVER (hors_selection)	published	0
/namewallpaper	Fond personnalisé - Monogramme	-	-	-	ARCHIVER (hors_selection)	published	0
/namewallpaper	Fond personnalisé - Nom lumineux	-	-	-	ARCHIVER (hors_selection)	published	0
/naming	Trouver un nom ou une signature	-	-	-	ARCHIVER (hors_selection)	archived	0
/natureportrait	Portrait en nature - Montagne alpine	-	-	-	ARCHIVER (hors_selection)	published	0
/natureportrait	Portrait en nature - Forêt brumeuse	-	-	-	ARCHIVER (hors_selection)	published	0
/natureportrait	Portrait en nature - Désert graphique	-	-	-	ARCHIVER (hors_selection)	published	0
/naturescene	Décor naturel	-	-	-	ARCHIVER (hors_selection)	published	0
/naturewallpaper	Fond nature - Désert lunaire	-	-	-	ARCHIVER (hors_selection)	published	0
/naturewallpaper	Fond nature - Brume forêt	-	-	-	ARCHIVER (hors_selection)	published	0
/nda	Accord de confidentialité	-	-	-	ARCHIVER (regroupee)	archived	0
/nda	Modèle de confidentialité - NDA réciproque	-	-	-	ARCHIVER (regroupee)	published	0
/nda	Modèle de confidentialité - NDA unilatéral	-	-	-	ARCHIVER (regroupee)	published	0
/ndebelegeometryportrait	Géométrie ndébélé	-	-	-	ARCHIVER (hors_selection)	published	0
/negociateur	Table de négociation	-	-	-	ARCHIVER (regroupee)	archived	0
/negotiationgame	Simulation de négociation - Fournisseur	-	-	-	ARCHIVER (regroupee)	published	0
/neonportrait	Portrait néon	-	-	-	ARCHIVER (hors_selection)	published	0
/neonportrait	Portrait lumineux - Néon pluie	-	-	-	ARCHIVER (hors_selection)	published	0
/neonportrait	Portrait lumineux - Tube contour	-	-	-	ARCHIVER (hors_selection)	published	0
/neonportrait	Portrait lumineux - Logo lumineux	-	-	-	ARCHIVER (hors_selection)	published	0
/neonrider	Course de lumière — Pilote sur grille	-	-	-	ARCHIVER (hors_selection)	published	0
/neonrider	Course de lumière — Moto lumineuse	-	-	-	ARCHIVER (hors_selection)	published	0
/neonwireobject	Objet en fil néon	-	-	-	ARCHIVER (hors_selection)	draft	0
/newbackground	Changer le décor - Décor contextuel	-	-	-	ARCHIVER (hors_selection)	published	0
/newbackground	Changer le décor - Studio propre	-	-	-	ARCHIVER (hors_selection)	published	0
/newbornfamily	Famille avec nouveau-né	-	-	-	ARCHIVER (hors_selection)	published	0
/newsletter	Rédiger une newsletter	-	-	-	ARCHIVER (regroupee)	archived	0
/newsmagazine	Couverture actualité	-	-	-	ARCHIVER (hors_selection)	published	0
/newspapercover	Une de journal fictive - Une historique	-	-	-	ARCHIVER (hors_selection)	published	0
/newspapercover	Une de journal fictive - Une contemporaine	-	-	-	ARCHIVER (hors_selection)	published	0
/newyearbrand	Vœux de marque - Équipe en miniature	-	-	-	ARCHIVER (hors_selection)	published	0
/newyearbrand	Vœux de marque - Carte institutionnelle	-	-	-	ARCHIVER (hors_selection)	published	0
/nightlifestyle	Usage nocturne	-	-	-	ARCHIVER (hors_selection)	published	0
/noirportrait	Film noir	-	-	-	ARCHIVER (hors_selection)	published	0
/northafricanstyle	Style Afrique du Nord - Amazigh contemporain	-	-	-	ARCHIVER (hors_selection)	published	0
/northafricanstyle	Style Afrique du Nord - Caftan de lumière	-	-	-	ARCHIVER (hors_selection)	published	0
/notebookcampaign	Campagne dans un carnet - Brief et croquis	-	-	-	ARCHIVER (hors_selection)	published	0
/notebookcampaign	Campagne dans un carnet - Liste de lancement	-	-	-	ARCHIVER (hors_selection)	published	0
/notebookcampaign	Campagne dans un carnet - Journal de marque	-	-	-	ARCHIVER (hors_selection)	published	0
/notificationorbit	Portrait sous notifications - Notifications calmes	-	-	-	ARCHIVER (hors_selection)	published	0
/notificationorbit	Portrait sous notifications - Surcharge digitale	-	-	-	ARCHIVER (hors_selection)	published	0
/notificationorbit	Portrait sous notifications - Mode silence	-	-	-	ARCHIVER (hors_selection)	published	0
/notificationportrait	Portrait interface - Profil holographique	-	-	-	ARCHIVER (hors_selection)	published	0
/notificationportrait	Portrait interface - Messages flottants	-	-	-	ARCHIVER (hors_selection)	published	0
/objectrestore	Objet restauré	-	-	-	ARCHIVER (hors_selection)	published	0
/objecttotem	Totem de produit	-	-	-	ARCHIVER (hors_selection)	draft	0
/objet-impossible	Inventer l’impossible	-	-	-	ARCHIVER (regroupee)	archived	0
/obstaclepilot	Le premier pas minuscule	-	-	-	ARCHIVER (regroupee)	published	0
/obstaclepilot	La répétition mentale	-	-	-	ARCHIVER (regroupee)	published	0
/obstaclepilot	Le plan si-alors	-	-	-	ARCHIVER (regroupee)	published	0
/oceanicstyle	Style Océanie - Australie urbaine	-	-	-	ARCHIVER (hors_selection)	published	0
/oceanicstyle	Style Océanie - Pacifique contemporain	-	-	-	ARCHIVER (hors_selection)	published	0
/offer	Construire une offre claire	-	-	-	ARCHIVER (regroupee)	archived	0
/offerclinic	Le périmètre rentable	-	-	-	ARCHIVER (regroupee)	published	0
/offerclinic	La première preuve	-	-	-	ARCHIVER (regroupee)	published	0
/offerclinic	Le client comprend-il	-	-	-	ARCHIVER (regroupee)	published	0
/offerstackvisual	Pile d’offre	-	-	-	ARCHIVER (hors_selection)	archived	0
/officeinterior	Aménager un bureau - Équipe collaborative	-	-	-	ARCHIVER (hors_selection)	published	0
/officeinterior	Aménager un bureau - Focus individuel	-	-	-	ARCHIVER (hors_selection)	published	0
/officeredesign	Réaménager un bureau	-	-	-	ARCHIVER (hors_selection)	archived	0
/oilpaintobject	Peinture à l’huile	-	-	-	ARCHIVER (hors_selection)	published	0
/oilportrait	Peinture à l'huile - Empâtement	-	-	-	ARCHIVER (hors_selection)	published	0
/oilportrait	Peinture à l'huile - Impressionnisme	-	-	-	ARCHIVER (hors_selection)	published	0
/oilportrait	Peinture à l'huile - Clair-obscur	-	-	-	ARCHIVER (hors_selection)	published	0
/okr	Définir des objectifs mesurables	-	-	-	ARCHIVER (regroupee)	archived	0
/oldphotoheal	Photo ancienne réparée	-	-	-	ARCHIVER (hors_selection)	published	0
/onboardingcopy	Onboarding UX	-	-	-	ARCHIVER (hors_selection)	archived	0
/oneonone	Préparer un entretien individuel	-	-	-	ARCHIVER (regroupee)	archived	0
/operatingmodel	Définir son organisation opérationnelle	-	-	-	ARCHIVER (regroupee)	archived	0
/opticalveil	Le prisme de poche	-	-	-	ARCHIVER (hors_selection)	published	0
/opticalveil	Le plexi courbe	-	-	-	ARCHIVER (hors_selection)	published	0
/opticalveil	La gaze lumineuse	-	-	-	ARCHIVER (hors_selection)	published	0
/oracle-pragmatique	L’oracle pragmatique	-	-	-	ARCHIVER (regroupee)	archived	0
/orbite-lunaire	Orbite lunaire	-	-	-	ARCHIVER (hors_selection)	draft	0
/organizer	Assistant organisation - Plan du jour	-	-	-	ARCHIVER (regroupee)	published	0
/organizer	Assistant organisation - Revue hebdomadaire	-	-	-	ARCHIVER (regroupee)	published	0
/organposition	Position des organes	-	-	-	ARCHIVER (hors_selection)	published	0
/origamiobject	Objet origami	-	-	-	ARCHIVER (hors_selection)	draft	0
/originalhero	Super-héros original	-	-	-	ARCHIVER (hors_selection)	published	0
/originalmentor	Mentor original - L'architecte calme	-	-	-	ARCHIVER (regroupee)	published	0
/originalmentor	Mentor original - La directrice franche	-	-	-	ARCHIVER (regroupee)	published	0
/originalvillain	Antagoniste original	-	-	-	ARCHIVER (hors_selection)	published	0
/originalvoices	Personnages atypiques originaux — Capitaine de chantier	-	-	-	ARCHIVER (regroupee)	published	0
/originalvoices	Personnages atypiques originaux — Archiviste du futur	-	-	-	ARCHIVER (regroupee)	published	0
/orthographicview	Projection orthographique	-	-	-	ARCHIVER (hors_selection)	published	0
/outdoorlifestyle	Usage extérieur	-	-	-	ARCHIVER (hors_selection)	published	0
/outfitchange	Essayage de vêtement - Robe de cérémonie	-	-	-	ARCHIVER (hors_selection)	published	0
/outfitchange	Essayage de vêtement - Tenue complète	-	-	-	ARCHIVER (hors_selection)	published	0
/outfitchange	Essayage de vêtement - Costume ajusté	-	-	-	ARCHIVER (hors_selection)	published	0
/outfitchange	Changement de tenue	-	-	-	ARCHIVER (hors_selection)	published	0
/outfitmatrix	La semaine en tenues	-	-	-	ARCHIVER (regroupee)	archived	0
/overshoulderportrait	Par-dessus l’épaule	-	-	-	ARCHIVER (hors_selection)	published	0
/packaging	Concept packaging - Étiquette bouteille	-	-	-	ARCHIVER (hors_selection)	published	0
/packaging	Concept packaging - Boîte premium	-	-	-	ARCHIVER (hors_selection)	published	0
/packaging	Concept packaging - Sachet souple	-	-	-	ARCHIVER (hors_selection)	published	0
/packagingdesign	Concept packaging	-	-	-	ARCHIVER (hors_selection)	archived	0
/packagingmockup	Identité sur emballage	-	-	-	ARCHIVER (hors_selection)	published	0
/packagingnarrative	Mise en scène narrative du packaging - Moment d'usage	-	-	-	ARCHIVER (hors_selection)	published	0
/packagingnarrative	Mise en scène narrative du packaging - Histoire d'origine	-	-	-	ARCHIVER (hors_selection)	published	0
/packagingnarrative	Mise en scène narrative du packaging - Collection complète	-	-	-	ARCHIVER (hors_selection)	published	0
/packartisan	Produit et savoir-faire	-	-	-	ARCHIVER (hors_selection)	archived	0
/packbeauty	Essais coiffure · 4 visuels	-	-	-	ARCHIVER (hors_selection)	archived	0
/packbrandlaunch	Lancement visuel de marque	-	-	-	ARCHIVER (hors_selection)	archived	0
/packcampaign	Campagne publicitaire · 6 visuels	-	-	-	ARCHIVER (hors_selection)	archived	0
/packcelebration	Célébration personnelle	-	-	-	ARCHIVER (hors_selection)	archived	0
/packecommerce	Pack produit · 5 visuels	-	-	-	ARCHIVER (hors_selection)	archived	0
/packexplainer	Explication visuelle en étapes	-	-	-	ARCHIVER (hors_selection)	archived	0
/packfamily	Souvenir familial cohérent	-	-	-	ARCHIVER (hors_selection)	archived	0
/packheritage	Collection culturelle personnelle	-	-	-	ARCHIVER (hors_selection)	archived	0
/packlocalshop	Commerce local sur mobile	-	-	-	ARCHIVER (hors_selection)	archived	0
/packlooks	Essais de tenues · 4 visuels	-	-	-	ARCHIVER (hors_selection)	archived	0
/packmusic	Sortie musicale	-	-	-	ARCHIVER (hors_selection)	archived	0
/packpackaging	Présentation packaging	-	-	-	ARCHIVER (hors_selection)	archived	0
/packpro	Présence professionnelle	-	-	-	ARCHIVER (hors_selection)	archived	0
/packproperty	Projection immobilière transparente	-	-	-	ARCHIVER (hors_selection)	archived	0
/packresale	Annonce seconde main fidèle	-	-	-	ARCHIVER (hors_selection)	archived	0
/packrestaurant	Restaurant et livraison	-	-	-	ARCHIVER (hors_selection)	archived	0
/packshot	Packshot produit - Fond blanc	-	-	-	ARCHIVER (regroupee)	published	0
/packshot	Packshot produit - Fond couleur	-	-	-	ARCHIVER (regroupee)	published	0
/packshot	Packshot produit - Macro détail	-	-	-	ARCHIVER (regroupee)	published	0
/packshot	Packshot produit - Éclairage dramatique	-	-	-	ARCHIVER (regroupee)	published	0
/packshotstage	La colonne de carton	-	-	-	ARCHIVER (hors_selection)	published	0
/packshotstage	La niche de velours	-	-	-	ARCHIVER (hors_selection)	published	0
/packshotstage	Le socle fendu	-	-	-	ARCHIVER (hors_selection)	published	0
/packstickers	Collection de stickers	-	-	-	ARCHIVER (hors_selection)	archived	0
/packtechnical	Dossier visuel technique	-	-	-	ARCHIVER (hors_selection)	archived	0
/packvfx	Mini campagne VFX	-	-	-	ARCHIVER (hors_selection)	archived	0
/pandoravisit	Exploration de Pandora — Forêt nocturne	-	-	-	ARCHIVER (hors_selection)	published	0
/pandoravisit	Exploration de Pandora — Expédition volcanique	-	-	-	ARCHIVER (hors_selection)	published	0
/panoramacard	Format visuel spécial - Triptyque mural	-	-	-	ARCHIVER (hors_selection)	published	0
/panoramacard	Format visuel spécial - Bannière panoramique	-	-	-	ARCHIVER (hors_selection)	published	0
/papercraft	Sculpture papier - Origami	-	-	-	ARCHIVER (hors_selection)	published	0
/papercraft	Sculpture papier - Paper cut	-	-	-	ARCHIVER (hors_selection)	published	0
/papercraftobject	Maquette papier	-	-	-	ARCHIVER (hors_selection)	draft	0
/papercutportrait	Papier découpé	-	-	-	ARCHIVER (hors_selection)	published	0
/paperdiorama	Diorama de papier — Portrait stratifié	-	-	-	ARCHIVER (hors_selection)	published	0
/paperdiorama	Diorama de papier — Scène découpée	-	-	-	ARCHIVER (hors_selection)	published	0
/papertear	Derrière le papier	-	-	-	ARCHIVER (hors_selection)	draft	0
/papier-tunnel	Tunnel de papier	-	-	-	ARCHIVER (hors_selection)	draft	0
/papillons-lumiere	Papillons lumineux	-	-	-	ARCHIVER (hors_selection)	draft	0
/parcours-affiche	Je deviens la tête d’affiche	-	-	-	ARCHIVER (hors_selection)	archived	0
/parcours-clarte	Du chaos au plan	-	-	-	ARCHIVER (hors_selection)	archived	0
/parcours-enquete	Une soirée dans l’enquête	-	-	-	ARCHIVER (hors_selection)	archived	0
/parcours-identite	Mon univers créatif	-	-	-	ARCHIVER (hors_selection)	archived	0
/parcours-negociation	Prêt pour la négociation	-	-	-	ARCHIVER (hors_selection)	archived	0
/parcours-offre	Construire mon offre	-	-	-	ARCHIVER (hors_selection)	archived	0
/parcours-produit	Mon produit entre en scène	-	-	-	ARCHIVER (hors_selection)	archived	0
/parcours-tribunal	Mon idée passe au tribunal	-	-	-	ARCHIVER (hors_selection)	archived	0
/particleecho	Écho de particules	-	-	-	ARCHIVER (hors_selection)	draft	0
/partnerpitch	Préparer une proposition de partenariat	-	-	-	ARCHIVER (regroupee)	archived	0
/partnershipagreement	Accord de partenariat	-	-	-	ARCHIVER (regroupee)	archived	0
/partslegend	Pièces légendées	-	-	-	ARCHIVER (hors_selection)	published	0
/passportphoto	Photo d'identité propre	-	-	-	ARCHIVER (hors_selection)	archived	0
/pastel-portrait	Portrait pastel sec	-	-	-	ARCHIVER (hors_selection)	published	0
/pastelobject	Pastel sec	-	-	-	ARCHIVER (hors_selection)	draft	0
/pastelstudio	Studio pastel	-	-	-	ARCHIVER (hors_selection)	published	0
/patentdrawing	Dessin type brevet - Coupe documentée	-	-	-	ARCHIVER (regroupee)	published	0
/patentdrawing	Dessin type brevet - Planche technique	-	-	-	ARCHIVER (regroupee)	published	0
/patinafinish	Patine	-	-	-	ARCHIVER (hors_selection)	published	0
/paymentplan	Préparer un échéancier de paiement	-	-	-	ARCHIVER (regroupee)	archived	0
/pencilportrait	Portrait au crayon - Crayons colorés	-	-	-	ARCHIVER (hors_selection)	published	0
/pencilportrait	Portrait au crayon - Graphite réaliste	-	-	-	ARCHIVER (hors_selection)	published	0
/periodportrait	Portrait de salon historique - Daguerreotype	-	-	-	ARCHIVER (hors_selection)	published	0
/periodportrait	Portrait de salon historique - Salon rococo	-	-	-	ARCHIVER (hors_selection)	published	0
/periodportrait	Portrait de salon historique - Atelier victorien	-	-	-	ARCHIVER (hors_selection)	published	0
/persona	Persona client	-	-	-	ARCHIVER (hors_selection)	archived	0
/personalbrand	Marque personnelle	-	-	-	ARCHIVER (hors_selection)	published	0
/personalcollectible	La statuette bureau	-	-	-	ARCHIVER (hors_selection)	published	0
/personalcollectible	La boule à neige urbaine	-	-	-	ARCHIVER (hors_selection)	published	0
/personalcollectible	Le pin's de poche	-	-	-	ARCHIVER (hors_selection)	published	0
/personalitycontext	Du trait à l'expérience	-	-	-	ARCHIVER (hors_selection)	published	0
/personalitycontext	Questionnaire IPIP fidèle	-	-	-	ARCHIVER (hors_selection)	published	0
/personalitycontext	Résultats Big Five en contexte	-	-	-	ARCHIVER (hors_selection)	published	0
/personalitymovie	Le film de votre personnalité	-	-	-	ARCHIVER (hors_selection)	published	0
/personalityportrait	Portrait de personnalité	-	-	-	ARCHIVER (hors_selection)	published	0
/perspective-geante	Objet géant dans la rue	-	-	-	ARCHIVER (hors_selection)	draft	0
/pestel	Analyse PESTEL	-	-	-	ARCHIVER (regroupee)	archived	0
/petalbum	Animal artiste - Pochette soul	-	-	-	ARCHIVER (hors_selection)	published	0
/petalbum	Animal artiste - Affiche rock	-	-	-	ARCHIVER (hors_selection)	published	0
/petalburst	Dispersion florale — Sillage de fleurs	-	-	-	ARCHIVER (regroupee)	published	0
/petandme	Mon animal et moi	-	-	-	ARCHIVER (hors_selection)	published	0
/petboss	Mon animal dirige la réunion	-	-	-	ARCHIVER (hors_selection)	published	0
/petpersona	Animal humanisé - Portrait aristocratique	-	-	-	ARCHIVER (hors_selection)	published	0
/petpersona	Animal humanisé - Chef de cuisine	-	-	-	ARCHIVER (hors_selection)	published	0
/petpersona	Animal humanisé - Patron de bureau	-	-	-	ARCHIVER (hors_selection)	published	0
/petportrait	Portrait animal - Studio premium	-	-	-	ARCHIVER (hors_selection)	published	0
/petportrait	Portrait animal - Souvenir peint	-	-	-	ARCHIVER (hors_selection)	published	0
/petportrait	Portrait animal - Portrait maître animal	-	-	-	ARCHIVER (hors_selection)	published	0
/philosopherdialogue	Dialogue philosophique simulé - Stoïcien	-	-	-	ARCHIVER (regroupee)	published	0
/philosopherdialogue	Dialogue philosophique simulé - Socrate inspiré	-	-	-	ARCHIVER (regroupee)	published	0
/phonecase	Mockup coque téléphone	-	-	-	ARCHIVER (hors_selection)	archived	0
/phonewallpaper	Fond mobile - Profondeur portrait	-	-	-	ARCHIVER (hors_selection)	published	0
/phonewallpaper	Fond d’écran personnalisé	-	-	-	ARCHIVER (hors_selection)	archived	0
/phonewallpaper	Fond mobile - Abstrait OLED	-	-	-	ARCHIVER (hors_selection)	published	0
/phonewallpaper	Fond mobile - Paysage vertical	-	-	-	ARCHIVER (hors_selection)	published	0
/photo-brodee	Photo brodée	-	-	-	ARCHIVER (hors_selection)	published	0
/picassofacets	Portrait cubiste — Couleurs découpées	-	-	-	ARCHIVER (hors_selection)	published	0
/picassofacets	Portrait cubiste — Facettes analytiques	-	-	-	ARCHIVER (hors_selection)	published	0
/picassofacets	Portrait - Pablo Picasso	-	-	-	ARCHIVER (hors_selection)	published	0
/picnicscene	Scène de pique-nique	-	-	-	ARCHIVER (hors_selection)	published	0
/piece-sous-marine	Pièce sous-marine	-	-	-	ARCHIVER (hors_selection)	draft	0
/pirate	Le capitaine des choix	-	-	-	ARCHIVER (regroupee)	archived	0
/pitch-battle	La bataille des pitchs	-	-	-	ARCHIVER (regroupee)	archived	0
/pitcharena	Pitch en trente secondes	-	-	-	ARCHIVER (regroupee)	published	0
/pitcharena	Le jury sceptique	-	-	-	ARCHIVER (regroupee)	published	0
/pitchdeck	Construire une présentation de projet	-	-	-	ARCHIVER (regroupee)	archived	0
/pitchdeck	Présentation de projet - Présentation commerciale	-	-	-	ARCHIVER (regroupee)	published	0
/pitchdeckhero	Visuel de pitch deck	-	-	-	ARCHIVER (hors_selection)	published	0
/pitchhero	Le tunnel avant match	-	-	-	ARCHIVER (hors_selection)	published	0
/pitchhero	Numéro de rêve	-	-	-	ARCHIVER (hors_selection)	published	0
/pitchhero	La victoire intime	-	-	-	ARCHIVER (hors_selection)	published	0
/pixel-spill	Débordement de pixels	-	-	-	ARCHIVER (hors_selection)	draft	0
/plainhuman	Clair sans être froid	-	-	-	ARCHIVER (regroupee)	published	0
/plainhuman	Court pour WhatsApp	-	-	-	ARCHIVER (regroupee)	published	0
/plainhuman	Le mail qui se lit	-	-	-	ARCHIVER (regroupee)	published	0
/planche-contact	Planche contact	-	-	-	ARCHIVER (hors_selection)	published	0
/pluie-inversee	Pluie inversée	-	-	-	ARCHIVER (hors_selection)	draft	0
/plume	Portrait à la plume	-	-	-	ARCHIVER (hors_selection)	published	0
/plushie	Personnage en peluche - Peluche en vitrine	-	-	-	ARCHIVER (hors_selection)	published	0
/plushie	Version peluche	-	-	-	ARCHIVER (hors_selection)	published	0
/plushie	Personnage en peluche - Amigurumi	-	-	-	ARCHIVER (hors_selection)	published	0
/plushie	Personnage en peluche - Peluche cousue	-	-	-	ARCHIVER (hors_selection)	published	0
/plushproduct	Produit peluche	-	-	-	ARCHIVER (hors_selection)	draft	0
/pnlreview	Analyse du compte de résultat	-	-	-	ARCHIVER (regroupee)	archived	0
/pocketcrew	Mes petits assistants	-	-	-	ARCHIVER (hors_selection)	published	0
/pocketscale	Échelle de poche	-	-	-	ARCHIVER (hors_selection)	published	0
/podcastscript	Préparer un épisode de podcast	-	-	-	ARCHIVER (regroupee)	archived	0
/pointillistportrait	Portrait pointilliste	-	-	-	ARCHIVER (hors_selection)	published	0
/polaroids	Souvenirs superposés	-	-	-	ARCHIVER (hors_selection)	published	0
/policycopy	Rédiger une politique de service	-	-	-	ARCHIVER (hors_selection)	archived	0
/pophalftone	Pop art tramé	-	-	-	ARCHIVER (hors_selection)	published	0
/portal-cosmos	Portail vers le cosmos	-	-	-	ARCHIVER (hors_selection)	draft	0
/portal-jungle	Portail vers la jungle	-	-	-	ARCHIVER (hors_selection)	draft	0
/portalstep	Un pas dans le portail	-	-	-	ARCHIVER (regroupee)	published	0
/porter	Forces Porter	-	-	-	ARCHIVER (regroupee)	archived	0
/portfolio	Texte portfolio	-	-	-	ARCHIVER (regroupee)	archived	0
/portfolioreview	Examiner un portefeuille	-	-	-	ARCHIVER (hors_selection)	archived	0
/portraitcinema	Portrait de cinéma - Film noir	-	-	-	ARCHIVER (regroupee)	published	0
/portraitcinema	Portrait de cinéma - Pluie nocturne	-	-	-	ARCHIVER (regroupee)	published	0
/portraitcinema	Portrait de cinéma - Désert épique	-	-	-	ARCHIVER (regroupee)	published	0
/portraitclean	Retouche naturelle	-	-	-	ARCHIVER (hors_selection)	published	0
/portraitcrop	Recadrage portrait	-	-	-	ARCHIVER (hors_selection)	published	0
/portraitexpand	Cadre étendu	-	-	-	ARCHIVER (hors_selection)	published	0
/positioning	Définir son positionnement	-	-	-	ARCHIVER (hors_selection)	archived	0
/poster-music-tv	Affiche musicale - référence MTV	-	-	-	ARCHIVER (hors_selection)	published	0
/posturemap	Carte de posture	-	-	-	ARCHIVER (hors_selection)	published	0
/pouchmockup	Sachet souple	-	-	-	ARCHIVER (hors_selection)	published	0
/practicecase	Cas pratique	-	-	-	ARCHIVER (regroupee)	archived	0
/premierenight	Première de cinéma imaginaire - Photocall	-	-	-	ARCHIVER (regroupee)	published	0
/premierenight	Première de cinéma imaginaire - Tapis rouge	-	-	-	ARCHIVER (regroupee)	published	0
/pressflash	La conférence vide	-	-	-	ARCHIVER (hors_selection)	published	0
/pressflash	Sortie de projection	-	-	-	ARCHIVER (hors_selection)	published	0
/pressflash	Backstage calme	-	-	-	ARCHIVER (hors_selection)	published	0
/presskit	Préparer une communication presse	-	-	-	ARCHIVER (regroupee)	archived	0
/presspitch	Pitch journaliste	-	-	-	ARCHIVER (hors_selection)	archived	0
/pressrelease	Atelier communiqué	-	-	-	ARCHIVER (hors_selection)	archived	0
/pricecard	Carte de prix	-	-	-	ARCHIVER (hors_selection)	archived	0
/pricing	Construire une tarification - Grille de prix	-	-	-	ARCHIVER (hors_selection)	published	0
/pricing	Construire une tarification - Architecture d'offres	-	-	-	ARCHIVER (hors_selection)	published	0
/pricingaudit	Audit pricing	-	-	-	ARCHIVER (hors_selection)	archived	0
/pricingmodel	Construire ou revoir ses prix	-	-	-	ARCHIVER (regroupee)	archived	0
/pricingpage	Rédiger une page de tarifs	-	-	-	ARCHIVER (hors_selection)	archived	0
/pricingvisual	Visuel d’offre et de prix	-	-	-	ARCHIVER (hors_selection)	published	0
/printrebel	La sérigraphie décalée	-	-	-	ARCHIVER (hors_selection)	published	0
/printrebel	Le zine plié	-	-	-	ARCHIVER (hors_selection)	published	0
/printrebel	Le poster tamponné	-	-	-	ARCHIVER (hors_selection)	published	0
/prioritize	Priorisation	-	-	-	ARCHIVER (hors_selection)	archived	0
/prisme	Prisme chromatique	-	-	-	ARCHIVER (hors_selection)	draft	0
/prismtrail	Prisme cinématographique — Prisme produit	-	-	-	ARCHIVER (regroupee)	published	0
/privacypolicy	Rédiger une politique de confidentialité	-	-	-	ARCHIVER (regroupee)	archived	0
/problemsolution	Visuel problème-solution	-	-	-	ARCHIVER (hors_selection)	published	0
/processaudit	Audit process	-	-	-	ARCHIVER (hors_selection)	archived	0
/processvisual	Visualiser un processus - Swimlane	-	-	-	ARCHIVER (regroupee)	published	0
/processvisual	Visualiser un processus - Étapes numérotées	-	-	-	ARCHIVER (regroupee)	published	0
/procurementrfp	Préparer une consultation de prestataires	-	-	-	ARCHIVER (regroupee)	archived	0
/product-manager	Revue produit	-	-	-	ARCHIVER (regroupee)	archived	0
/productcolormatch	Couleur fidèle	-	-	-	ARCHIVER (hors_selection)	published	0
/productcomparison	Comparatif visuel produit - Tableau de critères	-	-	-	ARCHIVER (hors_selection)	published	0
/productcomparison	Comparatif visuel produit - Avant après	-	-	-	ARCHIVER (hors_selection)	published	0
/productcomparison	Comparatif visuel produit - Deux usages	-	-	-	ARCHIVER (hors_selection)	published	0
/productdesc	Rédiger une fiche produit	-	-	-	ARCHIVER (regroupee)	archived	0
/producthandportrait	Produit tenu en portrait - Produit face caméra	-	-	-	ARCHIVER (hors_selection)	published	0
/producthandportrait	Produit tenu en portrait - Produit en usage	-	-	-	ARCHIVER (hors_selection)	published	0
/producthandportrait	Produit tenu en portrait - Macro main et produit	-	-	-	ARCHIVER (hors_selection)	published	0
/productlaunchcopy	Messages de lancement	-	-	-	ARCHIVER (hors_selection)	archived	0
/productlifestyle	Produit en situation - Main humaine	-	-	-	ARCHIVER (hors_selection)	published	0
/productlifestyle	Produit en situation - Extérieur actif	-	-	-	ARCHIVER (hors_selection)	published	0
/productlifestyle	Produit en situation - Maison douce	-	-	-	ARCHIVER (hors_selection)	published	0
/productmacro	Macro technique produit - Texture matière	-	-	-	ARCHIVER (hors_selection)	published	0
/productmacro	Macro technique produit - Détail assemblage	-	-	-	ARCHIVER (hors_selection)	published	0
/productportal	Produit portail - Portail miniature	-	-	-	ARCHIVER (hors_selection)	published	0
/productportal	Produit portail - Paysage à travers objet	-	-	-	ARCHIVER (hors_selection)	published	0
/productposter	Affiche produit	-	-	-	ARCHIVER (hors_selection)	archived	0
/productupscale	Définition renforcée	-	-	-	ARCHIVER (hors_selection)	published	0
/prof-excentrique	Le professeur excentrique	-	-	-	ARCHIVER (regroupee)	archived	0
/professionportrait	Portrait métier - Bureau miniature	-	-	-	ARCHIVER (hors_selection)	published	0
/professionportrait	Portrait métier - Ombre symbolique	-	-	-	ARCHIVER (hors_selection)	published	0
/professionportrait	Portrait métier - Métier en double exposition	-	-	-	ARCHIVER (hors_selection)	published	0
/profileportrait	Profil net	-	-	-	ARCHIVER (hors_selection)	published	0
/projectbrief	Cadrer un projet ou une délégation	-	-	-	ARCHIVER (regroupee)	archived	0
/projectmanager	Chef de projet - Gestion de crise	-	-	-	ARCHIVER (regroupee)	published	0
/projectmanager	Chef de projet - Pilotage hebdomadaire	-	-	-	ARCHIVER (regroupee)	published	0
/projectplan	Planifier un projet - Plan d'action	-	-	-	ARCHIVER (regroupee)	published	0
/projectplan	Planifier un projet - Registre de risques	-	-	-	ARCHIVER (regroupee)	published	0
/promocoupon	Coupon promotionnel	-	-	-	ARCHIVER (hors_selection)	published	0
/promoflyer	Flyer promotionnel	-	-	-	ARCHIVER (hors_selection)	archived	0
/promovisual	Visuel promotionnel - Offre prix	-	-	-	ARCHIVER (hors_selection)	published	0
/promovisual	Visuel promotionnel - Coupon	-	-	-	ARCHIVER (hors_selection)	published	0
/promovisual	Visuel promotionnel - Pack groupé	-	-	-	ARCHIVER (hors_selection)	published	0
/promptaudit	Auditer et réécrire un prompt	-	-	-	ARCHIVER (regroupee)	archived	0
/promptbuilder	Construire un prompt - Prompt prêt à coller	-	-	-	ARCHIVER (regroupee)	published	0
/promptshield	Le document piégé	-	-	-	ARCHIVER (regroupee)	published	0
/promptshield	La sortie réutilisée	-	-	-	ARCHIVER (regroupee)	published	0
/promptshield	Les outils trop puissants	-	-	-	ARCHIVER (regroupee)	published	0
/proofread	Corriger un texte - Correction commentée	-	-	-	ARCHIVER (regroupee)	published	0
/proofread	Corriger un texte - Correction discrète	-	-	-	ARCHIVER (regroupee)	published	0
/proposal	Proposition commerciale - Devis calculé	-	-	-	ARCHIVER (regroupee)	published	0
/proposal	Proposition commerciale - Proposition PDF	-	-	-	ARCHIVER (regroupee)	published	0
/proposal	Proposition commerciale - Pitch de rendez-vous	-	-	-	ARCHIVER (regroupee)	published	0
/proposal	Rédiger une proposition commerciale	-	-	-	ARCHIVER (regroupee)	archived	0
/proposalfollowup	Relance de proposition	-	-	-	ARCHIVER (hors_selection)	archived	0
/qrmenu	Affiche menu QR	-	-	-	ARCHIVER (hors_selection)	published	0
/quizbuild	Créer un QCM - Banque importable	-	-	-	ARCHIVER (regroupee)	published	0
/quizbuild	Créer un QCM - QCM corrigé	-	-	-	ARCHIVER (regroupee)	published	0
/quizgame	Quiz interactif - Quiz visuel	-	-	-	ARCHIVER (regroupee)	published	0
/quizgame	Quiz interactif - Culture générale	-	-	-	ARCHIVER (regroupee)	published	0
/raci	Clarifier les responsabilités	-	-	-	ARCHIVER (regroupee)	archived	0
/rainbowshadow	Ombres spectrales — Store coloré	-	-	-	ARCHIVER (regroupee)	published	0
/rainportrait	Portrait sous la pluie	-	-	-	ARCHIVER (hors_selection)	archived	0
/rainroom	Pluie de studio — Cercle sec	-	-	-	ARCHIVER (hors_selection)	published	0
/rainroom	Pluie de studio — Pluie de fenêtre	-	-	-	ARCHIVER (hors_selection)	published	0
/realtorportrait	Portrait immobilier	-	-	-	ARCHIVER (hors_selection)	published	0
/rearview	Vue arrière	-	-	-	ARCHIVER (hors_selection)	published	0
/recallkit	Les erreurs qui apprennent	-	-	-	ARCHIVER (regroupee)	published	0
/recallkit	Questions de rappel	-	-	-	ARCHIVER (regroupee)	published	0
/receiptpoem	Le ticket souvenir	-	-	-	ARCHIVER (hors_selection)	published	0
/receiptpoem	La carte d'index	-	-	-	ARCHIVER (hors_selection)	published	0
/receiptpoem	La serviette griffonnée	-	-	-	ARCHIVER (hors_selection)	published	0
/recette-illustree	Carnet de recette	-	-	-	ARCHIVER (hors_selection)	published	0
/recolor	Recolorer un produit - Comparatif côte à côte	-	-	-	ARCHIVER (hors_selection)	published	0
/recolor	Recoloration ciblée	-	-	-	ARCHIVER (hors_selection)	published	0
/recolor	Recolorer un produit - Couleur unique	-	-	-	ARCHIVER (hors_selection)	published	0
/recruitmentkit	Préparer un recrutement	-	-	-	ARCHIVER (regroupee)	archived	0
/recruteur	Entretien d’embauche	-	-	-	ARCHIVER (regroupee)	archived	0
/recycledfinish	Matière recyclée	-	-	-	ARCHIVER (hors_selection)	published	0
/red-team	Équipe contradictoire	-	-	-	ARCHIVER (regroupee)	archived	0
/redacteur-en-chef	Comité éditorial	-	-	-	ARCHIVER (regroupee)	archived	0
/redcarpetmoment	Tapis rouge	-	-	-	ARCHIVER (hors_selection)	published	0
/reelscript	Script Reel	-	-	-	ARCHIVER (regroupee)	archived	0
/referralprogram	Concevoir un programme de recommandation	-	-	-	ARCHIVER (hors_selection)	archived	0
/reflectionangle	Angle par reflet	-	-	-	ARCHIVER (hors_selection)	published	0
/reflectioneditorial	Portrait à reflets narratifs - Reflet sur eau calme	-	-	-	ARCHIVER (regroupee)	published	0
/reflectioneditorial	Portrait à reflets narratifs - Vitrine de ville	-	-	-	ARCHIVER (regroupee)	published	0
/reflectionfix	Corriger les reflets	-	-	-	ARCHIVER (hors_selection)	archived	0
/rehabmovement	Mouvement de rééducation	-	-	-	ARCHIVER (hors_selection)	published	0
/releasenotes	Présenter les changements d’une version	-	-	-	ARCHIVER (regroupee)	archived	0
/rembrandtlighting	Éclairage Rembrandt	-	-	-	ARCHIVER (hors_selection)	published	0
/rembrandtportrait	Portrait - Rembrandt van Rijn	-	-	-	ARCHIVER (hors_selection)	published	0
/renaissancepanel	Portrait Renaissance	-	-	-	ARCHIVER (hors_selection)	published	0
/renaissanceportrait	Portrait Renaissance - Cabinet humaniste	-	-	-	ARCHIVER (hors_selection)	published	0
/renaissanceportrait	Portrait Renaissance - Photographie de cour reconstituée	-	-	-	ARCHIVER (hors_selection)	published	0
/renovation	Avant après rénovation - Rénovation légère	-	-	-	ARCHIVER (hors_selection)	published	0
/renovation	Avant après rénovation - Transformation complète	-	-	-	ARCHIVER (hors_selection)	published	0
/renovationconcept	Rénovation en projection	-	-	-	ARCHIVER (hors_selection)	published	0
/repairsequence	Séquence de réparation	-	-	-	ARCHIVER (hors_selection)	published	0
/resalehonest	Annonce seconde main	-	-	-	ARCHIVER (hors_selection)	published	0
/researchassistant	Assistant de recherche - Revue de littérature	-	-	-	ARCHIVER (regroupee)	published	0
/researchbrief	Recherche documentaire - Dossier sourcé	-	-	-	ARCHIVER (regroupee)	published	0
/researchbrief	Rechercher et documenter un sujet	-	-	-	ARCHIVER (regroupee)	archived	0
/researchbrief	Recherche documentaire - Bibliographie annotée	-	-	-	ARCHIVER (regroupee)	published	0
/restaurantdesign	Aménager un restaurant - Terrasse végétale	-	-	-	ARCHIVER (hors_selection)	published	0
/restaurantdesign	Aménager un restaurant - Bistrot contemporain	-	-	-	ARCHIVER (hors_selection)	published	0
/restaurantredesign	Réaménager un restaurant	-	-	-	ARCHIVER (hors_selection)	archived	0
/restauranttable	Table de restaurant	-	-	-	ARCHIVER (hors_selection)	published	0
/restorephoto	Restaurer une photographie - Colorisation prudente	-	-	-	ARCHIVER (regroupee)	published	0
/restorephoto	Restaurer une photographie - Réparer sans réinventer	-	-	-	ARCHIVER (regroupee)	published	0
/restorephoto	Restaurer une photographie - Netteté modérée	-	-	-	ARCHIVER (regroupee)	published	0
/restructure	Réorganiser un document - Plan logique	-	-	-	ARCHIVER (hors_selection)	published	0
/restructure	Réorganiser un document - Pyramide inversée	-	-	-	ARCHIVER (hors_selection)	published	0
/retaildesign	Aménager une boutique - Petite boutique	-	-	-	ARCHIVER (hors_selection)	published	0
/retaildesign	Aménager une boutique - Concept store	-	-	-	ARCHIVER (hors_selection)	published	0
/retailposter	Affiche promotionnelle retail	-	-	-	ARCHIVER (hors_selection)	published	0
/retentioncampaign	Préparer une campagne de fidélisation	-	-	-	ARCHIVER (hors_selection)	archived	0
/retrocartoonscene	Scène cartoon rétro - Cartoon samedi matin	-	-	-	ARCHIVER (regroupee)	published	0
/retrocartoonscene	Scène cartoon rétro - Animation années 1930	-	-	-	ARCHIVER (regroupee)	published	0
/retroplaylist	Collage mode et musique rétro - Lecteur musical flottant	-	-	-	ARCHIVER (hors_selection)	published	0
/retroplaylist	Collage mode et musique rétro - Lookbook cassette	-	-	-	ARCHIVER (hors_selection)	published	0
/retroplaylist	Collage mode et musique rétro - Mixtape Polaroid	-	-	-	ARCHIVER (hors_selection)	published	0
/retroposter	Poster vintage - Art déco	-	-	-	ARCHIVER (hors_selection)	published	0
/retroposter	Poster vintage - Publicité rétro fictive	-	-	-	ARCHIVER (hors_selection)	published	0
/retroposter	Poster vintage - Risograph paysage	-	-	-	ARCHIVER (hors_selection)	published	0
/retrospective	Mener une rétrospective constructive	-	-	-	ARCHIVER (regroupee)	archived	0
/reunionportrait	Portrait de retrouvailles	-	-	-	ARCHIVER (hors_selection)	published	0
/revenueforecast	Prévoir son chiffre d’affaires	-	-	-	ARCHIVER (regroupee)	archived	0
/reviewcreative	Créatif avis client	-	-	-	ARCHIVER (hors_selection)	archived	0
/revisioncoach	Révision active - Rappel actif	-	-	-	ARCHIVER (regroupee)	published	0
/revisioncoach	Révision active - QCM adaptatif	-	-	-	ARCHIVER (regroupee)	published	0
/revisionnotes	Fiche de révision - Fiche essentielle	-	-	-	ARCHIVER (regroupee)	published	0
/revisionnotes	Fiche de révision - Cartes mémoire	-	-	-	ARCHIVER (regroupee)	published	0
/rewrite	Reformuler - Version persuasive	-	-	-	ARCHIVER (regroupee)	published	0
/rewrite	Reformuler - Version fluide	-	-	-	ARCHIVER (regroupee)	published	0
/rewriteclear	Réécrire et clarifier un texte	-	-	-	ARCHIVER (regroupee)	archived	0
/ribbonform	Rubans sculpturaux — Rubans de soie	-	-	-	ARCHIVER (regroupee)	published	0
/riddlegame	Énigmes progressives - Observation	-	-	-	ARCHIVER (regroupee)	published	0
/rifain	Portrait rifain	-	-	-	ARCHIVER (hors_selection)	published	0
/rimlightportrait	Contour lumineux	-	-	-	ARCHIVER (hors_selection)	published	0
/rimlightproduct	Liseré lumineux	-	-	-	ARCHIVER (hors_selection)	published	0
/rimlightprofile	Profil au contre-jour - Liseré or	-	-	-	ARCHIVER (regroupee)	published	0
/rimlightprofile	Profil au contre-jour - Liseré rouge	-	-	-	ARCHIVER (regroupee)	published	0
/riskmitigation	Matrice de risques	-	-	-	ARCHIVER (regroupee)	archived	0
/riskregister	Construire un registre des risques	-	-	-	ARCHIVER (regroupee)	archived	0
/riskscan	Scan risques	-	-	-	ARCHIVER (regroupee)	archived	0
/risopremium	Affiche risographique — Paysage modulaire	-	-	-	ARCHIVER (hors_selection)	published	0
/risopremium	Affiche risographique — Deux encres	-	-	-	ARCHIVER (hors_selection)	published	0
/rlsaudit	Le stockage privé	-	-	-	ARCHIVER (regroupee)	published	0
/rlsaudit	Les policies sous loupe	-	-	-	ARCHIVER (regroupee)	published	0
/rlsaudit	La matrice des rôles	-	-	-	ARCHIVER (regroupee)	published	0
/roadmap	Prioriser un produit et sa feuille de route	-	-	-	ARCHIVER (regroupee)	archived	0
/roast-mon-pitch	Roast de mon pitch	-	-	-	ARCHIVER (regroupee)	archived	0
/roast-mon-site	Roast de mon site	-	-	-	ARCHIVER (regroupee)	archived	0
/robot-litteral	Le robot trop littéral	-	-	-	ARCHIVER (regroupee)	archived	0
/rococopastel	Rococo pastel	-	-	-	ARCHIVER (hors_selection)	published	0
/roleplay	Simulation sur mesure	-	-	-	ARCHIVER (regroupee)	archived	0
/romcomposter	Affiche de comédie romantique	-	-	-	ARCHIVER (hors_selection)	published	0
/roomidentity	Balcon tropical sobre	-	-	-	ARCHIVER (hors_selection)	published	0
/roomidentity	Salon terre claire	-	-	-	ARCHIVER (hors_selection)	published	0
/roomidentity	Chambre musique	-	-	-	ARCHIVER (hors_selection)	published	0
/roomrefresh	Relooking de pièce	-	-	-	ARCHIVER (hors_selection)	published	0
/roomstage	Aménagement virtuel	-	-	-	ARCHIVER (hors_selection)	published	0
/rootcause	Rechercher la cause d’un problème	-	-	-	ARCHIVER (hors_selection)	archived	0
/royalancestor	Portrait royal ancestral	-	-	-	ARCHIVER (hors_selection)	published	0
/rpggame	Jeu de rôle - RPG illustré	-	-	-	ARCHIVER (regroupee)	published	0
/rpggame	Jeu de rôle - Aventure fantasy	-	-	-	ARCHIVER (regroupee)	published	0
/rubans-satin	Tempête de satin	-	-	-	ARCHIVER (hors_selection)	draft	0
/rubric	Grille d’évaluation	-	-	-	ARCHIVER (regroupee)	archived	0
/runwaycalc	Autonomie de trésorerie	-	-	-	ARCHIVER (regroupee)	archived	0
/runwayeditorial	Éditorial podium	-	-	-	ARCHIVER (hors_selection)	published	0
/russianceremony	Cérémonie russe	-	-	-	ARCHIVER (hors_selection)	published	0
/sable-dissipation	Dissipation en sable	-	-	-	ARCHIVER (hors_selection)	draft	0
/sachetpack	Sachet individuel	-	-	-	ARCHIVER (hors_selection)	published	0
/safariportrait	Portrait safari - Véhicule d'observation	-	-	-	ARCHIVER (hors_selection)	published	0
/safariportrait	Portrait safari - Lodge panorama	-	-	-	ARCHIVER (hors_selection)	published	0
/sahelianpack	Packaging sahélien	-	-	-	ARCHIVER (hors_selection)	published	0
/salegraphic	Visuel promotion	-	-	-	ARCHIVER (hors_selection)	archived	0
/salesanalysis	Analyser les ventes - Funnel commercial	-	-	-	ARCHIVER (regroupee)	published	0
/salesanalysis	Analyser les ventes - Diagnostic segments	-	-	-	ARCHIVER (regroupee)	published	0
/salesbattlecard	Comparatif d’aide à la vente	-	-	-	ARCHIVER (hors_selection)	published	0
/salescoach	Coach commercial - Découverte client	-	-	-	ARCHIVER (regroupee)	published	0
/salescoach	Coach commercial - Objections client	-	-	-	ARCHIVER (regroupee)	published	0
/salescoach	Coach commercial - Closing sobre	-	-	-	ARCHIVER (regroupee)	published	0
/salescontract	Contrat de vente	-	-	-	ARCHIVER (regroupee)	archived	0
/salescopy	Texte de vente - Annonce AIDA	-	-	-	ARCHIVER (regroupee)	published	0
/salescopy	Texte de vente - Séquence e-mails	-	-	-	ARCHIVER (regroupee)	published	0
/salescopy	Texte de vente - Page courte persuasive	-	-	-	ARCHIVER (regroupee)	published	0
/salesfunnel	Construire un parcours de vente	-	-	-	ARCHIVER (hors_selection)	archived	0
/salesobjections	Réponses aux objections	-	-	-	ARCHIVER (regroupee)	archived	0
/salespage	Page de vente longue	-	-	-	ARCHIVER (regroupee)	archived	0
/salespitch	Pitch en 30 secondes	-	-	-	ARCHIVER (regroupee)	archived	0
/salesplaybook	Préparer un entretien commercial	-	-	-	ARCHIVER (hors_selection)	archived	0
/salesproposalvisual	Visuel de proposition commerciale	-	-	-	ARCHIVER (hors_selection)	published	0
/salessequence	Préparer une séquence commerciale	-	-	-	ARCHIVER (hors_selection)	archived	0
/salonredesign	Réaménager un salon de beauté	-	-	-	ARCHIVER (hors_selection)	archived	0
/sandsculpture	Sculpture de sable	-	-	-	ARCHIVER (hors_selection)	draft	0
/sanguine	Portrait à la sanguine	-	-	-	ARCHIVER (hors_selection)	draft	0
/satireline	Le croquis de métro	-	-	-	ARCHIVER (regroupee)	published	0
/satireline	Le trait de presse	-	-	-	ARCHIVER (regroupee)	published	0
/savethedate	Annonce de mariage - Éditorial noir blanc	-	-	-	ARCHIVER (hors_selection)	published	0
/savethedate	Annonce de mariage - Carte voyage	-	-	-	ARCHIVER (hors_selection)	published	0
/savingsplan	Préparer un plan d’épargne	-	-	-	ARCHIVER (hors_selection)	archived	0
/scalecomparison	Échelle humaine	-	-	-	ARCHIVER (hors_selection)	published	0
/scamper	Atelier SCAMPER	-	-	-	ARCHIVER (regroupee)	archived	0
/scan-neon	Scan néon	-	-	-	ARCHIVER (hors_selection)	draft	0
/scarfconcept	Foulard conceptuel - Foulard jardin	-	-	-	ARCHIVER (hors_selection)	published	0
/scarfconcept	Foulard conceptuel - Foulard architecture	-	-	-	ARCHIVER (hors_selection)	published	0
/scarfconcept	Foulard conceptuel - Foulard constellation	-	-	-	ARCHIVER (hors_selection)	published	0
/scarfgeometry	Le ruban architectural	-	-	-	ARCHIVER (hors_selection)	published	0
/scarfgeometry	Le nœud sculptural	-	-	-	ARCHIVER (hors_selection)	published	0
/scarfgeometry	La fenêtre textile	-	-	-	ARCHIVER (hors_selection)	published	0
/scenarioanalysis	Explorer plusieurs scénarios	-	-	-	ARCHIVER (regroupee)	archived	0
/schematiccutaway	Coupe schématique	-	-	-	ARCHIVER (hors_selection)	published	0
/sciencevisual	Visualisation scientifique - Cycle biologique	-	-	-	ARCHIVER (hors_selection)	published	0
/sciencevisual	Visualisation scientifique - Phénomène physique	-	-	-	ARCHIVER (hors_selection)	published	0
/sciencevisual	Visualisation scientifique - Molécule pédagogique	-	-	-	ARCHIVER (hors_selection)	published	0
/scientificengraving	Gravure scientifique	-	-	-	ARCHIVER (hors_selection)	draft	0
/scientistdialogue	Dialogue scientifique simulé - Marie Curie inspirée	-	-	-	ARCHIVER (regroupee)	published	0
/scifiexplorer	Explorateur spatial	-	-	-	ARCHIVER (hors_selection)	published	0
/scifiportalportrait	Portrait devant un portail futuriste - Portail néon	-	-	-	ARCHIVER (regroupee)	published	0
/scifiportrait	Portrait science-fiction - Pilote rétro futur	-	-	-	ARCHIVER (hors_selection)	published	0
/scifiportrait	Portrait science-fiction - Explorateur spatial	-	-	-	ARCHIVER (hors_selection)	published	0
/screenescape	Sortie de l’écran	-	-	-	ARCHIVER (hors_selection)	published	0
/screenprintobject	Sérigraphie pop	-	-	-	ARCHIVER (hors_selection)	draft	0
/screenritual	La fenêtre calme	-	-	-	ARCHIVER (hors_selection)	published	0
/screenritual	Le duo discret	-	-	-	ARCHIVER (hors_selection)	published	0
/screenritual	Le bureau divisé	-	-	-	ARCHIVER (hors_selection)	published	0
/scriptvideo	Écrire un script vidéo	-	-	-	ARCHIVER (regroupee)	archived	0
/sculpture	Sculpture de sujet - Bronze	-	-	-	ARCHIVER (hors_selection)	published	0
/sculpture	Sculpture de sujet - Marbre	-	-	-	ARCHIVER (hors_selection)	published	0
/sculpture	Sculpture de sujet - Argile	-	-	-	ARCHIVER (hors_selection)	published	0
/searchresultmock	Résultat de recherche visuel - Recherche événement	-	-	-	ARCHIVER (hors_selection)	published	0
/searchresultmock	Résultat de recherche visuel - Recherche produit	-	-	-	ARCHIVER (hors_selection)	published	0
/searchresultmock	Résultat de recherche visuel - Recherche d'une personne	-	-	-	ARCHIVER (hors_selection)	published	0
/seasonallifestyle	Saison vécue	-	-	-	ARCHIVER (hors_selection)	published	0
/second-order	Et ensuite ?	-	-	-	ARCHIVER (regroupee)	archived	0
/securitybasic	Préparer un audit de sécurité initial	-	-	-	ARCHIVER (regroupee)	archived	0
/securitymentor	Préparer une revue	-	-	-	ARCHIVER (regroupee)	published	0
/securitymentor	Comprendre une alerte	-	-	-	ARCHIVER (regroupee)	published	0
/securitymentor	Trier les correctifs	-	-	-	ARCHIVER (regroupee)	published	0
/securityreview	La permission manquante	-	-	-	ARCHIVER (regroupee)	published	0
/securityreview	Le fichier téléversé	-	-	-	ARCHIVER (regroupee)	published	0
/securityreview	La donnée sensible	-	-	-	ARCHIVER (regroupee)	published	0
/senoufoheritage	Portrait sénoufo	-	-	-	ARCHIVER (hors_selection)	published	0
/seo_meta	Métadonnées SEO	-	-	-	ARCHIVER (hors_selection)	archived	0
/seoaudit	Optimiser le contenu d’une page pour la recherche	-	-	-	ARCHIVER (hors_selection)	archived	0
/seriescover	Couverture fiction - Comédie lumineuse	-	-	-	ARCHIVER (hors_selection)	published	0
/seriescover	Couverture fiction - Thriller choral	-	-	-	ARCHIVER (hors_selection)	published	0
/serieskeyart	Affiche de série	-	-	-	ARCHIVER (hors_selection)	published	0
/servicecontract	Rédiger un contrat de prestation	-	-	-	ARCHIVER (regroupee)	archived	0
/servicecontract	Modèle de contrat de prestation - Avenant	-	-	-	ARCHIVER (regroupee)	published	0
/servicecontract	Modèle de contrat de prestation - Contrat de prestation	-	-	-	ARCHIVER (regroupee)	published	0
/servicevisual	Mon service expliqué	-	-	-	ARCHIVER (hors_selection)	published	0
/shadowbuddy	Mon ombre a une idée	-	-	-	ARCHIVER (hors_selection)	published	0
/shadowonly	Portrait d’objet par son ombre	-	-	-	ARCHIVER (hors_selection)	draft	0
/shadowplay	Jeu d’ombres	-	-	-	ARCHIVER (hors_selection)	published	0
/shadowsculpt	Portrait sculpté par l'ombre - Ombres de dentelle	-	-	-	ARCHIVER (regroupee)	published	0
/shadowselfqcm	Votre double d’ombre	-	-	-	ARCHIVER (hors_selection)	published	0
/shadowstory	Ombre narrative — Ombre métier	-	-	-	ARCHIVER (regroupee)	published	0
/sheaoriginpack	Packaging origine karité	-	-	-	ARCHIVER (hors_selection)	published	0
/shelfmockup	Produit en rayon - Rayon premium	-	-	-	ARCHIVER (regroupee)	published	0
/shelfmockup	Produit en rayon - Boutique locale	-	-	-	ARCHIVER (regroupee)	published	0
/shippingbox	Colis de livraison	-	-	-	ARCHIVER (hors_selection)	published	0
/shoeshape	Chaussure en vedette	-	-	-	ARCHIVER (hors_selection)	published	0
/shoppingbag	Sac boutique	-	-	-	ARCHIVER (hors_selection)	published	0
/shopredesign	Réaménager une boutique	-	-	-	ARCHIVER (hors_selection)	archived	0
/shorten	Raccourcir - Microtexte	-	-	-	ARCHIVER (regroupee)	published	0
/shorten	Raccourcir - Version moitié	-	-	-	ARCHIVER (regroupee)	published	0
/siblingportrait	Portrait de fratrie	-	-	-	ARCHIVER (hors_selection)	published	0
/sideview	Vue latérale	-	-	-	ARCHIVER (hors_selection)	published	0
/signatureposter	Affiche autour d'une signature - Signature géante	-	-	-	ARCHIVER (hors_selection)	published	0
/signatureposter	Affiche autour d'une signature - Signature métallique	-	-	-	ARCHIVER (hors_selection)	published	0
/signatureposter	Affiche autour d'une signature - Signature lumineuse	-	-	-	ARCHIVER (hors_selection)	published	0
/silentlux	Le rideau entrouvert	-	-	-	ARCHIVER (hors_selection)	published	0
/silentlux	Le reflet du vestibule	-	-	-	ARCHIVER (hors_selection)	published	0
/silentlux	Dernier ascenseur	-	-	-	ARCHIVER (hors_selection)	published	0
/silkcampaignportrait	Campagne soie - Soie rouge	-	-	-	ARCHIVER (regroupee)	published	0
/simplify	Simplifier un contenu - Explication débutant	-	-	-	ARCHIVER (regroupee)	published	0
/simplify	Simplifier un contenu - Grand public	-	-	-	ARCHIVER (regroupee)	published	0
/simplify	Simplification	-	-	-	ARCHIVER (regroupee)	archived	0
/singleingredient	Le ruban de crème	-	-	-	ARCHIVER (hors_selection)	published	0
/singleingredient	L'agrume en coupe	-	-	-	ARCHIVER (hors_selection)	published	0
/singleingredient	La poudre en arche	-	-	-	ARCHIVER (hors_selection)	published	0
/sizeguidevisual	Guide de taille visuel	-	-	-	ARCHIVER (hors_selection)	published	0
/skeletonview	Vue squelettique	-	-	-	ARCHIVER (hors_selection)	published	0
/sketch	Croquis - Dessin d'objet	-	-	-	ARCHIVER (regroupee)	published	0
/sketch	Croquis - Croquis mode	-	-	-	ARCHIVER (regroupee)	published	0
/sketchtocharacter	Croquis vers personnage	-	-	-	ARCHIVER (hors_selection)	published	0
/skillgap	Analyse des compétences	-	-	-	ARCHIVER (hors_selection)	archived	0
/skincareglow	Éclat naturel	-	-	-	ARCHIVER (hors_selection)	published	0
/skyisland	Île suspendue — Balcon suspendu	-	-	-	ARCHIVER (regroupee)	published	0
/slogan	Slogans	-	-	-	ARCHIVER (regroupee)	archived	0
/smokeobject	Objet de fumée	-	-	-	ARCHIVER (hors_selection)	draft	0
/smokesilhouette	Silhouette de fumée	-	-	-	ARCHIVER (hors_selection)	draft	0
/smoketail	Traînée de fumée — Veste en fumée	-	-	-	ARCHIVER (regroupee)	published	0
/snackplanet	Planète gourmande	-	-	-	ARCHIVER (hors_selection)	published	0
/sneakerbrandhero	Campagne sneaker de marque - Duel de sneakers	-	-	-	ARCHIVER (hors_selection)	published	0
/sneakerbrandhero	Campagne sneaker de marque - Nike en mouvement	-	-	-	ARCHIVER (hors_selection)	published	0
/sneakerbrandhero	Campagne sneaker de marque - Adidas street	-	-	-	ARCHIVER (hors_selection)	published	0
/sneakerperspective	Semelle au premier plan	-	-	-	ARCHIVER (hors_selection)	published	0
/sneakerperspective	Le reflet au sol	-	-	-	ARCHIVER (hors_selection)	published	0
/sneakerperspective	Le pas suspendu	-	-	-	ARCHIVER (hors_selection)	published	0
/snowinside	Neige intérieure — Vitrine enneigée	-	-	-	ARCHIVER (regroupee)	published	0
/socialcampaign	Campagne sociale - Miniature vidéo	-	-	-	ARCHIVER (hors_selection)	published	0
/socialcampaign	Campagne sociale - Story verticale	-	-	-	ARCHIVER (hors_selection)	published	0
/socialcampaign	Campagne sociale - Carrousel visuel	-	-	-	ARCHIVER (hors_selection)	published	0
/socialframe	Sortir du cadre social - Affiche arrachée	-	-	-	ARCHIVER (regroupee)	published	0
/socialframe	Sortir du cadre social - Cadre 3D	-	-	-	ARCHIVER (regroupee)	published	0
/socialpost	Publication sociale - Post LinkedIn	-	-	-	ARCHIVER (regroupee)	published	0
/socialpost	Publication sociale - Légende Instagram	-	-	-	ARCHIVER (regroupee)	published	0
/socialpost	Publication sociale - Publication Facebook	-	-	-	ARCHIVER (regroupee)	published	0
/socialpost	Créer une publication sociale	-	-	-	ARCHIVER (regroupee)	archived	0
/socialprofilemock	Portrait intégré à un profil social - Grille de profil	-	-	-	ARCHIVER (hors_selection)	published	0
/socialprofilemock	Portrait intégré à un profil social - Profil de marque	-	-	-	ARCHIVER (hors_selection)	published	0
/socialprofilemock	Portrait intégré à un profil social - Profil créateur	-	-	-	ARCHIVER (hors_selection)	published	0
/socialproofscene	Preuve sociale mise en scène	-	-	-	ARCHIVER (hors_selection)	published	0
/socratic	Questionnement socratique - Tester croyance	-	-	-	ARCHIVER (regroupee)	published	0
/softboxproduct	Lumière softbox	-	-	-	ARCHIVER (hors_selection)	published	0
/softinflatable	Tout devient gonflable	-	-	-	ARCHIVER (hors_selection)	draft	0
/sol-liquide	Sol liquide	-	-	-	ARCHIVER (hors_selection)	draft	0
/sonicdoodle	Le refrain au marqueur	-	-	-	ARCHIVER (hors_selection)	published	0
/sonicdoodle	Fréquence lavande	-	-	-	ARCHIVER (hors_selection)	published	0
/sonicdoodle	Le son en orange	-	-	-	ARCHIVER (hors_selection)	published	0
/sop	Formaliser et améliorer une procédure	-	-	-	ARCHIVER (regroupee)	archived	0
/sourcequest	Vrai signal, faux raccourci	-	-	-	ARCHIVER (hors_selection)	published	0
/sourcequest	Le titre trompeur	-	-	-	ARCHIVER (hors_selection)	published	0
/sourcequest	La capture sans contexte	-	-	-	ARCHIVER (hors_selection)	published	0
/southasianstyle	Style Asie du Sud - Kurta contemporain	-	-	-	ARCHIVER (hors_selection)	published	0
/southasianstyle	Style Asie du Sud - Sari éditorial	-	-	-	ARCHIVER (hors_selection)	published	0
/southernafricanstyle	Style Afrique australe - Ndebele graphique	-	-	-	ARCHIVER (regroupee)	published	0
/spacecanteen	La table de la cantina	-	-	-	ARCHIVER (hors_selection)	published	0
/spacecanteen	La cabine d'observation	-	-	-	ARCHIVER (hors_selection)	published	0
/spacecanteen	Le mécanicien orbital	-	-	-	ARCHIVER (hors_selection)	published	0
/speech	Préparer une prise de parole	-	-	-	ARCHIVER (regroupee)	archived	0
/spiceoriginpack	Packaging origine épices	-	-	-	ARCHIVER (hors_selection)	published	0
/splashfreeze	Éclaboussure figée	-	-	-	ARCHIVER (hors_selection)	published	0
/splitlighting	Visage partagé	-	-	-	ARCHIVER (hors_selection)	published	0
/spockdialogue	Spock, logique et probabilités — Émotion et faits	-	-	-	ARCHIVER (regroupee)	published	0
/sportcover	Couverture sportive fictive - Action figée	-	-	-	ARCHIVER (regroupee)	published	0
/sportmagazine	Sport - référence Sports Illustrated	-	-	-	ARCHIVER (hors_selection)	published	0
/sportposter	Affiche sportive - Match day	-	-	-	ARCHIVER (hors_selection)	published	0
/sportposter	Affiche sportive - Athlète en mouvement	-	-	-	ARCHIVER (hors_selection)	published	0
/sportsposter	Affiche sportive	-	-	-	ARCHIVER (hors_selection)	published	0
/sportswearlaunch	Lancement sportswear - Running à l'aube	-	-	-	ARCHIVER (hors_selection)	published	0
/sportswearlaunch	Lancement sportswear - Terrain de nuit	-	-	-	ARCHIVER (hors_selection)	published	0
/sportswearlaunch	Lancement sportswear - Studio performance	-	-	-	ARCHIVER (hors_selection)	published	0
/sportswearlook	Look sportif	-	-	-	ARCHIVER (hors_selection)	published	0
/sportwallart	Poster sportif décoratif - Maillot typographique	-	-	-	ARCHIVER (hors_selection)	published	0
/sportwallart	Poster sportif décoratif - Silhouette et terrain	-	-	-	ARCHIVER (hors_selection)	published	0
/spotlightproduct	Projecteur central	-	-	-	ARCHIVER (hors_selection)	published	0
/spythriller	Thriller d’espionnage	-	-	-	ARCHIVER (hors_selection)	published	0
/sqlhelp	Écrire et vérifier une requête SQL	-	-	-	ARCHIVER (regroupee)	archived	0
/sqlquery	Écrire une requête SQL - Requête de lecture	-	-	-	ARCHIVER (regroupee)	published	0
/sqlquery	Écrire une requête SQL - Diagnostic performance	-	-	-	ARCHIVER (regroupee)	published	0
/stagelegend	Portrait d'artiste en scène - Chanteur sous projecteur	-	-	-	ARCHIVER (regroupee)	published	0
/stagelegend	Portrait d'artiste en scène - Batteur en noir et blanc	-	-	-	ARCHIVER (regroupee)	published	0
/stainedglassobject	Vitrail	-	-	-	ARCHIVER (hors_selection)	draft	0
/statusreport	Rédiger un point d’avancement	-	-	-	ARCHIVER (regroupee)	archived	0
/steamportrait	Portrait steampunk - Inventeur atelier	-	-	-	ARCHIVER (hors_selection)	published	0
/steamportrait	Portrait steampunk - Aéronaute	-	-	-	ARCHIVER (hors_selection)	published	0
/stickerme	Mes réactions en stickers	-	-	-	ARCHIVER (hors_selection)	published	0
/stonefinish	Finition pierre	-	-	-	ARCHIVER (hors_selection)	published	0
/storefrontmockup	Façade de boutique	-	-	-	ARCHIVER (hors_selection)	published	0
/storefronttakeover	Habillage de façade commerciale - Restaurant	-	-	-	ARCHIVER (hors_selection)	published	0
/storefronttakeover	Habillage de façade commerciale - Pop-up événementiel	-	-	-	ARCHIVER (hors_selection)	published	0
/storefronttakeover	Habillage de façade commerciale - Boutique de mode	-	-	-	ARCHIVER (hors_selection)	published	0
/story	Écrire une fiction ou un dialogue	-	-	-	ARCHIVER (regroupee)	archived	0
/story-dice	Dés à histoires	-	-	-	ARCHIVER (regroupee)	archived	0
/storyboard	Découper en plans	-	-	-	ARCHIVER (hors_selection)	archived	0
/storybookobject	Illustration jeunesse	-	-	-	ARCHIVER (hors_selection)	published	0
/storybrand	Story marque	-	-	-	ARCHIVER (hors_selection)	archived	0
/storyframe	Composition de story mobile - Story lancement	-	-	-	ARCHIVER (hors_selection)	published	0
/storyframe	Composition de story mobile - Story photo	-	-	-	ARCHIVER (hors_selection)	published	0
/storyframe	Composition de story mobile - Story sondage	-	-	-	ARCHIVER (hors_selection)	published	0
/storysequence	Story démonstration	-	-	-	ARCHIVER (regroupee)	published	0
/storysequence	Réel avant-après	-	-	-	ARCHIVER (regroupee)	published	0
/storysequence	Carrousel objection	-	-	-	ARCHIVER (regroupee)	published	0
/storywrite	Écrire une histoire - Nouvelle	-	-	-	ARCHIVER (regroupee)	published	0
/storywrite	Écrire une histoire - Conte enfant	-	-	-	ARCHIVER (regroupee)	published	0
/storywrite	Écrire une histoire - Scénario court	-	-	-	ARCHIVER (regroupee)	published	0
/strategicplan	Construire un plan stratégique	-	-	-	ARCHIVER (regroupee)	archived	0
/strategycheck	Diagnostic stratégique - SWOT étayée	-	-	-	ARCHIVER (hors_selection)	published	0
/strategycheck	Diagnostic stratégique - Scénarios	-	-	-	ARCHIVER (hors_selection)	published	0
/streamingkeyart	Affiche de plateforme de streaming - Série dramatique	-	-	-	ARCHIVER (hors_selection)	published	0
/streamingkeyart	Affiche de plateforme de streaming - Comédie	-	-	-	ARCHIVER (hors_selection)	published	0
/streamingkeyart	Affiche de plateforme de streaming - Documentaire	-	-	-	ARCHIVER (hors_selection)	published	0
/streetflashlook	Portrait street au flash - Sortie de soirée	-	-	-	ARCHIVER (regroupee)	published	0
/streetposter	Affichage urbain	-	-	-	ARCHIVER (hors_selection)	archived	0
/streetwear	Éditorial streetwear - Sneaker hero	-	-	-	ARCHIVER (hors_selection)	published	0
/streetwear	Éditorial streetwear - Flash de parking	-	-	-	ARCHIVER (hors_selection)	published	0
/streetwear	Éditorial streetwear - Lookbook urbain	-	-	-	ARCHIVER (hors_selection)	published	0
/streetwearlook	Look streetwear	-	-	-	ARCHIVER (hors_selection)	published	0
/studioportrait	Portrait studio - Clamshell beauté	-	-	-	ARCHIVER (hors_selection)	published	0
/studioportrait	Portrait studio - Gélatines bicolores	-	-	-	ARCHIVER (hors_selection)	published	0
/studioportrait	Portrait studio - Rembrandt	-	-	-	ARCHIVER (hors_selection)	published	0
/studyink	Révision en trois blocs	-	-	-	ARCHIVER (hors_selection)	published	0
/studyink	Schéma au tableau blanc	-	-	-	ARCHIVER (hors_selection)	published	0
/studyink	Formule expliquée	-	-	-	ARCHIVER (hors_selection)	published	0
/stylemakeover	Métamorphose de style - Avant après cohérent	-	-	-	ARCHIVER (hors_selection)	published	0
/stylemakeover	Métamorphose de style - Capsule de trois looks	-	-	-	ARCHIVER (hors_selection)	published	0
/stylo-bleu	Portrait au stylo bleu	-	-	-	ARCHIVER (hors_selection)	published	0
/suittryon	Costume professionnel	-	-	-	ARCHIVER (hors_selection)	published	0
/summarize	Résumer un texte - Résumé structuré	-	-	-	ARCHIVER (regroupee)	published	0
/summarize	Résumer un texte - Résumé express	-	-	-	ARCHIVER (regroupee)	published	0
/summary	Résumé mono-source	-	-	-	ARCHIVER (regroupee)	archived	0
/sunbeamproduct	Rayon solaire	-	-	-	ARCHIVER (hors_selection)	published	0
/superpowerreveal	Votre superpouvoir	-	-	-	ARCHIVER (hors_selection)	published	0
/supportreply	Répondre à un client ou à un commentaire	-	-	-	ARCHIVER (regroupee)	archived	0
/surrealcanvas	Toile surréaliste	-	-	-	ARCHIVER (hors_selection)	draft	0
/surrealcollage	Collage surréaliste	-	-	-	ARCHIVER (hors_selection)	draft	0
/surrealportrait	Portrait surréaliste - Nuage intérieur	-	-	-	ARCHIVER (hors_selection)	published	0
/surrealportrait	Portrait surréaliste - Portail miroir	-	-	-	ARCHIVER (hors_selection)	published	0
/surrealportrait	Portrait surréaliste - Lévitation sobre	-	-	-	ARCHIVER (hors_selection)	published	0
/surveyanalyse	Analyser des réponses et retours clients	-	-	-	ARCHIVER (regroupee)	archived	0
/swot	Analyse SWOT	-	-	-	ARCHIVER (regroupee)	archived	0
/systemmapvisual	Carte de système	-	-	-	ARCHIVER (hors_selection)	archived	0
/systems-map	Carte du système	-	-	-	ARCHIVER (hors_selection)	archived	0
/tablescape	Mise en scène de table	-	-	-	ARCHIVER (hors_selection)	archived	0
/tabletophero	Entre les touches	-	-	-	ARCHIVER (regroupee)	published	0
/tabletwallpaper	Fond tablette - Paysage adaptable	-	-	-	ARCHIVER (hors_selection)	published	0
/tabletwallpaper	Fond tablette - Texture douce	-	-	-	ARCHIVER (hors_selection)	published	0
/tactilecollage	Collage à toucher du regard	-	-	-	ARCHIVER (hors_selection)	published	0
/takeawaymenu	Menu à emporter	-	-	-	ARCHIVER (hors_selection)	archived	0
/tattoopreview	Prévisualiser un tatouage - Aquarelle	-	-	-	ARCHIVER (hors_selection)	published	0
/tattoopreview	Prévisualiser un tatouage - Fine line	-	-	-	ARCHIVER (hors_selection)	published	0
/tattoopreview	Prévisualiser un tatouage - Blackwork	-	-	-	ARCHIVER (hors_selection)	published	0
/taxiwindow	Arrêt après la pluie	-	-	-	ARCHIVER (hors_selection)	published	0
/taxiwindow	La banquette raconte	-	-	-	ARCHIVER (hors_selection)	published	0
/taxiwindow	Orange en reflet	-	-	-	ARCHIVER (hors_selection)	published	0
/teacherportrait	Portrait enseignant	-	-	-	ARCHIVER (hors_selection)	published	0
/teamheadshots	Portraits d'équipe - Trombinoscope cohérent	-	-	-	ARCHIVER (hors_selection)	published	0
/teamheadshots	Portraits d'équipe - Équipe de magazine	-	-	-	ARCHIVER (hors_selection)	published	0
/techcover	Couverture innovation - Objet laboratoire	-	-	-	ARCHIVER (hors_selection)	published	0
/techcover	Couverture innovation - Portrait augmenté	-	-	-	ARCHIVER (hors_selection)	published	0
/technicalreport	Rapport technique - Spécification	-	-	-	ARCHIVER (regroupee)	published	0
/technicalreport	Rapport technique - Rapport d'étude	-	-	-	ARCHIVER (regroupee)	published	0
/techproduct	Photo électronique - Bureau minimal	-	-	-	ARCHIVER (hors_selection)	published	0
/techproduct	Photo électronique - Macro interface	-	-	-	ARCHIVER (hors_selection)	published	0
/techproduct	Photo électronique - Studio métallique	-	-	-	ARCHIVER (hors_selection)	published	0
/techspec	Définir une fonctionnalité et ses spécifications	-	-	-	ARCHIVER (regroupee)	archived	0
/techstill	L'assemblage utile	-	-	-	ARCHIVER (hors_selection)	published	0
/techstill	L'écran éteint	-	-	-	ARCHIVER (hors_selection)	published	0
/techstill	Le câble dessine	-	-	-	ARCHIVER (hors_selection)	published	0
/teenself	Version adolescente	-	-	-	ARCHIVER (hors_selection)	published	0
/telecomlifestylead	Campagne télécom lifestyle - Appel familial	-	-	-	ARCHIVER (hors_selection)	published	0
/telecomlifestylead	Campagne télécom lifestyle - Créateur mobile	-	-	-	ARCHIVER (hors_selection)	published	0
/telecomlifestylead	Campagne télécom lifestyle - Réseau en voyage	-	-	-	ARCHIVER (hors_selection)	published	0
/telecompression	Téléobjectif compressé	-	-	-	ARCHIVER (hors_selection)	published	0
/tenderresponse	Répondre à un appel d’offres	-	-	-	ARCHIVER (regroupee)	archived	0
/termsconditions	Préparer des conditions générales	-	-	-	ARCHIVER (regroupee)	archived	0
/testimonial	Témoignage client	-	-	-	ARCHIVER (hors_selection)	archived	0
/testimonialad	Publicité témoignage	-	-	-	ARCHIVER (hors_selection)	archived	0
/testimonialvisual	Témoignage client	-	-	-	ARCHIVER (hors_selection)	published	0
/testplan	Préparer des tests fonctionnels	-	-	-	ARCHIVER (regroupee)	archived	0
/textileportrait	Portrait textile - Patchwork contemporain	-	-	-	ARCHIVER (regroupee)	published	0
/thenandnow	Avant et maintenant	-	-	-	ARCHIVER (regroupee)	published	0
/thermalmap	Carte thermique illustrative - Comparatif thermique	-	-	-	ARCHIVER (regroupee)	published	0
/thermalmap	Carte thermique illustrative - Échelle thermique	-	-	-	ARCHIVER (regroupee)	published	0
/thermalview	Effet caméra thermique	-	-	-	ARCHIVER (hors_selection)	draft	0
/thoughtleadership	Prise de parole experte	-	-	-	ARCHIVER (regroupee)	archived	0
/thread	Thread social	-	-	-	ARCHIVER (regroupee)	archived	0
/threadportrait	Patchwork de souvenirs	-	-	-	ARCHIVER (hors_selection)	published	0
/threadportrait	Contour brodé	-	-	-	ARCHIVER (hors_selection)	published	0
/threadportrait	L'étiquette de soi	-	-	-	ARCHIVER (hors_selection)	published	0
/threatcanvas	Le parcours connexion	-	-	-	ARCHIVER (regroupee)	published	0
/threatcanvas	Le paiement et le webhook	-	-	-	ARCHIVER (regroupee)	published	0
/threatcanvas	Les frontières de confiance	-	-	-	ARCHIVER (regroupee)	published	0
/threequarterportrait	Portrait trois-quarts	-	-	-	ARCHIVER (hors_selection)	published	0
/threequarterview	Vue trois-quarts	-	-	-	ARCHIVER (hors_selection)	published	0
/throughglass	Vue à travers verre	-	-	-	ARCHIVER (hors_selection)	published	0
/thumbnail	Miniature virale	-	-	-	ARCHIVER (hors_selection)	archived	0
/tiktokad	Publicité TikTok	-	-	-	ARCHIVER (hors_selection)	archived	0
/tiktokscript	Script vidéo courte	-	-	-	ARCHIVER (regroupee)	archived	0
/timeline	Penser en étapes	-	-	-	ARCHIVER (hors_selection)	archived	0
/timelinevisual	Frise chronologique - Frise horizontale	-	-	-	ARCHIVER (regroupee)	published	0
/timelinevisual	Frise chronologique - Frise verticale	-	-	-	ARCHIVER (regroupee)	published	0
/tingatingaportrait	Portrait Tingatinga	-	-	-	ARCHIVER (hors_selection)	published	0
/tinyjoy	Une joie démesurée	-	-	-	ARCHIVER (hors_selection)	published	0
/tinypersonworld	Personne miniature	-	-	-	ARCHIVER (hors_selection)	published	0
/tinyworld	Monde miniature - Ville dans tasse	-	-	-	ARCHIVER (hors_selection)	published	0
/tinyworld	Monde miniature - Jardin de poche	-	-	-	ARCHIVER (hors_selection)	published	0
/tinyworld	Monde miniature - Atelier dans boîte	-	-	-	ARCHIVER (hors_selection)	published	0
/tinyworld	Monde miniature	-	-	-	ARCHIVER (hors_selection)	draft	0
/tonechange	Changer le ton - Professionnel humain	-	-	-	ARCHIVER (regroupee)	published	0
/tonechange	Changer le ton - Diplomatique ferme	-	-	-	ARCHIVER (regroupee)	published	0
/tonepro	Ton professionnel	-	-	-	ARCHIVER (regroupee)	archived	0
/toonencounter3d	Rencontre avec personnages animés - Studio cartoon ludique	-	-	-	ARCHIVER (regroupee)	published	0
/toonencounter3d	Rencontre avec personnages animés - Duo chat et souris classique	-	-	-	ARCHIVER (regroupee)	published	0
/toonselfie	Selfie avec personnages - Duo cartoon original	-	-	-	ARCHIVER (hors_selection)	published	0
/toonselfie	Selfie avec personnages - Zootopie	-	-	-	ARCHIVER (hors_selection)	published	0
/topdown	Vue zénithale	-	-	-	ARCHIVER (hors_selection)	published	0
/tracker	Créer un tableau de suivi - Tableau de bord	-	-	-	ARCHIVER (regroupee)	published	0
/tracker	Créer un tableau de suivi - Suivi opérationnel	-	-	-	ARCHIVER (regroupee)	published	0
/tradefairhero	Visuel principal de salon	-	-	-	ARCHIVER (hors_selection)	published	0
/tradeoffs	Arbitrages clairs	-	-	-	ARCHIVER (regroupee)	archived	0
/traditionalattire	Tenue traditionnelle	-	-	-	ARCHIVER (hors_selection)	published	0
/translate	Traduire - Traduction fidèle	-	-	-	ARCHIVER (regroupee)	published	0
/translate	Traduire - Localisation	-	-	-	ARCHIVER (regroupee)	published	0
/translateadapt	Traduire et adapter	-	-	-	ARCHIVER (regroupee)	archived	0
/translucentfinish	Matière translucide	-	-	-	ARCHIVER (hors_selection)	published	0
/transparentcutout	PNG transparent	-	-	-	ARCHIVER (hors_selection)	archived	0
/travellifestyle	Scène de voyage	-	-	-	ARCHIVER (hors_selection)	published	0
/travelposter	Poster de destination - Lithographie	-	-	-	ARCHIVER (regroupee)	published	0
/travelposter	Poster de destination - Carte illustrée	-	-	-	ARCHIVER (regroupee)	published	0
/tribunal-chaussettes	Le procès des chaussettes	-	-	-	ARCHIVER (hors_selection)	draft	0
/triptyque-dechire	Triptyque déchiré	-	-	-	ARCHIVER (hors_selection)	published	0
/tropicalscene	Décor tropical	-	-	-	ARCHIVER (hors_selection)	published	0
/tshirtmockup	Mockup textile	-	-	-	ARCHIVER (hors_selection)	archived	0
/turntableboard	Planche multiangles	-	-	-	ARCHIVER (hors_selection)	published	0
/tutor	Professeur particulier - Exercices progressifs	-	-	-	ARCHIVER (regroupee)	published	0
/tutor	Professeur particulier - Oral blanc	-	-	-	ARCHIVER (regroupee)	published	0
/twist	Le retournement	-	-	-	ARCHIVER (regroupee)	archived	0
/typeposter	Poster typographique - Lettrage vivant	-	-	-	ARCHIVER (hors_selection)	published	0
/typeposter	Poster typographique - Risographie	-	-	-	ARCHIVER (hors_selection)	published	0
/typeposter	Poster typographique - Swiss grid	-	-	-	ARCHIVER (hors_selection)	published	0
/ugcscene	Scene UGC	-	-	-	ARCHIVER (hors_selection)	archived	0
/ugcscript	Atelier script UGC	-	-	-	ARCHIVER (hors_selection)	archived	0
/uixaudit	Auditer une interface et ses parcours	-	-	-	ARCHIVER (hors_selection)	archived	0
/ukiyoeobject	Objet ukiyo-e	-	-	-	ARCHIVER (hors_selection)	published	0
/ukiyoeprofile	Profil ukiyo-e	-	-	-	ARCHIVER (hors_selection)	published	0
/unboxing	Scène unboxing - Vue du dessus	-	-	-	ARCHIVER (hors_selection)	published	0
/unboxing	Scène unboxing - Mains en action	-	-	-	ARCHIVER (hors_selection)	published	0
/unboxingmoment	Scène de déballage	-	-	-	ARCHIVER (hors_selection)	published	0
/underwaterproduct	Produit sous l’eau	-	-	-	ARCHIVER (hors_selection)	draft	0
/uniformpreview	Uniforme métier	-	-	-	ARCHIVER (hors_selection)	published	0
/uniformtryon	Essayage uniforme	-	-	-	ARCHIVER (hors_selection)	archived	0
/unit_economics	Calculer la rentabilité d’une activité	-	-	-	ARCHIVER (regroupee)	archived	0
/upsellcopy	Offre additionnelle	-	-	-	ARCHIVER (regroupee)	archived	0
/upsideframe	Étrange réalité parallèle — Salon dédoublé	-	-	-	ARCHIVER (hors_selection)	published	0
/upsideframe	Étrange réalité parallèle — Vélo nocturne	-	-	-	ARCHIVER (hors_selection)	published	0
/urbanconcept	Concept urbain - Rue piétonne	-	-	-	ARCHIVER (hors_selection)	published	0
/urbanconcept	Concept urbain - Place publique	-	-	-	ARCHIVER (hors_selection)	published	0
/urbanjungle	Ville végétale — Bureau forêt	-	-	-	ARCHIVER (regroupee)	published	0
/urbanmobilityad	Campagne mobilité urbaine - Vélo partagé	-	-	-	ARCHIVER (hors_selection)	published	0
/urbanmobilityad	Campagne mobilité urbaine - Trajet du soir	-	-	-	ARCHIVER (hors_selection)	published	0
/urbanmobilityad	Campagne mobilité urbaine - Moto via application	-	-	-	ARCHIVER (hors_selection)	published	0
/urbanstillness	Solitude au cœur de la foule - Croisement sous la pluie	-	-	-	ARCHIVER (regroupee)	published	0
/urbanstillness	Solitude au cœur de la foule - Solitude dans le métro	-	-	-	ARCHIVER (regroupee)	published	0
/urbanstreetproduct	Scène urbaine	-	-	-	ARCHIVER (hors_selection)	published	0
/usabilitytest	Préparer un test avec des utilisateurs	-	-	-	ARCHIVER (hors_selection)	archived	0
/usecasepanel	Planche de cas d’usage	-	-	-	ARCHIVER (hors_selection)	published	0
/userstories	User stories	-	-	-	ARCHIVER (regroupee)	archived	0
/uxmicrocopy	Rédiger les textes d’une interface	-	-	-	ARCHIVER (hors_selection)	archived	0
/vacationpostcard	Carte postale personnelle	-	-	-	ARCHIVER (hors_selection)	published	0
/valentine	Portrait romantique - Cinéma sous la pluie	-	-	-	ARCHIVER (hors_selection)	published	0
/valentine	Portrait romantique - Studio velours	-	-	-	ARCHIVER (hors_selection)	published	0
/valentine	Portrait romantique - Carte pop-up	-	-	-	ARCHIVER (hors_selection)	published	0
/valueprop	Proposition de valeur	-	-	-	ARCHIVER (regroupee)	archived	0
/vangoghcanvas	Portrait - Vincent van Gogh	-	-	-	ARCHIVER (hors_selection)	published	0
/vangoghmotion	Matière postimpressionniste — Portrait solaire	-	-	-	ARCHIVER (hors_selection)	published	0
/vangoghmotion	Matière postimpressionniste — Nuit vibrante	-	-	-	ARCHIVER (hors_selection)	published	0
/vehiclewrap	Habillage véhicule	-	-	-	ARCHIVER (hors_selection)	published	0
/vendingmockup	Distributeur automatique	-	-	-	ARCHIVER (hors_selection)	published	0
/vendorcompare	Comparer des fournisseurs	-	-	-	ARCHIVER (regroupee)	archived	0
/vermeerlight	Portrait - Johannes Vermeer	-	-	-	ARCHIVER (hors_selection)	published	0
/verre-suspendu	Verre suspendu	-	-	-	ARCHIVER (hors_selection)	draft	0
/videocallscene	Scène d'appel vidéo - Réunion d'équipe	-	-	-	ARCHIVER (hors_selection)	published	0
/videocallscene	Scène d'appel vidéo - Masterclass vidéo	-	-	-	ARCHIVER (hors_selection)	published	0
/videocallscene	Scène d'appel vidéo - Appel familial	-	-	-	ARCHIVER (hors_selection)	published	0
/videoplatformmock	Visuel dans une plateforme vidéo - Page vidéo	-	-	-	ARCHIVER (hors_selection)	published	0
/videoplatformmock	Visuel dans une plateforme vidéo - Vidéo courte verticale	-	-	-	ARCHIVER (hors_selection)	published	0
/videoplatformmock	Visuel dans une plateforme vidéo - Première en direct	-	-	-	ARCHIVER (hors_selection)	published	0
/videosummary	Résumer une vidéo - Fiche d'apprentissage	-	-	-	ARCHIVER (regroupee)	published	0
/videosummary	Résumer une vidéo - Chapitres utiles	-	-	-	ARCHIVER (regroupee)	published	0
/ville-pliee	La ville se replie	-	-	-	ARCHIVER (hors_selection)	draft	0
/vision-nocturne	Vision nocturne	-	-	-	ARCHIVER (hors_selection)	draft	0
/visionboard	Tableau d'inspiration - Objectifs visuels	-	-	-	ARCHIVER (hors_selection)	published	0
/visionboard	Tableau d'inspiration - Moodboard personnel	-	-	-	ARCHIVER (hors_selection)	published	0
/visualcleanup	Nettoyage visuel - Retirer parasite	-	-	-	ARCHIVER (hors_selection)	published	0
/visualcleanup	Nettoyage visuel - Recadrage intelligent	-	-	-	ARCHIVER (hors_selection)	published	0
/visualdetective	Le détail changé	-	-	-	ARCHIVER (regroupee)	published	0
/visualdetective	La logique des couleurs	-	-	-	ARCHIVER (regroupee)	published	0
/visualexperiment	Expérience visuelle - Volume impossible	-	-	-	ARCHIVER (hors_selection)	published	0
/visualexperiment	Expérience visuelle - Anamorphose	-	-	-	ARCHIVER (hors_selection)	published	0
/visualhook	Accroche visuelle sans texte	-	-	-	ARCHIVER (hors_selection)	published	0
/visualproof	Une idée, trois preuves	-	-	-	ARCHIVER (hors_selection)	published	0
/visualproof	Le comparatif honnête	-	-	-	ARCHIVER (hors_selection)	published	0
/visualproof	Avant, pendant, après	-	-	-	ARCHIVER (hors_selection)	published	0
/visualprototype	Prototype à classer - Prototype dirigé	-	-	-	ARCHIVER (hors_selection)	published	0
/visualquizsheet	Fiche QCM illustrée - Cherche l'erreur	-	-	-	ARCHIVER (hors_selection)	published	0
/visualquizsheet	Fiche QCM illustrée - QCM image	-	-	-	ARCHIVER (hors_selection)	published	0
/voiceguide	Guide de voix	-	-	-	ARCHIVER (regroupee)	archived	0
/voxelobject	Objet voxel	-	-	-	ARCHIVER (hors_selection)	draft	0
/wakandastudio	La terrasse royale	-	-	-	ARCHIVER (hors_selection)	published	0
/wakandastudio	L'atelier vibranium	-	-	-	ARCHIVER (hors_selection)	published	0
/wakandastudio	Le salon de Wakanda	-	-	-	ARCHIVER (hors_selection)	published	0
/wallart	Poster décoratif - Diorama papier	-	-	-	ARCHIVER (hors_selection)	published	0
/wallart	Poster décoratif - Abstraction terracotta	-	-	-	ARCHIVER (hors_selection)	published	0
/wallart	Poster décoratif - Botanique	-	-	-	ARCHIVER (hors_selection)	published	0
/wallpapercosmic	Fond cosmique premium — Jardin astral	-	-	-	ARCHIVER (hors_selection)	published	0
/wallpapercosmic	Fond cosmique premium — Orbite calme	-	-	-	ARCHIVER (hors_selection)	published	0
/wallpaperfocus	Fond d’écran personnalisé — Bureau profond	-	-	-	ARCHIVER (hors_selection)	published	0
/wallpaperfocus	Fond d’écran personnalisé — Mobile calme	-	-	-	ARCHIVER (hors_selection)	published	0
/wallpapermemory	Fond souvenir — Lieu précieux	-	-	-	ARCHIVER (hors_selection)	published	0
/wallpapermemory	Fond souvenir — Objet intime	-	-	-	ARCHIVER (hors_selection)	published	0
/wallpaperpair	Paire de fonds cohérents — Jour et nuit	-	-	-	ARCHIVER (hors_selection)	published	0
/wallpaperpair	Paire de fonds cohérents — Verrouillage et accueil	-	-	-	ARCHIVER (hors_selection)	published	0
/wardrobecapsule	Capsule vestimentaire - Trois tenues professionnelles	-	-	-	ARCHIVER (hors_selection)	published	0
/wardrobecapsule	Capsule vestimentaire - Trois tenues week-end	-	-	-	ARCHIVER (hors_selection)	published	0
/wardrobestage	Le costume du marché	-	-	-	ARCHIVER (hors_selection)	published	0
/wardrobestage	La maille monumentale	-	-	-	ARCHIVER (hors_selection)	published	0
/wardrobestage	Le trench dans le vent	-	-	-	ARCHIVER (hors_selection)	published	0
/watchbrief	Produire une veille ponctuelle	-	-	-	ARCHIVER (regroupee)	archived	0
/watchfit	Essayage montre - Poignet macro	-	-	-	ARCHIVER (hors_selection)	published	0
/watchfit	Essayage montre - Montre en tenue	-	-	-	ARCHIVER (hors_selection)	published	0
/watercolor	Aquarelle - Carnet de voyage	-	-	-	ARCHIVER (regroupee)	published	0
/watercolor	Aquarelle - Portrait floral	-	-	-	ARCHIVER (regroupee)	published	0
/watercolorobject	Aquarelle produit	-	-	-	ARCHIVER (hors_selection)	published	0
/waterorbit	Orbite d’eau figée	-	-	-	ARCHIVER (hors_selection)	draft	0
/waterroom	Pièce sous l'eau — Salon immergé	-	-	-	ARCHIVER (regroupee)	published	0
/watersplashportrait	Portrait éclaboussé	-	-	-	ARCHIVER (hors_selection)	published	0
/waxeditorial	Éditorial wax	-	-	-	ARCHIVER (hors_selection)	published	0
/waxlimitedpack	Édition wax contemporaine	-	-	-	ARCHIVER (hors_selection)	published	0
/wearpoints	Points d’usure	-	-	-	ARCHIVER (hors_selection)	published	0
/weatheredfinish	Usure contrôlée	-	-	-	ARCHIVER (hors_selection)	published	0
/webcopy	Contenu de site - Page services	-	-	-	ARCHIVER (regroupee)	published	0
/webcopy	Contenu de site - Page à propos	-	-	-	ARCHIVER (regroupee)	published	0
/webinar	Écrire un webinaire complet	-	-	-	ARCHIVER (regroupee)	archived	0
/wedding	Souvenir de mariage - Éditorial cérémonie	-	-	-	ARCHIVER (hors_selection)	published	0
/wedding	Souvenir de mariage - Album en triptyque	-	-	-	ARCHIVER (hors_selection)	published	0
/wedding	Souvenir de mariage - Couple cinéma	-	-	-	ARCHIVER (hors_selection)	published	0
/weddingdecor	Décoration mariage	-	-	-	ARCHIVER (hors_selection)	archived	0
/weddinglook	Look mariage	-	-	-	ARCHIVER (hors_selection)	published	0
/wednesdaydialogue	Wednesday, regard acéré — Enquête insolite	-	-	-	ARCHIVER (regroupee)	published	0
/weeklyplan	Organiser ses priorités	-	-	-	ARCHIVER (regroupee)	archived	0
/westafricanstyle	Style ouest-africain - Kente contemporain	-	-	-	ARCHIVER (regroupee)	published	0
/westafricanstyle	Style ouest-africain - Éditorial pagne ivoirien	-	-	-	ARCHIVER (regroupee)	published	0
/whatsappmessage	Message WhatsApp	-	-	-	ARCHIVER (regroupee)	archived	0
/whatsappoffer	Offre lisible sur mobile	-	-	-	ARCHIVER (hors_selection)	published	0
/whatsappsales	Vente WhatsApp	-	-	-	ARCHIVER (regroupee)	archived	0
/whitebackground	Fond blanc e-commerce	-	-	-	ARCHIVER (hors_selection)	archived	0
/widecontext	Grand-angle contextuel	-	-	-	ARCHIVER (hors_selection)	published	0
/windowlightportrait	Lumière de fenêtre	-	-	-	ARCHIVER (hors_selection)	published	0
/windowseasons	L'été derrière la vitre	-	-	-	ARCHIVER (hors_selection)	published	0
/windowseasons	Le désert au bureau	-	-	-	ARCHIVER (hors_selection)	published	0
/windowseasons	La nuit tropicale	-	-	-	ARCHIVER (hors_selection)	published	0
/wireframe	Vue filaire - Maillage technique	-	-	-	ARCHIVER (regroupee)	published	0
/wireframe	Vue filaire - Filaire sur photo	-	-	-	ARCHIVER (regroupee)	published	0
/wolofelegance	Élégance wolof	-	-	-	ARCHIVER (hors_selection)	published	0
/woodfinish	Finition bois	-	-	-	ARCHIVER (hors_selection)	published	0
/wordarchitecture	Le mot découpé	-	-	-	ARCHIVER (hors_selection)	published	0
/wordarchitecture	Le mot escalier	-	-	-	ARCHIVER (hors_selection)	published	0
/wordarchitecture	Le mot gonflable	-	-	-	ARCHIVER (hors_selection)	published	0
/workflow	Concevoir un processus - Processus validable	-	-	-	ARCHIVER (regroupee)	published	0
/workflow	Concevoir un processus - Matrice RACI	-	-	-	ARCHIVER (regroupee)	published	0
/workflowmap	Map workflow	-	-	-	ARCHIVER (regroupee)	archived	0
/workingcapital	Analyser le besoin en fonds de roulement	-	-	-	ARCHIVER (regroupee)	archived	0
/workshopscene	Scène d’atelier	-	-	-	ARCHIVER (hors_selection)	published	0
/worldcapitalportrait	Portrait dans une capitale	-	-	-	ARCHIVER (hors_selection)	published	0
/wormeyeproduct	Vue au ras du sol	-	-	-	ARCHIVER (hors_selection)	published	0
/xray	Vue rayons X créative - Rayons X colorés	-	-	-	ARCHIVER (regroupee)	published	0
/xray	Vue rayons X créative - Radiographie éditoriale	-	-	-	ARCHIVER (regroupee)	published	0
/xray	Vue rayons X créative - Produit transparent	-	-	-	ARCHIVER (regroupee)	published	0
/y2kportrait	Portrait Y2K - Compact numérique	-	-	-	ARCHIVER (hors_selection)	published	0
/y2kportrait	Portrait Y2K - Cyber café	-	-	-	ARCHIVER (hors_selection)	published	0
/y2kportrait	Portrait années 2000	-	-	-	ARCHIVER (hors_selection)	published	0
/y2kportrait	Portrait Y2K - Magazine chrome	-	-	-	ARCHIVER (hors_selection)	published	0
/yearbookportrait	Photo d’album scolaire	-	-	-	ARCHIVER (hors_selection)	published	0
/yearreview	Bilan annuel visuel - Affiche accomplissements	-	-	-	ARCHIVER (hors_selection)	published	0
/yearreview	Bilan annuel visuel - Mosaïque souvenirs	-	-	-	ARCHIVER (hors_selection)	published	0
/yorubaceremony	Cérémonie yoruba	-	-	-	ARCHIVER (hors_selection)	published	0
/youtubescript	Script YouTube	-	-	-	ARCHIVER (regroupee)	archived	0
/zodiacwarrior	Guerrier du zodiaque	-	-	-	ARCHIVER (hors_selection)	published	0
/zootopiaselfie	Selfie avec une ville animalière — Rue vivante	-	-	-	ARCHIVER (hors_selection)	published	0
/zootopiaselfie	Selfie avec une ville animalière — Duo d’enquête	-	-	-	ARCHIVER (hors_selection)	published	0
